ISO-10303-21;
HEADER;
/* Generated by software containing ST-Developer
 * from STEP Tools, Inc. (www.steptools.com) 
 */

FILE_DESCRIPTION(
/* description */ (''),
/* implementation_level */ '2;1');

FILE_NAME(
/* name */ 'CYD_FlowCtrl_Lid.step',
/* time_stamp */ '2026-09-15T19:40:41-05:00',
/* author */ (''),
/* organization */ (''),
/* preprocessor_version */ 'ST-DEVELOPER v20.2',
/* originating_system */ 'Autodesk Translation Framework v15.15.0.0',
/* authorisation */ '');

FILE_SCHEMA (('AUTOMOTIVE_DESIGN { 1 0 10303 214 3 1 1 }'));
ENDSEC;

DATA;
#10=MECHANICAL_DESIGN_GEOMETRIC_PRESENTATION_REPRESENTATION('',(#13),#3666);
#11=SHAPE_REPRESENTATION_RELATIONSHIP('SRR','None',#3673,#12);
#12=ADVANCED_BREP_SHAPE_REPRESENTATION('',(#14),#3665);
#13=STYLED_ITEM('',(#3682),#14);
#14=MANIFOLD_SOLID_BREP('Lid',#2126);
#15=FACE_BOUND('',#339,.T.);
#16=FACE_BOUND('',#345,.T.);
#17=FACE_BOUND('',#351,.T.);
#18=FACE_BOUND('',#357,.T.);
#19=FACE_BOUND('',#368,.T.);
#20=FACE_BOUND('',#369,.T.);
#21=FACE_BOUND('',#393,.T.);
#22=FACE_BOUND('',#394,.T.);
#23=FACE_BOUND('',#395,.T.);
#24=FACE_BOUND('',#396,.T.);
#25=FACE_BOUND('',#397,.T.);
#26=FACE_BOUND('',#398,.T.);
#27=FACE_BOUND('',#405,.T.);
#28=CYLINDRICAL_SURFACE('',#2157,0.140000000567158);
#29=CYLINDRICAL_SURFACE('',#2160,0.140000000567158);
#30=CYLINDRICAL_SURFACE('',#2165,0.18);
#31=CYLINDRICAL_SURFACE('',#2168,0.18);
#32=CYLINDRICAL_SURFACE('',#2172,0.149999999999999);
#33=CYLINDRICAL_SURFACE('',#2179,0.149999999999999);
#34=CYLINDRICAL_SURFACE('',#2196,0.18);
#35=CYLINDRICAL_SURFACE('',#2198,0.18);
#36=CYLINDRICAL_SURFACE('',#2202,0.149999999999999);
#37=CYLINDRICAL_SURFACE('',#2205,0.149999999999999);
#38=CYLINDRICAL_SURFACE('',#2218,0.48);
#39=CYLINDRICAL_SURFACE('',#2221,0.48);
#40=CYLINDRICAL_SURFACE('',#2223,0.385000000000001);
#41=CYLINDRICAL_SURFACE('',#2224,0.385);
#42=CYLINDRICAL_SURFACE('',#2226,0.2);
#43=CYLINDRICAL_SURFACE('',#2230,0.2);
#44=CYLINDRICAL_SURFACE('',#2234,0.2);
#45=CYLINDRICAL_SURFACE('',#2238,0.2);
#46=CYLINDRICAL_SURFACE('',#2242,0.31);
#47=CYLINDRICAL_SURFACE('',#2252,0.31);
#48=CYLINDRICAL_SURFACE('',#2256,0.31);
#49=CYLINDRICAL_SURFACE('',#2266,0.31);
#50=CYLINDRICAL_SURFACE('',#2304,0.1);
#51=CYLINDRICAL_SURFACE('',#2307,0.1);
#52=CYLINDRICAL_SURFACE('',#2309,0.1);
#53=CYLINDRICAL_SURFACE('',#2312,0.1);
#54=CYLINDRICAL_SURFACE('',#2315,0.28);
#55=CYLINDRICAL_SURFACE('',#2317,0.28);
#56=CYLINDRICAL_SURFACE('',#2320,0.28);
#57=CYLINDRICAL_SURFACE('',#2322,0.28);
#58=CYLINDRICAL_SURFACE('',#2327,0.385000000000001);
#59=CYLINDRICAL_SURFACE('',#2329,0.385);
#60=CYLINDRICAL_SURFACE('',#2331,0.32);
#61=CYLINDRICAL_SURFACE('',#2335,0.16);
#62=CYLINDRICAL_SURFACE('',#2337,0.48);
#63=CYLINDRICAL_SURFACE('',#2338,0.48);
#64=B_SPLINE_CURVE_WITH_KNOTS('',3,(#3066,#3067,#3068,#3069,#3070,#3071,
#3072,#3073,#3074,#3075,#3076,#3077,#3078,#3079,#3080,#3081,#3082,#3083,
#3084),.UNSPECIFIED.,.F.,.F.,(4,3,3,3,3,3,4),(0.,0.0569812114774805,0.113962422954961,
0.227924845909922,0.341887268864883,0.356132571734253,0.398868480342363),
 .UNSPECIFIED.);
#65=B_SPLINE_CURVE_WITH_KNOTS('',3,(#3119,#3120,#3121,#3122,#3123,#3124,
#3125,#3126,#3127,#3128,#3129,#3130,#3131),.UNSPECIFIED.,.F.,.F.,(4,3,3,
3,4),(0.,0.17104749987676,0.342094999753519,0.427618749691899,0.598666249568658),
 .UNSPECIFIED.);
#66=B_SPLINE_SURFACE_WITH_KNOTS('',3,3,((#3029,#3030,#3031,#3032),(#3033,
#3034,#3035,#3036),(#3037,#3038,#3039,#3040),(#3041,#3042,#3043,#3044),
(#3045,#3046,#3047,#3048),(#3049,#3050,#3051,#3052),(#3053,#3054,#3055,
#3056),(#3057,#3058,#3059,#3060),(#3061,#3062,#3063,#3064)),
 .UNSPECIFIED.,.F.,.F.,.F.,(4,1,1,1,1,1,4),(4,4),(0.,0.142857142857143,
0.285714285714286,0.571428571428571,0.857142857142857,0.892857142857143,
1.),(0.,0.800000000000006),.UNSPECIFIED.);
#67=B_SPLINE_SURFACE_WITH_KNOTS('',3,3,((#3090,#3091,#3092,#3093),(#3094,
#3095,#3096,#3097),(#3098,#3099,#3100,#3101),(#3102,#3103,#3104,#3105),
(#3106,#3107,#3108,#3109),(#3110,#3111,#3112,#3113),(#3114,#3115,#3116,
#3117)),.UNSPECIFIED.,.F.,.F.,.F.,(4,1,1,1,4),(4,4),(0.,0.285714285714286,
0.571428571428571,0.714285714285714,1.),(0.,0.800000000000008),
 .UNSPECIFIED.);
#68=CIRCLE('',#2142,0.140000000567158);
#69=CIRCLE('',#2143,0.170000000567158);
#70=CIRCLE('',#2146,0.140000000567158);
#71=CIRCLE('',#2147,0.170000000567158);
#72=CIRCLE('',#2150,0.260000001053293);
#73=CIRCLE('',#2151,0.260000001053293);
#74=CIRCLE('',#2158,0.140000000567158);
#75=CIRCLE('',#2161,0.140000000567158);
#76=CIRCLE('',#2166,0.18);
#77=CIRCLE('',#2167,0.18);
#78=CIRCLE('',#2169,0.18);
#79=CIRCLE('',#2170,0.18);
#80=CIRCLE('',#2173,0.149999999999999);
#81=CIRCLE('',#2174,0.149999999999999);
#82=CIRCLE('',#2180,0.149999999999999);
#83=CIRCLE('',#2181,0.149999999999999);
#84=CIRCLE('',#2184,0.385);
#85=CIRCLE('',#2185,0.385000000000001);
#86=CIRCLE('',#2186,0.385);
#87=CIRCLE('',#2187,0.385000000000001);
#88=CIRCLE('',#2188,0.28);
#89=CIRCLE('',#2189,0.28);
#90=CIRCLE('',#2190,0.28);
#91=CIRCLE('',#2191,0.28);
#92=CIRCLE('',#2193,0.18);
#93=CIRCLE('',#2194,0.149999999999999);
#94=CIRCLE('',#2197,0.18);
#95=CIRCLE('',#2199,0.18);
#96=CIRCLE('',#2200,0.18);
#97=CIRCLE('',#2203,0.149999999999999);
#98=CIRCLE('',#2204,0.149999999999999);
#99=CIRCLE('',#2206,0.149999999999999);
#100=CIRCLE('',#2209,0.385000000000001);
#101=CIRCLE('',#2210,0.385);
#102=CIRCLE('',#2211,0.385000000000001);
#103=CIRCLE('',#2212,0.385);
#104=CIRCLE('',#2213,0.48);
#105=CIRCLE('',#2214,0.48);
#106=CIRCLE('',#2215,0.48);
#107=CIRCLE('',#2216,0.48);
#108=CIRCLE('',#2219,0.48);
#109=CIRCLE('',#2222,0.48);
#110=CIRCLE('',#2227,0.2);
#111=CIRCLE('',#2228,0.2);
#112=CIRCLE('',#2231,0.2);
#113=CIRCLE('',#2232,0.2);
#114=CIRCLE('',#2235,0.2);
#115=CIRCLE('',#2236,0.2);
#116=CIRCLE('',#2239,0.2);
#117=CIRCLE('',#2240,0.2);
#118=CIRCLE('',#2243,0.31);
#119=CIRCLE('',#2244,0.31);
#120=CIRCLE('',#2253,0.31);
#121=CIRCLE('',#2254,0.31);
#122=CIRCLE('',#2257,0.31);
#123=CIRCLE('',#2258,0.31);
#124=CIRCLE('',#2267,0.31);
#125=CIRCLE('',#2268,0.31);
#126=CIRCLE('',#2271,0.4);
#127=CIRCLE('',#2274,0.48);
#128=CIRCLE('',#2275,0.4);
#129=CIRCLE('',#2278,0.48);
#130=CIRCLE('',#2279,0.4);
#131=CIRCLE('',#2282,0.4);
#132=CIRCLE('',#2286,0.2);
#133=CIRCLE('',#2287,0.2);
#134=CIRCLE('',#2288,0.2);
#135=CIRCLE('',#2289,0.2);
#136=CIRCLE('',#2290,0.16);
#137=CIRCLE('',#2292,0.1);
#138=CIRCLE('',#2295,0.1);
#139=CIRCLE('',#2298,0.1);
#140=CIRCLE('',#2301,0.1);
#141=CIRCLE('',#2305,0.1);
#142=CIRCLE('',#2308,0.1);
#143=CIRCLE('',#2310,0.1);
#144=CIRCLE('',#2313,0.1);
#145=CIRCLE('',#2316,0.28);
#146=CIRCLE('',#2318,0.28);
#147=CIRCLE('',#2321,0.28);
#148=CIRCLE('',#2323,0.28);
#149=CIRCLE('',#2326,0.32);
#150=CIRCLE('',#2332,0.32);
#151=CIRCLE('',#2334,0.16);
#152=CONICAL_SURFACE('',#2141,0.155000000567158,0.785398163397444);
#153=CONICAL_SURFACE('',#2145,0.155000000567158,0.785398163397444);
#154=CONICAL_SURFACE('',#2270,0.44,0.785398163397448);
#155=CONICAL_SURFACE('',#2273,0.44,0.785398163397448);
#156=CONICAL_SURFACE('',#2277,0.44,0.785398163397448);
#157=CONICAL_SURFACE('',#2281,0.44,0.785398163397448);
#158=CONICAL_SURFACE('',#2291,0.15,0.785398163397447);
#159=CONICAL_SURFACE('',#2294,0.15,0.785398163397447);
#160=CONICAL_SURFACE('',#2297,0.15,0.785398163397447);
#161=CONICAL_SURFACE('',#2300,0.15,0.785398163397447);
#162=FACE_OUTER_BOUND('',#280,.T.);
#163=FACE_OUTER_BOUND('',#281,.T.);
#164=FACE_OUTER_BOUND('',#282,.T.);
#165=FACE_OUTER_BOUND('',#283,.T.);
#166=FACE_OUTER_BOUND('',#284,.T.);
#167=FACE_OUTER_BOUND('',#285,.T.);
#168=FACE_OUTER_BOUND('',#286,.T.);
#169=FACE_OUTER_BOUND('',#287,.T.);
#170=FACE_OUTER_BOUND('',#288,.T.);
#171=FACE_OUTER_BOUND('',#289,.T.);
#172=FACE_OUTER_BOUND('',#290,.T.);
#173=FACE_OUTER_BOUND('',#291,.T.);
#174=FACE_OUTER_BOUND('',#292,.T.);
#175=FACE_OUTER_BOUND('',#293,.T.);
#176=FACE_OUTER_BOUND('',#294,.T.);
#177=FACE_OUTER_BOUND('',#295,.T.);
#178=FACE_OUTER_BOUND('',#296,.T.);
#179=FACE_OUTER_BOUND('',#297,.T.);
#180=FACE_OUTER_BOUND('',#298,.T.);
#181=FACE_OUTER_BOUND('',#299,.T.);
#182=FACE_OUTER_BOUND('',#300,.T.);
#183=FACE_OUTER_BOUND('',#301,.T.);
#184=FACE_OUTER_BOUND('',#302,.T.);
#185=FACE_OUTER_BOUND('',#303,.T.);
#186=FACE_OUTER_BOUND('',#304,.T.);
#187=FACE_OUTER_BOUND('',#305,.T.);
#188=FACE_OUTER_BOUND('',#306,.T.);
#189=FACE_OUTER_BOUND('',#307,.T.);
#190=FACE_OUTER_BOUND('',#308,.T.);
#191=FACE_OUTER_BOUND('',#309,.T.);
#192=FACE_OUTER_BOUND('',#310,.T.);
#193=FACE_OUTER_BOUND('',#311,.T.);
#194=FACE_OUTER_BOUND('',#312,.T.);
#195=FACE_OUTER_BOUND('',#313,.T.);
#196=FACE_OUTER_BOUND('',#314,.T.);
#197=FACE_OUTER_BOUND('',#315,.T.);
#198=FACE_OUTER_BOUND('',#316,.T.);
#199=FACE_OUTER_BOUND('',#317,.T.);
#200=FACE_OUTER_BOUND('',#318,.T.);
#201=FACE_OUTER_BOUND('',#319,.T.);
#202=FACE_OUTER_BOUND('',#320,.T.);
#203=FACE_OUTER_BOUND('',#321,.T.);
#204=FACE_OUTER_BOUND('',#322,.T.);
#205=FACE_OUTER_BOUND('',#323,.T.);
#206=FACE_OUTER_BOUND('',#324,.T.);
#207=FACE_OUTER_BOUND('',#325,.T.);
#208=FACE_OUTER_BOUND('',#326,.T.);
#209=FACE_OUTER_BOUND('',#327,.T.);
#210=FACE_OUTER_BOUND('',#328,.T.);
#211=FACE_OUTER_BOUND('',#329,.T.);
#212=FACE_OUTER_BOUND('',#330,.T.);
#213=FACE_OUTER_BOUND('',#331,.T.);
#214=FACE_OUTER_BOUND('',#332,.T.);
#215=FACE_OUTER_BOUND('',#333,.T.);
#216=FACE_OUTER_BOUND('',#334,.T.);
#217=FACE_OUTER_BOUND('',#335,.T.);
#218=FACE_OUTER_BOUND('',#336,.T.);
#219=FACE_OUTER_BOUND('',#337,.T.);
#220=FACE_OUTER_BOUND('',#338,.T.);
#221=FACE_OUTER_BOUND('',#340,.T.);
#222=FACE_OUTER_BOUND('',#341,.T.);
#223=FACE_OUTER_BOUND('',#342,.T.);
#224=FACE_OUTER_BOUND('',#343,.T.);
#225=FACE_OUTER_BOUND('',#344,.T.);
#226=FACE_OUTER_BOUND('',#346,.T.);
#227=FACE_OUTER_BOUND('',#347,.T.);
#228=FACE_OUTER_BOUND('',#348,.T.);
#229=FACE_OUTER_BOUND('',#349,.T.);
#230=FACE_OUTER_BOUND('',#350,.T.);
#231=FACE_OUTER_BOUND('',#352,.T.);
#232=FACE_OUTER_BOUND('',#353,.T.);
#233=FACE_OUTER_BOUND('',#354,.T.);
#234=FACE_OUTER_BOUND('',#355,.T.);
#235=FACE_OUTER_BOUND('',#356,.T.);
#236=FACE_OUTER_BOUND('',#358,.T.);
#237=FACE_OUTER_BOUND('',#359,.T.);
#238=FACE_OUTER_BOUND('',#360,.T.);
#239=FACE_OUTER_BOUND('',#361,.T.);
#240=FACE_OUTER_BOUND('',#362,.T.);
#241=FACE_OUTER_BOUND('',#363,.T.);
#242=FACE_OUTER_BOUND('',#364,.T.);
#243=FACE_OUTER_BOUND('',#365,.T.);
#244=FACE_OUTER_BOUND('',#366,.T.);
#245=FACE_OUTER_BOUND('',#367,.T.);
#246=FACE_OUTER_BOUND('',#370,.T.);
#247=FACE_OUTER_BOUND('',#371,.T.);
#248=FACE_OUTER_BOUND('',#372,.T.);
#249=FACE_OUTER_BOUND('',#373,.T.);
#250=FACE_OUTER_BOUND('',#374,.T.);
#251=FACE_OUTER_BOUND('',#375,.T.);
#252=FACE_OUTER_BOUND('',#376,.T.);
#253=FACE_OUTER_BOUND('',#377,.T.);
#254=FACE_OUTER_BOUND('',#378,.T.);
#255=FACE_OUTER_BOUND('',#379,.T.);
#256=FACE_OUTER_BOUND('',#380,.T.);
#257=FACE_OUTER_BOUND('',#381,.T.);
#258=FACE_OUTER_BOUND('',#382,.T.);
#259=FACE_OUTER_BOUND('',#383,.T.);
#260=FACE_OUTER_BOUND('',#384,.T.);
#261=FACE_OUTER_BOUND('',#385,.T.);
#262=FACE_OUTER_BOUND('',#386,.T.);
#263=FACE_OUTER_BOUND('',#387,.T.);
#264=FACE_OUTER_BOUND('',#388,.T.);
#265=FACE_OUTER_BOUND('',#389,.T.);
#266=FACE_OUTER_BOUND('',#390,.T.);
#267=FACE_OUTER_BOUND('',#391,.T.);
#268=FACE_OUTER_BOUND('',#392,.T.);
#269=FACE_OUTER_BOUND('',#399,.T.);
#270=FACE_OUTER_BOUND('',#400,.T.);
#271=FACE_OUTER_BOUND('',#401,.T.);
#272=FACE_OUTER_BOUND('',#402,.T.);
#273=FACE_OUTER_BOUND('',#403,.T.);
#274=FACE_OUTER_BOUND('',#404,.T.);
#275=FACE_OUTER_BOUND('',#406,.T.);
#276=FACE_OUTER_BOUND('',#407,.T.);
#277=FACE_OUTER_BOUND('',#408,.T.);
#278=FACE_OUTER_BOUND('',#409,.T.);
#279=FACE_OUTER_BOUND('',#410,.T.);
#280=EDGE_LOOP('',(#1336,#1337,#1338,#1339));
#281=EDGE_LOOP('',(#1340,#1341,#1342,#1343));
#282=EDGE_LOOP('',(#1344,#1345,#1346,#1347));
#283=EDGE_LOOP('',(#1348,#1349,#1350,#1351));
#284=EDGE_LOOP('',(#1352,#1353,#1354,#1355));
#285=EDGE_LOOP('',(#1356,#1357,#1358,#1359,#1360,#1361,#1362,#1363,#1364,
#1365,#1366,#1367));
#286=EDGE_LOOP('',(#1368,#1369,#1370,#1371,#1372,#1373,#1374,#1375,#1376));
#287=EDGE_LOOP('',(#1377,#1378,#1379,#1380));
#288=EDGE_LOOP('',(#1381,#1382,#1383,#1384));
#289=EDGE_LOOP('',(#1385,#1386,#1387,#1388));
#290=EDGE_LOOP('',(#1389,#1390,#1391,#1392));
#291=EDGE_LOOP('',(#1393,#1394,#1395,#1396));
#292=EDGE_LOOP('',(#1397,#1398,#1399,#1400));
#293=EDGE_LOOP('',(#1401,#1402,#1403,#1404));
#294=EDGE_LOOP('',(#1405,#1406,#1407,#1408));
#295=EDGE_LOOP('',(#1409,#1410,#1411,#1412));
#296=EDGE_LOOP('',(#1413,#1414,#1415,#1416));
#297=EDGE_LOOP('',(#1417,#1418,#1419,#1420,#1421,#1422,#1423,#1424,#1425));
#298=EDGE_LOOP('',(#1426,#1427,#1428,#1429));
#299=EDGE_LOOP('',(#1430,#1431,#1432,#1433));
#300=EDGE_LOOP('',(#1434,#1435,#1436,#1437));
#301=EDGE_LOOP('',(#1438,#1439,#1440,#1441));
#302=EDGE_LOOP('',(#1442,#1443,#1444,#1445));
#303=EDGE_LOOP('',(#1446,#1447,#1448,#1449));
#304=EDGE_LOOP('',(#1450,#1451,#1452,#1453));
#305=EDGE_LOOP('',(#1454,#1455,#1456,#1457));
#306=EDGE_LOOP('',(#1458,#1459,#1460,#1461));
#307=EDGE_LOOP('',(#1462,#1463,#1464,#1465));
#308=EDGE_LOOP('',(#1466,#1467,#1468,#1469,#1470,#1471,#1472,#1473,#1474,
#1475,#1476,#1477,#1478,#1479,#1480,#1481,#1482,#1483,#1484,#1485,#1486,
#1487));
#309=EDGE_LOOP('',(#1488,#1489,#1490,#1491,#1492,#1493,#1494,#1495,#1496,
#1497,#1498,#1499,#1500,#1501,#1502,#1503,#1504,#1505,#1506,#1507));
#310=EDGE_LOOP('',(#1508,#1509,#1510,#1511,#1512,#1513,#1514,#1515,#1516,
#1517,#1518,#1519));
#311=EDGE_LOOP('',(#1520,#1521,#1522,#1523));
#312=EDGE_LOOP('',(#1524,#1525,#1526,#1527));
#313=EDGE_LOOP('',(#1528,#1529,#1530,#1531));
#314=EDGE_LOOP('',(#1532,#1533,#1534,#1535));
#315=EDGE_LOOP('',(#1536,#1537,#1538,#1539));
#316=EDGE_LOOP('',(#1540,#1541,#1542,#1543));
#317=EDGE_LOOP('',(#1544,#1545,#1546,#1547,#1548,#1549,#1550,#1551,#1552,
#1553,#1554,#1555));
#318=EDGE_LOOP('',(#1556,#1557,#1558,#1559,#1560,#1561,#1562,#1563,#1564,
#1565,#1566,#1567,#1568,#1569,#1570,#1571,#1572,#1573,#1574,#1575));
#319=EDGE_LOOP('',(#1576,#1577,#1578,#1579));
#320=EDGE_LOOP('',(#1580,#1581,#1582,#1583));
#321=EDGE_LOOP('',(#1584,#1585,#1586,#1587,#1588,#1589,#1590,#1591,#1592,
#1593,#1594,#1595,#1596,#1597,#1598,#1599,#1600,#1601));
#322=EDGE_LOOP('',(#1602,#1603,#1604,#1605));
#323=EDGE_LOOP('',(#1606,#1607,#1608,#1609));
#324=EDGE_LOOP('',(#1610,#1611,#1612,#1613));
#325=EDGE_LOOP('',(#1614,#1615,#1616,#1617));
#326=EDGE_LOOP('',(#1618,#1619,#1620,#1621));
#327=EDGE_LOOP('',(#1622));
#328=EDGE_LOOP('',(#1623,#1624,#1625,#1626));
#329=EDGE_LOOP('',(#1627));
#330=EDGE_LOOP('',(#1628,#1629,#1630,#1631));
#331=EDGE_LOOP('',(#1632));
#332=EDGE_LOOP('',(#1633,#1634,#1635,#1636));
#333=EDGE_LOOP('',(#1637));
#334=EDGE_LOOP('',(#1638,#1639,#1640,#1641));
#335=EDGE_LOOP('',(#1642,#1643,#1644,#1645));
#336=EDGE_LOOP('',(#1646,#1647,#1648,#1649));
#337=EDGE_LOOP('',(#1650,#1651,#1652,#1653));
#338=EDGE_LOOP('',(#1654,#1655,#1656,#1657));
#339=EDGE_LOOP('',(#1658));
#340=EDGE_LOOP('',(#1659,#1660,#1661,#1662));
#341=EDGE_LOOP('',(#1663,#1664,#1665,#1666));
#342=EDGE_LOOP('',(#1667,#1668,#1669,#1670));
#343=EDGE_LOOP('',(#1671,#1672,#1673,#1674));
#344=EDGE_LOOP('',(#1675,#1676,#1677,#1678));
#345=EDGE_LOOP('',(#1679));
#346=EDGE_LOOP('',(#1680,#1681,#1682,#1683));
#347=EDGE_LOOP('',(#1684,#1685,#1686,#1687));
#348=EDGE_LOOP('',(#1688,#1689,#1690,#1691));
#349=EDGE_LOOP('',(#1692,#1693,#1694,#1695));
#350=EDGE_LOOP('',(#1696,#1697,#1698,#1699));
#351=EDGE_LOOP('',(#1700));
#352=EDGE_LOOP('',(#1701,#1702,#1703,#1704));
#353=EDGE_LOOP('',(#1705,#1706,#1707,#1708));
#354=EDGE_LOOP('',(#1709,#1710,#1711,#1712));
#355=EDGE_LOOP('',(#1713,#1714,#1715,#1716));
#356=EDGE_LOOP('',(#1717,#1718,#1719,#1720));
#357=EDGE_LOOP('',(#1721));
#358=EDGE_LOOP('',(#1722,#1723,#1724,#1725));
#359=EDGE_LOOP('',(#1726,#1727,#1728,#1729));
#360=EDGE_LOOP('',(#1730,#1731,#1732,#1733));
#361=EDGE_LOOP('',(#1734,#1735,#1736,#1737));
#362=EDGE_LOOP('',(#1738,#1739,#1740,#1741));
#363=EDGE_LOOP('',(#1742,#1743,#1744,#1745));
#364=EDGE_LOOP('',(#1746,#1747,#1748,#1749));
#365=EDGE_LOOP('',(#1750,#1751,#1752,#1753));
#366=EDGE_LOOP('',(#1754,#1755,#1756,#1757));
#367=EDGE_LOOP('',(#1758,#1759,#1760,#1761,#1762,#1763,#1764,#1765));
#368=EDGE_LOOP('',(#1766,#1767,#1768,#1769,#1770,#1771,#1772,#1773));
#369=EDGE_LOOP('',(#1774));
#370=EDGE_LOOP('',(#1775,#1776,#1777,#1778));
#371=EDGE_LOOP('',(#1779,#1780,#1781,#1782));
#372=EDGE_LOOP('',(#1783,#1784,#1785,#1786));
#373=EDGE_LOOP('',(#1787,#1788,#1789,#1790));
#374=EDGE_LOOP('',(#1791,#1792,#1793,#1794));
#375=EDGE_LOOP('',(#1795,#1796,#1797,#1798));
#376=EDGE_LOOP('',(#1799,#1800,#1801,#1802));
#377=EDGE_LOOP('',(#1803,#1804,#1805,#1806));
#378=EDGE_LOOP('',(#1807,#1808,#1809,#1810));
#379=EDGE_LOOP('',(#1811,#1812,#1813,#1814));
#380=EDGE_LOOP('',(#1815,#1816,#1817,#1818));
#381=EDGE_LOOP('',(#1819,#1820,#1821,#1822));
#382=EDGE_LOOP('',(#1823,#1824,#1825,#1826));
#383=EDGE_LOOP('',(#1827,#1828,#1829,#1830));
#384=EDGE_LOOP('',(#1831,#1832,#1833,#1834));
#385=EDGE_LOOP('',(#1835,#1836,#1837,#1838));
#386=EDGE_LOOP('',(#1839,#1840,#1841,#1842));
#387=EDGE_LOOP('',(#1843,#1844,#1845,#1846));
#388=EDGE_LOOP('',(#1847,#1848,#1849,#1850));
#389=EDGE_LOOP('',(#1851,#1852,#1853,#1854));
#390=EDGE_LOOP('',(#1855,#1856,#1857,#1858));
#391=EDGE_LOOP('',(#1859,#1860,#1861,#1862));
#392=EDGE_LOOP('',(#1863,#1864,#1865,#1866,#1867,#1868,#1869,#1870));
#393=EDGE_LOOP('',(#1871,#1872,#1873,#1874));
#394=EDGE_LOOP('',(#1875,#1876,#1877,#1878));
#395=EDGE_LOOP('',(#1879,#1880,#1881,#1882));
#396=EDGE_LOOP('',(#1883,#1884,#1885,#1886));
#397=EDGE_LOOP('',(#1887,#1888,#1889,#1890,#1891,#1892,#1893,#1894));
#398=EDGE_LOOP('',(#1895));
#399=EDGE_LOOP('',(#1896,#1897,#1898,#1899));
#400=EDGE_LOOP('',(#1900,#1901,#1902,#1903));
#401=EDGE_LOOP('',(#1904,#1905,#1906,#1907));
#402=EDGE_LOOP('',(#1908,#1909,#1910,#1911));
#403=EDGE_LOOP('',(#1912,#1913,#1914,#1915));
#404=EDGE_LOOP('',(#1916));
#405=EDGE_LOOP('',(#1917));
#406=EDGE_LOOP('',(#1918,#1919,#1920,#1921));
#407=EDGE_LOOP('',(#1922,#1923,#1924,#1925));
#408=EDGE_LOOP('',(#1926,#1927,#1928,#1929));
#409=EDGE_LOOP('',(#1930,#1931,#1932,#1933));
#410=EDGE_LOOP('',(#1934,#1935,#1936,#1937));
#411=LINE('',#2961,#626);
#412=LINE('',#2963,#627);
#413=LINE('',#2965,#628);
#414=LINE('',#2966,#629);
#415=LINE('',#2970,#630);
#416=LINE('',#2976,#631);
#417=LINE('',#2977,#632);
#418=LINE('',#2978,#633);
#419=LINE('',#2982,#634);
#420=LINE('',#2988,#635);
#421=LINE('',#2989,#636);
#422=LINE('',#2990,#637);
#423=LINE('',#2993,#638);
#424=LINE('',#2995,#639);
#425=LINE('',#2999,#640);
#426=LINE('',#3003,#641);
#427=LINE('',#3004,#642);
#428=LINE('',#3007,#643);
#429=LINE('',#3009,#644);
#430=LINE('',#3011,#645);
#431=LINE('',#3013,#646);
#432=LINE('',#3015,#647);
#433=LINE('',#3017,#648);
#434=LINE('',#3018,#649);
#435=LINE('',#3021,#650);
#436=LINE('',#3022,#651);
#437=LINE('',#3025,#652);
#438=LINE('',#3027,#653);
#439=LINE('',#3028,#654);
#440=LINE('',#3085,#655);
#441=LINE('',#3088,#656);
#442=LINE('',#3089,#657);
#443=LINE('',#3132,#658);
#444=LINE('',#3134,#659);
#445=LINE('',#3137,#660);
#446=LINE('',#3141,#661);
#447=LINE('',#3142,#662);
#448=LINE('',#3145,#663);
#449=LINE('',#3149,#664);
#450=LINE('',#3150,#665);
#451=LINE('',#3153,#666);
#452=LINE('',#3155,#667);
#453=LINE('',#3157,#668);
#454=LINE('',#3159,#669);
#455=LINE('',#3160,#670);
#456=LINE('',#3164,#671);
#457=LINE('',#3166,#672);
#458=LINE('',#3168,#673);
#459=LINE('',#3169,#674);
#460=LINE('',#3174,#675);
#461=LINE('',#3179,#676);
#462=LINE('',#3183,#677);
#463=LINE('',#3187,#678);
#464=LINE('',#3189,#679);
#465=LINE('',#3190,#680);
#466=LINE('',#3195,#681);
#467=LINE('',#3199,#682);
#468=LINE('',#3201,#683);
#469=LINE('',#3202,#684);
#470=LINE('',#3204,#685);
#471=LINE('',#3205,#686);
#472=LINE('',#3208,#687);
#473=LINE('',#3210,#688);
#474=LINE('',#3211,#689);
#475=LINE('',#3214,#690);
#476=LINE('',#3216,#691);
#477=LINE('',#3217,#692);
#478=LINE('',#3223,#693);
#479=LINE('',#3225,#694);
#480=LINE('',#3227,#695);
#481=LINE('',#3229,#696);
#482=LINE('',#3230,#697);
#483=LINE('',#3233,#698);
#484=LINE('',#3237,#699);
#485=LINE('',#3241,#700);
#486=LINE('',#3245,#701);
#487=LINE('',#3248,#702);
#488=LINE('',#3252,#703);
#489=LINE('',#3256,#704);
#490=LINE('',#3260,#705);
#491=LINE('',#3264,#706);
#492=LINE('',#3266,#707);
#493=LINE('',#3270,#708);
#494=LINE('',#3274,#709);
#495=LINE('',#3276,#710);
#496=LINE('',#3277,#711);
#497=LINE('',#3280,#712);
#498=LINE('',#3285,#713);
#499=LINE('',#3289,#714);
#500=LINE('',#3293,#715);
#501=LINE('',#3295,#716);
#502=LINE('',#3296,#717);
#503=LINE('',#3304,#718);
#504=LINE('',#3305,#719);
#505=LINE('',#3310,#720);
#506=LINE('',#3314,#721);
#507=LINE('',#3318,#722);
#508=LINE('',#3321,#723);
#509=LINE('',#3325,#724);
#510=LINE('',#3329,#725);
#511=LINE('',#3333,#726);
#512=LINE('',#3336,#727);
#513=LINE('',#3339,#728);
#514=LINE('',#3341,#729);
#515=LINE('',#3342,#730);
#516=LINE('',#3345,#731);
#517=LINE('',#3349,#732);
#518=LINE('',#3350,#733);
#519=LINE('',#3353,#734);
#520=LINE('',#3356,#735);
#521=LINE('',#3358,#736);
#522=LINE('',#3360,#737);
#523=LINE('',#3365,#738);
#524=LINE('',#3372,#739);
#525=LINE('',#3379,#740);
#526=LINE('',#3386,#741);
#527=LINE('',#3394,#742);
#528=LINE('',#3397,#743);
#529=LINE('',#3400,#744);
#530=LINE('',#3402,#745);
#531=LINE('',#3403,#746);
#532=LINE('',#3406,#747);
#533=LINE('',#3408,#748);
#534=LINE('',#3409,#749);
#535=LINE('',#3411,#750);
#536=LINE('',#3412,#751);
#537=LINE('',#3417,#752);
#538=LINE('',#3419,#753);
#539=LINE('',#3421,#754);
#540=LINE('',#3422,#755);
#541=LINE('',#3425,#756);
#542=LINE('',#3427,#757);
#543=LINE('',#3428,#758);
#544=LINE('',#3431,#759);
#545=LINE('',#3433,#760);
#546=LINE('',#3434,#761);
#547=LINE('',#3444,#762);
#548=LINE('',#3447,#763);
#549=LINE('',#3450,#764);
#550=LINE('',#3452,#765);
#551=LINE('',#3453,#766);
#552=LINE('',#3456,#767);
#553=LINE('',#3458,#768);
#554=LINE('',#3459,#769);
#555=LINE('',#3461,#770);
#556=LINE('',#3462,#771);
#557=LINE('',#3467,#772);
#558=LINE('',#3469,#773);
#559=LINE('',#3471,#774);
#560=LINE('',#3472,#775);
#561=LINE('',#3475,#776);
#562=LINE('',#3477,#777);
#563=LINE('',#3478,#778);
#564=LINE('',#3481,#779);
#565=LINE('',#3483,#780);
#566=LINE('',#3484,#781);
#567=LINE('',#3491,#782);
#568=LINE('',#3493,#783);
#569=LINE('',#3497,#784);
#570=LINE('',#3498,#785);
#571=LINE('',#3502,#786);
#572=LINE('',#3507,#787);
#573=LINE('',#3509,#788);
#574=LINE('',#3510,#789);
#575=LINE('',#3514,#790);
#576=LINE('',#3519,#791);
#577=LINE('',#3520,#792);
#578=LINE('',#3521,#793);
#579=LINE('',#3524,#794);
#580=LINE('',#3527,#795);
#581=LINE('',#3529,#796);
#582=LINE('',#3535,#797);
#583=LINE('',#3539,#798);
#584=LINE('',#3543,#799);
#585=LINE('',#3546,#800);
#586=LINE('',#3551,#801);
#587=LINE('',#3554,#802);
#588=LINE('',#3557,#803);
#589=LINE('',#3558,#804);
#590=LINE('',#3561,#805);
#591=LINE('',#3565,#806);
#592=LINE('',#3566,#807);
#593=LINE('',#3569,#808);
#594=LINE('',#3573,#809);
#595=LINE('',#3574,#810);
#596=LINE('',#3577,#811);
#597=LINE('',#3580,#812);
#598=LINE('',#3583,#813);
#599=LINE('',#3585,#814);
#600=LINE('',#3586,#815);
#601=LINE('',#3589,#816);
#602=LINE('',#3593,#817);
#603=LINE('',#3594,#818);
#604=LINE('',#3597,#819);
#605=LINE('',#3602,#820);
#606=LINE('',#3605,#821);
#607=LINE('',#3606,#822);
#608=LINE('',#3610,#823);
#609=LINE('',#3612,#824);
#610=LINE('',#3616,#825);
#611=LINE('',#3620,#826);
#612=LINE('',#3623,#827);
#613=LINE('',#3624,#828);
#614=LINE('',#3629,#829);
#615=LINE('',#3630,#830);
#616=LINE('',#3634,#831);
#617=LINE('',#3636,#832);
#618=LINE('',#3638,#833);
#619=LINE('',#3642,#834);
#620=LINE('',#3644,#835);
#621=LINE('',#3646,#836);
#622=LINE('',#3650,#837);
#623=LINE('',#3656,#838);
#624=LINE('',#3659,#839);
#625=LINE('',#3661,#840);
#626=VECTOR('',#2344,1.);
#627=VECTOR('',#2345,1.);
#628=VECTOR('',#2346,1.);
#629=VECTOR('',#2347,1.);
#630=VECTOR('',#2350,1.);
#631=VECTOR('',#2357,1.);
#632=VECTOR('',#2358,1.);
#633=VECTOR('',#2359,1.);
#634=VECTOR('',#2362,1.);
#635=VECTOR('',#2369,1.);
#636=VECTOR('',#2370,1.);
#637=VECTOR('',#2371,1.);
#638=VECTOR('',#2374,1.);
#639=VECTOR('',#2375,1.);
#640=VECTOR('',#2378,1.);
#641=VECTOR('',#2381,1.);
#642=VECTOR('',#2382,1.);
#643=VECTOR('',#2385,1.);
#644=VECTOR('',#2386,1.);
#645=VECTOR('',#2387,1.);
#646=VECTOR('',#2388,1.);
#647=VECTOR('',#2389,1.);
#648=VECTOR('',#2390,1.);
#649=VECTOR('',#2391,1.);
#650=VECTOR('',#2394,1.);
#651=VECTOR('',#2395,1.);
#652=VECTOR('',#2398,1.);
#653=VECTOR('',#2399,1.);
#654=VECTOR('',#2400,1.);
#655=VECTOR('',#2401,1.);
#656=VECTOR('',#2404,1.);
#657=VECTOR('',#2405,0.212132034355964);
#658=VECTOR('',#2406,1.);
#659=VECTOR('',#2409,1.);
#660=VECTOR('',#2412,1.);
#661=VECTOR('',#2417,1.);
#662=VECTOR('',#2418,1.);
#663=VECTOR('',#2421,1.);
#664=VECTOR('',#2426,1.);
#665=VECTOR('',#2427,1.);
#666=VECTOR('',#2430,1.);
#667=VECTOR('',#2431,1.);
#668=VECTOR('',#2432,1.);
#669=VECTOR('',#2433,1.);
#670=VECTOR('',#2434,1.);
#671=VECTOR('',#2437,1.);
#672=VECTOR('',#2438,1.);
#673=VECTOR('',#2439,1.);
#674=VECTOR('',#2440,1.);
#675=VECTOR('',#2445,1.);
#676=VECTOR('',#2450,1.);
#677=VECTOR('',#2453,1.);
#678=VECTOR('',#2458,1.);
#679=VECTOR('',#2459,1.);
#680=VECTOR('',#2460,1.);
#681=VECTOR('',#2465,1.);
#682=VECTOR('',#2470,1.);
#683=VECTOR('',#2471,1.);
#684=VECTOR('',#2472,1.);
#685=VECTOR('',#2475,1.);
#686=VECTOR('',#2476,1.);
#687=VECTOR('',#2479,1.);
#688=VECTOR('',#2480,1.);
#689=VECTOR('',#2481,1.);
#690=VECTOR('',#2484,1.);
#691=VECTOR('',#2485,1.);
#692=VECTOR('',#2486,1.);
#693=VECTOR('',#2495,1.);
#694=VECTOR('',#2496,1.);
#695=VECTOR('',#2497,1.);
#696=VECTOR('',#2498,1.);
#697=VECTOR('',#2499,1.);
#698=VECTOR('',#2502,1.);
#699=VECTOR('',#2505,1.);
#700=VECTOR('',#2508,1.);
#701=VECTOR('',#2511,1.);
#702=VECTOR('',#2514,1.);
#703=VECTOR('',#2517,1.);
#704=VECTOR('',#2520,1.);
#705=VECTOR('',#2523,1.);
#706=VECTOR('',#2528,1.);
#707=VECTOR('',#2529,1.);
#708=VECTOR('',#2532,1.);
#709=VECTOR('',#2537,1.);
#710=VECTOR('',#2538,1.);
#711=VECTOR('',#2539,1.);
#712=VECTOR('',#2542,1.);
#713=VECTOR('',#2547,1.);
#714=VECTOR('',#2550,1.);
#715=VECTOR('',#2555,1.);
#716=VECTOR('',#2556,1.);
#717=VECTOR('',#2557,1.);
#718=VECTOR('',#2570,1.);
#719=VECTOR('',#2571,1.);
#720=VECTOR('',#2576,1.);
#721=VECTOR('',#2579,1.);
#722=VECTOR('',#2582,1.);
#723=VECTOR('',#2585,1.);
#724=VECTOR('',#2588,1.);
#725=VECTOR('',#2591,1.);
#726=VECTOR('',#2594,1.);
#727=VECTOR('',#2597,1.);
#728=VECTOR('',#2600,1.);
#729=VECTOR('',#2601,1.);
#730=VECTOR('',#2602,1.);
#731=VECTOR('',#2605,1.);
#732=VECTOR('',#2610,1.);
#733=VECTOR('',#2611,1.);
#734=VECTOR('',#2614,1.);
#735=VECTOR('',#2619,1.);
#736=VECTOR('',#2622,1.);
#737=VECTOR('',#2625,1.);
#738=VECTOR('',#2630,0.2);
#739=VECTOR('',#2639,0.2);
#740=VECTOR('',#2648,0.2);
#741=VECTOR('',#2657,0.2);
#742=VECTOR('',#2666,1.);
#743=VECTOR('',#2669,1.);
#744=VECTOR('',#2672,1.);
#745=VECTOR('',#2673,1.);
#746=VECTOR('',#2674,1.);
#747=VECTOR('',#2677,1.);
#748=VECTOR('',#2678,1.);
#749=VECTOR('',#2679,1.);
#750=VECTOR('',#2682,1.);
#751=VECTOR('',#2683,1.);
#752=VECTOR('',#2688,1.);
#753=VECTOR('',#2689,1.);
#754=VECTOR('',#2690,1.);
#755=VECTOR('',#2691,1.);
#756=VECTOR('',#2694,1.);
#757=VECTOR('',#2695,1.);
#758=VECTOR('',#2696,1.);
#759=VECTOR('',#2699,1.);
#760=VECTOR('',#2700,1.);
#761=VECTOR('',#2701,1.);
#762=VECTOR('',#2714,1.);
#763=VECTOR('',#2717,1.);
#764=VECTOR('',#2720,1.);
#765=VECTOR('',#2721,1.);
#766=VECTOR('',#2722,1.);
#767=VECTOR('',#2725,1.);
#768=VECTOR('',#2726,1.);
#769=VECTOR('',#2727,1.);
#770=VECTOR('',#2730,1.);
#771=VECTOR('',#2731,1.);
#772=VECTOR('',#2736,1.);
#773=VECTOR('',#2737,1.);
#774=VECTOR('',#2738,1.);
#775=VECTOR('',#2739,1.);
#776=VECTOR('',#2742,1.);
#777=VECTOR('',#2743,1.);
#778=VECTOR('',#2744,1.);
#779=VECTOR('',#2747,1.);
#780=VECTOR('',#2748,1.);
#781=VECTOR('',#2749,1.);
#782=VECTOR('',#2760,1.);
#783=VECTOR('',#2761,1.);
#784=VECTOR('',#2766,1.);
#785=VECTOR('',#2767,1.);
#786=VECTOR('',#2770,1.);
#787=VECTOR('',#2777,1.);
#788=VECTOR('',#2778,1.);
#789=VECTOR('',#2779,1.);
#790=VECTOR('',#2782,1.);
#791=VECTOR('',#2789,1.);
#792=VECTOR('',#2790,1.);
#793=VECTOR('',#2791,1.);
#794=VECTOR('',#2794,1.);
#795=VECTOR('',#2799,1.);
#796=VECTOR('',#2802,1.);
#797=VECTOR('',#2807,1.);
#798=VECTOR('',#2810,1.);
#799=VECTOR('',#2813,1.);
#800=VECTOR('',#2816,1.);
#801=VECTOR('',#2821,1.);
#802=VECTOR('',#2824,1.);
#803=VECTOR('',#2827,1.);
#804=VECTOR('',#2828,1.);
#805=VECTOR('',#2831,1.);
#806=VECTOR('',#2836,1.);
#807=VECTOR('',#2837,1.);
#808=VECTOR('',#2840,1.);
#809=VECTOR('',#2845,1.);
#810=VECTOR('',#2846,1.);
#811=VECTOR('',#2849,1.);
#812=VECTOR('',#2854,1.);
#813=VECTOR('',#2857,1.);
#814=VECTOR('',#2858,1.);
#815=VECTOR('',#2859,1.);
#816=VECTOR('',#2862,1.);
#817=VECTOR('',#2867,1.);
#818=VECTOR('',#2868,1.);
#819=VECTOR('',#2871,1.);
#820=VECTOR('',#2878,1.);
#821=VECTOR('',#2881,1.);
#822=VECTOR('',#2882,1.);
#823=VECTOR('',#2887,1.);
#824=VECTOR('',#2890,1.);
#825=VECTOR('',#2895,1.);
#826=VECTOR('',#2900,1.);
#827=VECTOR('',#2903,1.);
#828=VECTOR('',#2904,1.);
#829=VECTOR('',#2909,1.);
#830=VECTOR('',#2910,1.);
#831=VECTOR('',#2915,1.);
#832=VECTOR('',#2918,1.);
#833=VECTOR('',#2921,1.);
#834=VECTOR('',#2926,1.);
#835=VECTOR('',#2929,1.);
#836=VECTOR('',#2932,1.);
#837=VECTOR('',#2937,0.32);
#838=VECTOR('',#2946,0.16);
#839=VECTOR('',#2951,1.);
#840=VECTOR('',#2954,1.);
#841=VERTEX_POINT('',#2959);
#842=VERTEX_POINT('',#2960);
#843=VERTEX_POINT('',#2962);
#844=VERTEX_POINT('',#2964);
#845=VERTEX_POINT('',#2968);
#846=VERTEX_POINT('',#2969);
#847=VERTEX_POINT('',#2974);
#848=VERTEX_POINT('',#2975);
#849=VERTEX_POINT('',#2980);
#850=VERTEX_POINT('',#2981);
#851=VERTEX_POINT('',#2986);
#852=VERTEX_POINT('',#2987);
#853=VERTEX_POINT('',#2992);
#854=VERTEX_POINT('',#2994);
#855=VERTEX_POINT('',#2996);
#856=VERTEX_POINT('',#2998);
#857=VERTEX_POINT('',#3000);
#858=VERTEX_POINT('',#3002);
#859=VERTEX_POINT('',#3006);
#860=VERTEX_POINT('',#3008);
#861=VERTEX_POINT('',#3010);
#862=VERTEX_POINT('',#3012);
#863=VERTEX_POINT('',#3014);
#864=VERTEX_POINT('',#3016);
#865=VERTEX_POINT('',#3020);
#866=VERTEX_POINT('',#3024);
#867=VERTEX_POINT('',#3026);
#868=VERTEX_POINT('',#3065);
#869=VERTEX_POINT('',#3087);
#870=VERTEX_POINT('',#3118);
#871=VERTEX_POINT('',#3136);
#872=VERTEX_POINT('',#3140);
#873=VERTEX_POINT('',#3144);
#874=VERTEX_POINT('',#3148);
#875=VERTEX_POINT('',#3152);
#876=VERTEX_POINT('',#3154);
#877=VERTEX_POINT('',#3156);
#878=VERTEX_POINT('',#3158);
#879=VERTEX_POINT('',#3162);
#880=VERTEX_POINT('',#3163);
#881=VERTEX_POINT('',#3165);
#882=VERTEX_POINT('',#3167);
#883=VERTEX_POINT('',#3171);
#884=VERTEX_POINT('',#3173);
#885=VERTEX_POINT('',#3177);
#886=VERTEX_POINT('',#3178);
#887=VERTEX_POINT('',#3180);
#888=VERTEX_POINT('',#3182);
#889=VERTEX_POINT('',#3186);
#890=VERTEX_POINT('',#3188);
#891=VERTEX_POINT('',#3192);
#892=VERTEX_POINT('',#3194);
#893=VERTEX_POINT('',#3198);
#894=VERTEX_POINT('',#3200);
#895=VERTEX_POINT('',#3207);
#896=VERTEX_POINT('',#3209);
#897=VERTEX_POINT('',#3213);
#898=VERTEX_POINT('',#3215);
#899=VERTEX_POINT('',#3222);
#900=VERTEX_POINT('',#3224);
#901=VERTEX_POINT('',#3226);
#902=VERTEX_POINT('',#3228);
#903=VERTEX_POINT('',#3232);
#904=VERTEX_POINT('',#3234);
#905=VERTEX_POINT('',#3236);
#906=VERTEX_POINT('',#3238);
#907=VERTEX_POINT('',#3240);
#908=VERTEX_POINT('',#3242);
#909=VERTEX_POINT('',#3244);
#910=VERTEX_POINT('',#3246);
#911=VERTEX_POINT('',#3249);
#912=VERTEX_POINT('',#3251);
#913=VERTEX_POINT('',#3253);
#914=VERTEX_POINT('',#3255);
#915=VERTEX_POINT('',#3257);
#916=VERTEX_POINT('',#3259);
#917=VERTEX_POINT('',#3263);
#918=VERTEX_POINT('',#3265);
#919=VERTEX_POINT('',#3267);
#920=VERTEX_POINT('',#3269);
#921=VERTEX_POINT('',#3273);
#922=VERTEX_POINT('',#3275);
#923=VERTEX_POINT('',#3279);
#924=VERTEX_POINT('',#3283);
#925=VERTEX_POINT('',#3284);
#926=VERTEX_POINT('',#3286);
#927=VERTEX_POINT('',#3288);
#928=VERTEX_POINT('',#3292);
#929=VERTEX_POINT('',#3294);
#930=VERTEX_POINT('',#3303);
#931=VERTEX_POINT('',#3307);
#932=VERTEX_POINT('',#3309);
#933=VERTEX_POINT('',#3311);
#934=VERTEX_POINT('',#3313);
#935=VERTEX_POINT('',#3315);
#936=VERTEX_POINT('',#3317);
#937=VERTEX_POINT('',#3320);
#938=VERTEX_POINT('',#3322);
#939=VERTEX_POINT('',#3324);
#940=VERTEX_POINT('',#3326);
#941=VERTEX_POINT('',#3328);
#942=VERTEX_POINT('',#3330);
#943=VERTEX_POINT('',#3332);
#944=VERTEX_POINT('',#3334);
#945=VERTEX_POINT('',#3338);
#946=VERTEX_POINT('',#3340);
#947=VERTEX_POINT('',#3344);
#948=VERTEX_POINT('',#3348);
#949=VERTEX_POINT('',#3352);
#950=VERTEX_POINT('',#3362);
#951=VERTEX_POINT('',#3364);
#952=VERTEX_POINT('',#3369);
#953=VERTEX_POINT('',#3371);
#954=VERTEX_POINT('',#3376);
#955=VERTEX_POINT('',#3378);
#956=VERTEX_POINT('',#3383);
#957=VERTEX_POINT('',#3385);
#958=VERTEX_POINT('',#3390);
#959=VERTEX_POINT('',#3391);
#960=VERTEX_POINT('',#3393);
#961=VERTEX_POINT('',#3395);
#962=VERTEX_POINT('',#3399);
#963=VERTEX_POINT('',#3401);
#964=VERTEX_POINT('',#3405);
#965=VERTEX_POINT('',#3407);
#966=VERTEX_POINT('',#3415);
#967=VERTEX_POINT('',#3416);
#968=VERTEX_POINT('',#3418);
#969=VERTEX_POINT('',#3420);
#970=VERTEX_POINT('',#3424);
#971=VERTEX_POINT('',#3426);
#972=VERTEX_POINT('',#3430);
#973=VERTEX_POINT('',#3432);
#974=VERTEX_POINT('',#3440);
#975=VERTEX_POINT('',#3441);
#976=VERTEX_POINT('',#3443);
#977=VERTEX_POINT('',#3445);
#978=VERTEX_POINT('',#3449);
#979=VERTEX_POINT('',#3451);
#980=VERTEX_POINT('',#3455);
#981=VERTEX_POINT('',#3457);
#982=VERTEX_POINT('',#3465);
#983=VERTEX_POINT('',#3466);
#984=VERTEX_POINT('',#3468);
#985=VERTEX_POINT('',#3470);
#986=VERTEX_POINT('',#3474);
#987=VERTEX_POINT('',#3476);
#988=VERTEX_POINT('',#3480);
#989=VERTEX_POINT('',#3482);
#990=VERTEX_POINT('',#3490);
#991=VERTEX_POINT('',#3492);
#992=VERTEX_POINT('',#3496);
#993=VERTEX_POINT('',#3500);
#994=VERTEX_POINT('',#3501);
#995=VERTEX_POINT('',#3506);
#996=VERTEX_POINT('',#3508);
#997=VERTEX_POINT('',#3512);
#998=VERTEX_POINT('',#3513);
#999=VERTEX_POINT('',#3518);
#1000=VERTEX_POINT('',#3523);
#1001=VERTEX_POINT('',#3531);
#1002=VERTEX_POINT('',#3532);
#1003=VERTEX_POINT('',#3534);
#1004=VERTEX_POINT('',#3536);
#1005=VERTEX_POINT('',#3538);
#1006=VERTEX_POINT('',#3540);
#1007=VERTEX_POINT('',#3542);
#1008=VERTEX_POINT('',#3544);
#1009=VERTEX_POINT('',#3547);
#1010=VERTEX_POINT('',#3550);
#1011=VERTEX_POINT('',#3552);
#1012=VERTEX_POINT('',#3556);
#1013=VERTEX_POINT('',#3560);
#1014=VERTEX_POINT('',#3564);
#1015=VERTEX_POINT('',#3568);
#1016=VERTEX_POINT('',#3572);
#1017=VERTEX_POINT('',#3576);
#1018=VERTEX_POINT('',#3582);
#1019=VERTEX_POINT('',#3584);
#1020=VERTEX_POINT('',#3588);
#1021=VERTEX_POINT('',#3592);
#1022=VERTEX_POINT('',#3596);
#1023=VERTEX_POINT('',#3600);
#1024=VERTEX_POINT('',#3604);
#1025=VERTEX_POINT('',#3608);
#1026=VERTEX_POINT('',#3614);
#1027=VERTEX_POINT('',#3618);
#1028=VERTEX_POINT('',#3622);
#1029=VERTEX_POINT('',#3626);
#1030=VERTEX_POINT('',#3627);
#1031=VERTEX_POINT('',#3632);
#1032=VERTEX_POINT('',#3639);
#1033=VERTEX_POINT('',#3649);
#1034=VERTEX_POINT('',#3653);
#1035=EDGE_CURVE('',#841,#842,#411,.T.);
#1036=EDGE_CURVE('',#842,#843,#412,.T.);
#1037=EDGE_CURVE('',#843,#844,#413,.T.);
#1038=EDGE_CURVE('',#844,#841,#414,.T.);
#1039=EDGE_CURVE('',#845,#846,#415,.T.);
#1040=EDGE_CURVE('',#846,#844,#68,.T.);
#1041=EDGE_CURVE('',#843,#845,#69,.T.);
#1042=EDGE_CURVE('',#847,#848,#416,.T.);
#1043=EDGE_CURVE('',#848,#846,#417,.T.);
#1044=EDGE_CURVE('',#845,#847,#418,.T.);
#1045=EDGE_CURVE('',#849,#850,#419,.T.);
#1046=EDGE_CURVE('',#850,#848,#70,.T.);
#1047=EDGE_CURVE('',#847,#849,#71,.T.);
#1048=EDGE_CURVE('',#851,#852,#420,.T.);
#1049=EDGE_CURVE('',#852,#850,#421,.T.);
#1050=EDGE_CURVE('',#849,#851,#422,.T.);
#1051=EDGE_CURVE('',#853,#842,#423,.T.);
#1052=EDGE_CURVE('',#854,#853,#424,.T.);
#1053=EDGE_CURVE('',#855,#854,#72,.T.);
#1054=EDGE_CURVE('',#856,#855,#425,.T.);
#1055=EDGE_CURVE('',#857,#856,#73,.T.);
#1056=EDGE_CURVE('',#858,#857,#426,.T.);
#1057=EDGE_CURVE('',#851,#858,#427,.T.);
#1058=EDGE_CURVE('',#841,#859,#428,.T.);
#1059=EDGE_CURVE('',#860,#859,#429,.T.);
#1060=EDGE_CURVE('',#861,#860,#430,.T.);
#1061=EDGE_CURVE('',#862,#861,#431,.T.);
#1062=EDGE_CURVE('',#863,#862,#432,.T.);
#1063=EDGE_CURVE('',#864,#863,#433,.T.);
#1064=EDGE_CURVE('',#864,#853,#434,.T.);
#1065=EDGE_CURVE('',#844,#865,#435,.T.);
#1066=EDGE_CURVE('',#859,#865,#436,.T.);
#1067=EDGE_CURVE('',#858,#866,#437,.T.);
#1068=EDGE_CURVE('',#857,#867,#438,.T.);
#1069=EDGE_CURVE('',#866,#867,#439,.T.);
#1070=EDGE_CURVE('',#867,#868,#64,.T.);
#1071=EDGE_CURVE('',#856,#868,#440,.T.);
#1072=EDGE_CURVE('',#868,#869,#441,.T.);
#1073=EDGE_CURVE('',#855,#869,#442,.T.);
#1074=EDGE_CURVE('',#869,#870,#65,.T.);
#1075=EDGE_CURVE('',#854,#870,#443,.T.);
#1076=EDGE_CURVE('',#870,#864,#444,.T.);
#1077=EDGE_CURVE('',#846,#871,#445,.T.);
#1078=EDGE_CURVE('',#865,#871,#74,.T.);
#1079=EDGE_CURVE('',#848,#872,#446,.T.);
#1080=EDGE_CURVE('',#871,#872,#447,.T.);
#1081=EDGE_CURVE('',#873,#850,#448,.T.);
#1082=EDGE_CURVE('',#872,#873,#75,.T.);
#1083=EDGE_CURVE('',#874,#852,#449,.T.);
#1084=EDGE_CURVE('',#873,#874,#450,.T.);
#1085=EDGE_CURVE('',#875,#866,#451,.T.);
#1086=EDGE_CURVE('',#875,#876,#452,.T.);
#1087=EDGE_CURVE('',#877,#876,#453,.T.);
#1088=EDGE_CURVE('',#877,#878,#454,.T.);
#1089=EDGE_CURVE('',#874,#878,#455,.T.);
#1090=EDGE_CURVE('',#879,#880,#456,.T.);
#1091=EDGE_CURVE('',#881,#879,#457,.T.);
#1092=EDGE_CURVE('',#882,#881,#458,.T.);
#1093=EDGE_CURVE('',#880,#882,#459,.T.);
#1094=EDGE_CURVE('',#883,#881,#76,.T.);
#1095=EDGE_CURVE('',#883,#884,#460,.T.);
#1096=EDGE_CURVE('',#882,#884,#77,.T.);
#1097=EDGE_CURVE('',#885,#886,#461,.T.);
#1098=EDGE_CURVE('',#887,#885,#78,.T.);
#1099=EDGE_CURVE('',#888,#887,#462,.T.);
#1100=EDGE_CURVE('',#886,#888,#79,.T.);
#1101=EDGE_CURVE('',#889,#887,#463,.T.);
#1102=EDGE_CURVE('',#890,#889,#464,.T.);
#1103=EDGE_CURVE('',#888,#890,#465,.T.);
#1104=EDGE_CURVE('',#891,#889,#80,.T.);
#1105=EDGE_CURVE('',#892,#891,#466,.T.);
#1106=EDGE_CURVE('',#890,#892,#81,.T.);
#1107=EDGE_CURVE('',#893,#891,#467,.T.);
#1108=EDGE_CURVE('',#894,#893,#468,.T.);
#1109=EDGE_CURVE('',#892,#894,#469,.T.);
#1110=EDGE_CURVE('',#878,#893,#470,.T.);
#1111=EDGE_CURVE('',#894,#877,#471,.T.);
#1112=EDGE_CURVE('',#895,#860,#472,.T.);
#1113=EDGE_CURVE('',#896,#895,#473,.T.);
#1114=EDGE_CURVE('',#861,#896,#474,.T.);
#1115=EDGE_CURVE('',#897,#895,#475,.T.);
#1116=EDGE_CURVE('',#898,#897,#476,.T.);
#1117=EDGE_CURVE('',#896,#898,#477,.T.);
#1118=EDGE_CURVE('',#879,#897,#82,.T.);
#1119=EDGE_CURVE('',#898,#880,#83,.T.);
#1120=EDGE_CURVE('',#885,#899,#478,.T.);
#1121=EDGE_CURVE('',#900,#899,#479,.T.);
#1122=EDGE_CURVE('',#900,#901,#480,.T.);
#1123=EDGE_CURVE('',#902,#901,#481,.T.);
#1124=EDGE_CURVE('',#902,#883,#482,.T.);
#1125=EDGE_CURVE('',#903,#886,#483,.T.);
#1126=EDGE_CURVE('',#904,#903,#84,.T.);
#1127=EDGE_CURVE('',#905,#904,#484,.T.);
#1128=EDGE_CURVE('',#906,#905,#85,.T.);
#1129=EDGE_CURVE('',#907,#906,#485,.T.);
#1130=EDGE_CURVE('',#908,#907,#86,.T.);
#1131=EDGE_CURVE('',#909,#908,#486,.T.);
#1132=EDGE_CURVE('',#910,#909,#87,.T.);
#1133=EDGE_CURVE('',#884,#910,#487,.T.);
#1134=EDGE_CURVE('',#902,#911,#88,.F.);
#1135=EDGE_CURVE('',#912,#911,#488,.T.);
#1136=EDGE_CURVE('',#912,#913,#89,.F.);
#1137=EDGE_CURVE('',#914,#913,#489,.T.);
#1138=EDGE_CURVE('',#914,#915,#90,.F.);
#1139=EDGE_CURVE('',#916,#915,#490,.T.);
#1140=EDGE_CURVE('',#916,#899,#91,.F.);
#1141=EDGE_CURVE('',#917,#910,#491,.T.);
#1142=EDGE_CURVE('',#917,#918,#492,.T.);
#1143=EDGE_CURVE('',#918,#919,#92,.T.);
#1144=EDGE_CURVE('',#919,#920,#493,.T.);
#1145=EDGE_CURVE('',#920,#862,#93,.T.);
#1146=EDGE_CURVE('',#920,#921,#494,.T.);
#1147=EDGE_CURVE('',#922,#919,#495,.T.);
#1148=EDGE_CURVE('',#921,#922,#496,.T.);
#1149=EDGE_CURVE('',#918,#923,#497,.T.);
#1150=EDGE_CURVE('',#922,#923,#94,.T.);
#1151=EDGE_CURVE('',#924,#925,#498,.T.);
#1152=EDGE_CURVE('',#926,#924,#95,.T.);
#1153=EDGE_CURVE('',#927,#926,#499,.T.);
#1154=EDGE_CURVE('',#925,#927,#96,.T.);
#1155=EDGE_CURVE('',#928,#926,#500,.T.);
#1156=EDGE_CURVE('',#929,#928,#501,.T.);
#1157=EDGE_CURVE('',#927,#929,#502,.T.);
#1158=EDGE_CURVE('',#876,#928,#97,.T.);
#1159=EDGE_CURVE('',#929,#875,#98,.T.);
#1160=EDGE_CURVE('',#863,#921,#99,.T.);
#1161=EDGE_CURVE('',#924,#930,#503,.T.);
#1162=EDGE_CURVE('',#930,#903,#504,.T.);
#1163=EDGE_CURVE('',#931,#917,#100,.T.);
#1164=EDGE_CURVE('',#932,#931,#505,.T.);
#1165=EDGE_CURVE('',#933,#932,#101,.T.);
#1166=EDGE_CURVE('',#934,#933,#506,.T.);
#1167=EDGE_CURVE('',#935,#934,#102,.T.);
#1168=EDGE_CURVE('',#936,#935,#507,.T.);
#1169=EDGE_CURVE('',#930,#936,#103,.T.);
#1170=EDGE_CURVE('',#937,#925,#508,.T.);
#1171=EDGE_CURVE('',#938,#937,#104,.T.);
#1172=EDGE_CURVE('',#939,#938,#509,.T.);
#1173=EDGE_CURVE('',#940,#939,#105,.T.);
#1174=EDGE_CURVE('',#941,#940,#510,.T.);
#1175=EDGE_CURVE('',#942,#941,#106,.T.);
#1176=EDGE_CURVE('',#943,#942,#511,.T.);
#1177=EDGE_CURVE('',#944,#943,#107,.T.);
#1178=EDGE_CURVE('',#923,#944,#512,.T.);
#1179=EDGE_CURVE('',#945,#938,#513,.T.);
#1180=EDGE_CURVE('',#946,#945,#514,.T.);
#1181=EDGE_CURVE('',#939,#946,#515,.T.);
#1182=EDGE_CURVE('',#937,#947,#516,.T.);
#1183=EDGE_CURVE('',#945,#947,#108,.T.);
#1184=EDGE_CURVE('',#948,#944,#517,.T.);
#1185=EDGE_CURVE('',#947,#948,#518,.T.);
#1186=EDGE_CURVE('',#943,#949,#519,.T.);
#1187=EDGE_CURVE('',#948,#949,#109,.T.);
#1188=EDGE_CURVE('',#931,#909,#520,.T.);
#1189=EDGE_CURVE('',#936,#904,#521,.T.);
#1190=EDGE_CURVE('',#935,#905,#522,.T.);
#1191=EDGE_CURVE('',#950,#950,#110,.T.);
#1192=EDGE_CURVE('',#950,#951,#523,.T.);
#1193=EDGE_CURVE('',#951,#951,#111,.T.);
#1194=EDGE_CURVE('',#952,#952,#112,.T.);
#1195=EDGE_CURVE('',#952,#953,#524,.T.);
#1196=EDGE_CURVE('',#953,#953,#113,.T.);
#1197=EDGE_CURVE('',#954,#954,#114,.T.);
#1198=EDGE_CURVE('',#954,#955,#525,.T.);
#1199=EDGE_CURVE('',#955,#955,#115,.T.);
#1200=EDGE_CURVE('',#956,#956,#116,.T.);
#1201=EDGE_CURVE('',#956,#957,#526,.T.);
#1202=EDGE_CURVE('',#957,#957,#117,.T.);
#1203=EDGE_CURVE('',#958,#959,#118,.T.);
#1204=EDGE_CURVE('',#960,#958,#527,.T.);
#1205=EDGE_CURVE('',#960,#961,#119,.T.);
#1206=EDGE_CURVE('',#961,#959,#528,.T.);
#1207=EDGE_CURVE('',#962,#958,#529,.T.);
#1208=EDGE_CURVE('',#963,#962,#530,.T.);
#1209=EDGE_CURVE('',#960,#963,#531,.T.);
#1210=EDGE_CURVE('',#964,#962,#532,.T.);
#1211=EDGE_CURVE('',#965,#964,#533,.T.);
#1212=EDGE_CURVE('',#963,#965,#534,.T.);
#1213=EDGE_CURVE('',#959,#964,#535,.T.);
#1214=EDGE_CURVE('',#965,#961,#536,.T.);
#1215=EDGE_CURVE('',#966,#967,#537,.T.);
#1216=EDGE_CURVE('',#968,#966,#538,.T.);
#1217=EDGE_CURVE('',#968,#969,#539,.T.);
#1218=EDGE_CURVE('',#969,#967,#540,.T.);
#1219=EDGE_CURVE('',#970,#966,#541,.T.);
#1220=EDGE_CURVE('',#971,#970,#542,.T.);
#1221=EDGE_CURVE('',#971,#968,#543,.T.);
#1222=EDGE_CURVE('',#972,#970,#544,.T.);
#1223=EDGE_CURVE('',#973,#972,#545,.T.);
#1224=EDGE_CURVE('',#973,#971,#546,.T.);
#1225=EDGE_CURVE('',#967,#972,#120,.T.);
#1226=EDGE_CURVE('',#969,#973,#121,.T.);
#1227=EDGE_CURVE('',#974,#975,#122,.T.);
#1228=EDGE_CURVE('',#976,#974,#547,.T.);
#1229=EDGE_CURVE('',#976,#977,#123,.T.);
#1230=EDGE_CURVE('',#977,#975,#548,.T.);
#1231=EDGE_CURVE('',#978,#974,#549,.T.);
#1232=EDGE_CURVE('',#979,#978,#550,.T.);
#1233=EDGE_CURVE('',#976,#979,#551,.T.);
#1234=EDGE_CURVE('',#980,#978,#552,.T.);
#1235=EDGE_CURVE('',#981,#980,#553,.T.);
#1236=EDGE_CURVE('',#979,#981,#554,.T.);
#1237=EDGE_CURVE('',#975,#980,#555,.T.);
#1238=EDGE_CURVE('',#981,#977,#556,.T.);
#1239=EDGE_CURVE('',#982,#983,#557,.T.);
#1240=EDGE_CURVE('',#984,#982,#558,.T.);
#1241=EDGE_CURVE('',#984,#985,#559,.T.);
#1242=EDGE_CURVE('',#985,#983,#560,.T.);
#1243=EDGE_CURVE('',#986,#982,#561,.T.);
#1244=EDGE_CURVE('',#987,#986,#562,.T.);
#1245=EDGE_CURVE('',#987,#984,#563,.T.);
#1246=EDGE_CURVE('',#988,#986,#564,.T.);
#1247=EDGE_CURVE('',#989,#988,#565,.T.);
#1248=EDGE_CURVE('',#989,#987,#566,.T.);
#1249=EDGE_CURVE('',#983,#988,#124,.T.);
#1250=EDGE_CURVE('',#985,#989,#125,.T.);
#1251=EDGE_CURVE('',#990,#945,#567,.T.);
#1252=EDGE_CURVE('',#947,#991,#568,.T.);
#1253=EDGE_CURVE('',#991,#990,#126,.T.);
#1254=EDGE_CURVE('',#990,#992,#569,.T.);
#1255=EDGE_CURVE('',#992,#946,#570,.T.);
#1256=EDGE_CURVE('',#993,#994,#571,.T.);
#1257=EDGE_CURVE('',#994,#946,#127,.T.);
#1258=EDGE_CURVE('',#992,#993,#128,.T.);
#1259=EDGE_CURVE('',#993,#995,#572,.T.);
#1260=EDGE_CURVE('',#995,#996,#573,.T.);
#1261=EDGE_CURVE('',#996,#994,#574,.T.);
#1262=EDGE_CURVE('',#997,#998,#575,.T.);
#1263=EDGE_CURVE('',#998,#996,#129,.T.);
#1264=EDGE_CURVE('',#995,#997,#130,.T.);
#1265=EDGE_CURVE('',#997,#999,#576,.T.);
#1266=EDGE_CURVE('',#999,#949,#577,.T.);
#1267=EDGE_CURVE('',#949,#998,#578,.T.);
#1268=EDGE_CURVE('',#1000,#948,#579,.T.);
#1269=EDGE_CURVE('',#999,#1000,#131,.T.);
#1270=EDGE_CURVE('',#1000,#991,#580,.T.);
#1271=EDGE_CURVE('',#998,#942,#581,.T.);
#1272=EDGE_CURVE('',#1001,#1002,#132,.T.);
#1273=EDGE_CURVE('',#1003,#1001,#582,.T.);
#1274=EDGE_CURVE('',#1004,#1003,#133,.T.);
#1275=EDGE_CURVE('',#1005,#1004,#583,.T.);
#1276=EDGE_CURVE('',#1006,#1005,#134,.T.);
#1277=EDGE_CURVE('',#1007,#1006,#584,.T.);
#1278=EDGE_CURVE('',#1008,#1007,#135,.T.);
#1279=EDGE_CURVE('',#1002,#1008,#585,.T.);
#1280=EDGE_CURVE('',#1009,#1009,#136,.T.);
#1281=EDGE_CURVE('',#1002,#1010,#586,.T.);
#1282=EDGE_CURVE('',#1010,#1011,#137,.T.);
#1283=EDGE_CURVE('',#1011,#1001,#587,.T.);
#1284=EDGE_CURVE('',#1008,#1012,#588,.T.);
#1285=EDGE_CURVE('',#1012,#1010,#589,.T.);
#1286=EDGE_CURVE('',#1007,#1013,#590,.T.);
#1287=EDGE_CURVE('',#1013,#1012,#138,.T.);
#1288=EDGE_CURVE('',#1006,#1014,#591,.T.);
#1289=EDGE_CURVE('',#1014,#1013,#592,.T.);
#1290=EDGE_CURVE('',#1005,#1015,#593,.T.);
#1291=EDGE_CURVE('',#1015,#1014,#139,.T.);
#1292=EDGE_CURVE('',#1004,#1016,#594,.T.);
#1293=EDGE_CURVE('',#1016,#1015,#595,.T.);
#1294=EDGE_CURVE('',#1003,#1017,#596,.T.);
#1295=EDGE_CURVE('',#1017,#1016,#140,.T.);
#1296=EDGE_CURVE('',#1011,#1017,#597,.T.);
#1297=EDGE_CURVE('',#1018,#1016,#598,.T.);
#1298=EDGE_CURVE('',#1019,#1018,#599,.T.);
#1299=EDGE_CURVE('',#1015,#1019,#600,.T.);
#1300=EDGE_CURVE('',#1017,#1020,#601,.T.);
#1301=EDGE_CURVE('',#1020,#1018,#141,.T.);
#1302=EDGE_CURVE('',#1021,#1011,#602,.T.);
#1303=EDGE_CURVE('',#1020,#1021,#603,.T.);
#1304=EDGE_CURVE('',#1010,#1022,#604,.T.);
#1305=EDGE_CURVE('',#1022,#1021,#142,.T.);
#1306=EDGE_CURVE('',#1019,#1023,#143,.T.);
#1307=EDGE_CURVE('',#1023,#1014,#605,.T.);
#1308=EDGE_CURVE('',#1024,#1023,#606,.T.);
#1309=EDGE_CURVE('',#1013,#1024,#607,.T.);
#1310=EDGE_CURVE('',#1024,#1025,#144,.T.);
#1311=EDGE_CURVE('',#1025,#1012,#608,.T.);
#1312=EDGE_CURVE('',#1022,#1025,#609,.T.);
#1313=EDGE_CURVE('',#900,#1026,#145,.T.);
#1314=EDGE_CURVE('',#916,#1026,#610,.T.);
#1315=EDGE_CURVE('',#1027,#901,#146,.T.);
#1316=EDGE_CURVE('',#1027,#911,#611,.T.);
#1317=EDGE_CURVE('',#1027,#1028,#612,.T.);
#1318=EDGE_CURVE('',#912,#1028,#613,.T.);
#1319=EDGE_CURVE('',#1029,#1030,#147,.T.);
#1320=EDGE_CURVE('',#1029,#915,#614,.T.);
#1321=EDGE_CURVE('',#914,#1030,#615,.T.);
#1322=EDGE_CURVE('',#1031,#1028,#148,.T.);
#1323=EDGE_CURVE('',#1031,#913,#616,.T.);
#1324=EDGE_CURVE('',#1031,#1030,#617,.T.);
#1325=EDGE_CURVE('',#1029,#1026,#618,.T.);
#1326=EDGE_CURVE('',#1032,#1032,#149,.T.);
#1327=EDGE_CURVE('',#934,#906,#619,.T.);
#1328=EDGE_CURVE('',#933,#907,#620,.T.);
#1329=EDGE_CURVE('',#932,#908,#621,.T.);
#1330=EDGE_CURVE('',#1032,#1033,#622,.T.);
#1331=EDGE_CURVE('',#1033,#1033,#150,.T.);
#1332=EDGE_CURVE('',#1034,#1034,#151,.T.);
#1333=EDGE_CURVE('',#1034,#1009,#623,.T.);
#1334=EDGE_CURVE('',#941,#996,#624,.T.);
#1335=EDGE_CURVE('',#994,#940,#625,.T.);
#1336=ORIENTED_EDGE('',*,*,#1035,.T.);
#1337=ORIENTED_EDGE('',*,*,#1036,.T.);
#1338=ORIENTED_EDGE('',*,*,#1037,.T.);
#1339=ORIENTED_EDGE('',*,*,#1038,.T.);
#1340=ORIENTED_EDGE('',*,*,#1039,.T.);
#1341=ORIENTED_EDGE('',*,*,#1040,.T.);
#1342=ORIENTED_EDGE('',*,*,#1037,.F.);
#1343=ORIENTED_EDGE('',*,*,#1041,.T.);
#1344=ORIENTED_EDGE('',*,*,#1042,.T.);
#1345=ORIENTED_EDGE('',*,*,#1043,.T.);
#1346=ORIENTED_EDGE('',*,*,#1039,.F.);
#1347=ORIENTED_EDGE('',*,*,#1044,.T.);
#1348=ORIENTED_EDGE('',*,*,#1045,.T.);
#1349=ORIENTED_EDGE('',*,*,#1046,.T.);
#1350=ORIENTED_EDGE('',*,*,#1042,.F.);
#1351=ORIENTED_EDGE('',*,*,#1047,.T.);
#1352=ORIENTED_EDGE('',*,*,#1048,.T.);
#1353=ORIENTED_EDGE('',*,*,#1049,.T.);
#1354=ORIENTED_EDGE('',*,*,#1045,.F.);
#1355=ORIENTED_EDGE('',*,*,#1050,.T.);
#1356=ORIENTED_EDGE('',*,*,#1050,.F.);
#1357=ORIENTED_EDGE('',*,*,#1047,.F.);
#1358=ORIENTED_EDGE('',*,*,#1044,.F.);
#1359=ORIENTED_EDGE('',*,*,#1041,.F.);
#1360=ORIENTED_EDGE('',*,*,#1036,.F.);
#1361=ORIENTED_EDGE('',*,*,#1051,.F.);
#1362=ORIENTED_EDGE('',*,*,#1052,.F.);
#1363=ORIENTED_EDGE('',*,*,#1053,.F.);
#1364=ORIENTED_EDGE('',*,*,#1054,.F.);
#1365=ORIENTED_EDGE('',*,*,#1055,.F.);
#1366=ORIENTED_EDGE('',*,*,#1056,.F.);
#1367=ORIENTED_EDGE('',*,*,#1057,.F.);
#1368=ORIENTED_EDGE('',*,*,#1035,.F.);
#1369=ORIENTED_EDGE('',*,*,#1058,.T.);
#1370=ORIENTED_EDGE('',*,*,#1059,.F.);
#1371=ORIENTED_EDGE('',*,*,#1060,.F.);
#1372=ORIENTED_EDGE('',*,*,#1061,.F.);
#1373=ORIENTED_EDGE('',*,*,#1062,.F.);
#1374=ORIENTED_EDGE('',*,*,#1063,.F.);
#1375=ORIENTED_EDGE('',*,*,#1064,.T.);
#1376=ORIENTED_EDGE('',*,*,#1051,.T.);
#1377=ORIENTED_EDGE('',*,*,#1038,.F.);
#1378=ORIENTED_EDGE('',*,*,#1065,.T.);
#1379=ORIENTED_EDGE('',*,*,#1066,.F.);
#1380=ORIENTED_EDGE('',*,*,#1058,.F.);
#1381=ORIENTED_EDGE('',*,*,#1067,.F.);
#1382=ORIENTED_EDGE('',*,*,#1056,.T.);
#1383=ORIENTED_EDGE('',*,*,#1068,.T.);
#1384=ORIENTED_EDGE('',*,*,#1069,.F.);
#1385=ORIENTED_EDGE('',*,*,#1070,.F.);
#1386=ORIENTED_EDGE('',*,*,#1068,.F.);
#1387=ORIENTED_EDGE('',*,*,#1055,.T.);
#1388=ORIENTED_EDGE('',*,*,#1071,.T.);
#1389=ORIENTED_EDGE('',*,*,#1072,.F.);
#1390=ORIENTED_EDGE('',*,*,#1071,.F.);
#1391=ORIENTED_EDGE('',*,*,#1054,.T.);
#1392=ORIENTED_EDGE('',*,*,#1073,.T.);
#1393=ORIENTED_EDGE('',*,*,#1074,.F.);
#1394=ORIENTED_EDGE('',*,*,#1073,.F.);
#1395=ORIENTED_EDGE('',*,*,#1053,.T.);
#1396=ORIENTED_EDGE('',*,*,#1075,.T.);
#1397=ORIENTED_EDGE('',*,*,#1064,.F.);
#1398=ORIENTED_EDGE('',*,*,#1076,.F.);
#1399=ORIENTED_EDGE('',*,*,#1075,.F.);
#1400=ORIENTED_EDGE('',*,*,#1052,.T.);
#1401=ORIENTED_EDGE('',*,*,#1040,.F.);
#1402=ORIENTED_EDGE('',*,*,#1077,.T.);
#1403=ORIENTED_EDGE('',*,*,#1078,.F.);
#1404=ORIENTED_EDGE('',*,*,#1065,.F.);
#1405=ORIENTED_EDGE('',*,*,#1043,.F.);
#1406=ORIENTED_EDGE('',*,*,#1079,.T.);
#1407=ORIENTED_EDGE('',*,*,#1080,.F.);
#1408=ORIENTED_EDGE('',*,*,#1077,.F.);
#1409=ORIENTED_EDGE('',*,*,#1046,.F.);
#1410=ORIENTED_EDGE('',*,*,#1081,.F.);
#1411=ORIENTED_EDGE('',*,*,#1082,.F.);
#1412=ORIENTED_EDGE('',*,*,#1079,.F.);
#1413=ORIENTED_EDGE('',*,*,#1049,.F.);
#1414=ORIENTED_EDGE('',*,*,#1083,.F.);
#1415=ORIENTED_EDGE('',*,*,#1084,.F.);
#1416=ORIENTED_EDGE('',*,*,#1081,.T.);
#1417=ORIENTED_EDGE('',*,*,#1048,.F.);
#1418=ORIENTED_EDGE('',*,*,#1057,.T.);
#1419=ORIENTED_EDGE('',*,*,#1067,.T.);
#1420=ORIENTED_EDGE('',*,*,#1085,.F.);
#1421=ORIENTED_EDGE('',*,*,#1086,.T.);
#1422=ORIENTED_EDGE('',*,*,#1087,.F.);
#1423=ORIENTED_EDGE('',*,*,#1088,.T.);
#1424=ORIENTED_EDGE('',*,*,#1089,.F.);
#1425=ORIENTED_EDGE('',*,*,#1083,.T.);
#1426=ORIENTED_EDGE('',*,*,#1090,.F.);
#1427=ORIENTED_EDGE('',*,*,#1091,.F.);
#1428=ORIENTED_EDGE('',*,*,#1092,.F.);
#1429=ORIENTED_EDGE('',*,*,#1093,.F.);
#1430=ORIENTED_EDGE('',*,*,#1092,.T.);
#1431=ORIENTED_EDGE('',*,*,#1094,.F.);
#1432=ORIENTED_EDGE('',*,*,#1095,.T.);
#1433=ORIENTED_EDGE('',*,*,#1096,.F.);
#1434=ORIENTED_EDGE('',*,*,#1097,.F.);
#1435=ORIENTED_EDGE('',*,*,#1098,.F.);
#1436=ORIENTED_EDGE('',*,*,#1099,.F.);
#1437=ORIENTED_EDGE('',*,*,#1100,.F.);
#1438=ORIENTED_EDGE('',*,*,#1099,.T.);
#1439=ORIENTED_EDGE('',*,*,#1101,.F.);
#1440=ORIENTED_EDGE('',*,*,#1102,.F.);
#1441=ORIENTED_EDGE('',*,*,#1103,.F.);
#1442=ORIENTED_EDGE('',*,*,#1102,.T.);
#1443=ORIENTED_EDGE('',*,*,#1104,.F.);
#1444=ORIENTED_EDGE('',*,*,#1105,.F.);
#1445=ORIENTED_EDGE('',*,*,#1106,.F.);
#1446=ORIENTED_EDGE('',*,*,#1105,.T.);
#1447=ORIENTED_EDGE('',*,*,#1107,.F.);
#1448=ORIENTED_EDGE('',*,*,#1108,.F.);
#1449=ORIENTED_EDGE('',*,*,#1109,.F.);
#1450=ORIENTED_EDGE('',*,*,#1108,.T.);
#1451=ORIENTED_EDGE('',*,*,#1110,.F.);
#1452=ORIENTED_EDGE('',*,*,#1088,.F.);
#1453=ORIENTED_EDGE('',*,*,#1111,.F.);
#1454=ORIENTED_EDGE('',*,*,#1060,.T.);
#1455=ORIENTED_EDGE('',*,*,#1112,.F.);
#1456=ORIENTED_EDGE('',*,*,#1113,.F.);
#1457=ORIENTED_EDGE('',*,*,#1114,.F.);
#1458=ORIENTED_EDGE('',*,*,#1113,.T.);
#1459=ORIENTED_EDGE('',*,*,#1115,.F.);
#1460=ORIENTED_EDGE('',*,*,#1116,.F.);
#1461=ORIENTED_EDGE('',*,*,#1117,.F.);
#1462=ORIENTED_EDGE('',*,*,#1116,.T.);
#1463=ORIENTED_EDGE('',*,*,#1118,.F.);
#1464=ORIENTED_EDGE('',*,*,#1090,.T.);
#1465=ORIENTED_EDGE('',*,*,#1119,.F.);
#1466=ORIENTED_EDGE('',*,*,#1084,.T.);
#1467=ORIENTED_EDGE('',*,*,#1089,.T.);
#1468=ORIENTED_EDGE('',*,*,#1110,.T.);
#1469=ORIENTED_EDGE('',*,*,#1107,.T.);
#1470=ORIENTED_EDGE('',*,*,#1104,.T.);
#1471=ORIENTED_EDGE('',*,*,#1101,.T.);
#1472=ORIENTED_EDGE('',*,*,#1098,.T.);
#1473=ORIENTED_EDGE('',*,*,#1120,.T.);
#1474=ORIENTED_EDGE('',*,*,#1121,.F.);
#1475=ORIENTED_EDGE('',*,*,#1122,.T.);
#1476=ORIENTED_EDGE('',*,*,#1123,.F.);
#1477=ORIENTED_EDGE('',*,*,#1124,.T.);
#1478=ORIENTED_EDGE('',*,*,#1094,.T.);
#1479=ORIENTED_EDGE('',*,*,#1091,.T.);
#1480=ORIENTED_EDGE('',*,*,#1118,.T.);
#1481=ORIENTED_EDGE('',*,*,#1115,.T.);
#1482=ORIENTED_EDGE('',*,*,#1112,.T.);
#1483=ORIENTED_EDGE('',*,*,#1059,.T.);
#1484=ORIENTED_EDGE('',*,*,#1066,.T.);
#1485=ORIENTED_EDGE('',*,*,#1078,.T.);
#1486=ORIENTED_EDGE('',*,*,#1080,.T.);
#1487=ORIENTED_EDGE('',*,*,#1082,.T.);
#1488=ORIENTED_EDGE('',*,*,#1125,.F.);
#1489=ORIENTED_EDGE('',*,*,#1126,.F.);
#1490=ORIENTED_EDGE('',*,*,#1127,.F.);
#1491=ORIENTED_EDGE('',*,*,#1128,.F.);
#1492=ORIENTED_EDGE('',*,*,#1129,.F.);
#1493=ORIENTED_EDGE('',*,*,#1130,.F.);
#1494=ORIENTED_EDGE('',*,*,#1131,.F.);
#1495=ORIENTED_EDGE('',*,*,#1132,.F.);
#1496=ORIENTED_EDGE('',*,*,#1133,.F.);
#1497=ORIENTED_EDGE('',*,*,#1095,.F.);
#1498=ORIENTED_EDGE('',*,*,#1124,.F.);
#1499=ORIENTED_EDGE('',*,*,#1134,.T.);
#1500=ORIENTED_EDGE('',*,*,#1135,.F.);
#1501=ORIENTED_EDGE('',*,*,#1136,.T.);
#1502=ORIENTED_EDGE('',*,*,#1137,.F.);
#1503=ORIENTED_EDGE('',*,*,#1138,.T.);
#1504=ORIENTED_EDGE('',*,*,#1139,.F.);
#1505=ORIENTED_EDGE('',*,*,#1140,.T.);
#1506=ORIENTED_EDGE('',*,*,#1120,.F.);
#1507=ORIENTED_EDGE('',*,*,#1097,.T.);
#1508=ORIENTED_EDGE('',*,*,#1114,.T.);
#1509=ORIENTED_EDGE('',*,*,#1117,.T.);
#1510=ORIENTED_EDGE('',*,*,#1119,.T.);
#1511=ORIENTED_EDGE('',*,*,#1093,.T.);
#1512=ORIENTED_EDGE('',*,*,#1096,.T.);
#1513=ORIENTED_EDGE('',*,*,#1133,.T.);
#1514=ORIENTED_EDGE('',*,*,#1141,.F.);
#1515=ORIENTED_EDGE('',*,*,#1142,.T.);
#1516=ORIENTED_EDGE('',*,*,#1143,.T.);
#1517=ORIENTED_EDGE('',*,*,#1144,.T.);
#1518=ORIENTED_EDGE('',*,*,#1145,.T.);
#1519=ORIENTED_EDGE('',*,*,#1061,.T.);
#1520=ORIENTED_EDGE('',*,*,#1146,.F.);
#1521=ORIENTED_EDGE('',*,*,#1144,.F.);
#1522=ORIENTED_EDGE('',*,*,#1147,.F.);
#1523=ORIENTED_EDGE('',*,*,#1148,.F.);
#1524=ORIENTED_EDGE('',*,*,#1147,.T.);
#1525=ORIENTED_EDGE('',*,*,#1143,.F.);
#1526=ORIENTED_EDGE('',*,*,#1149,.T.);
#1527=ORIENTED_EDGE('',*,*,#1150,.F.);
#1528=ORIENTED_EDGE('',*,*,#1151,.F.);
#1529=ORIENTED_EDGE('',*,*,#1152,.F.);
#1530=ORIENTED_EDGE('',*,*,#1153,.F.);
#1531=ORIENTED_EDGE('',*,*,#1154,.F.);
#1532=ORIENTED_EDGE('',*,*,#1153,.T.);
#1533=ORIENTED_EDGE('',*,*,#1155,.F.);
#1534=ORIENTED_EDGE('',*,*,#1156,.F.);
#1535=ORIENTED_EDGE('',*,*,#1157,.F.);
#1536=ORIENTED_EDGE('',*,*,#1156,.T.);
#1537=ORIENTED_EDGE('',*,*,#1158,.F.);
#1538=ORIENTED_EDGE('',*,*,#1086,.F.);
#1539=ORIENTED_EDGE('',*,*,#1159,.F.);
#1540=ORIENTED_EDGE('',*,*,#1062,.T.);
#1541=ORIENTED_EDGE('',*,*,#1145,.F.);
#1542=ORIENTED_EDGE('',*,*,#1146,.T.);
#1543=ORIENTED_EDGE('',*,*,#1160,.F.);
#1544=ORIENTED_EDGE('',*,*,#1111,.T.);
#1545=ORIENTED_EDGE('',*,*,#1087,.T.);
#1546=ORIENTED_EDGE('',*,*,#1158,.T.);
#1547=ORIENTED_EDGE('',*,*,#1155,.T.);
#1548=ORIENTED_EDGE('',*,*,#1152,.T.);
#1549=ORIENTED_EDGE('',*,*,#1161,.T.);
#1550=ORIENTED_EDGE('',*,*,#1162,.T.);
#1551=ORIENTED_EDGE('',*,*,#1125,.T.);
#1552=ORIENTED_EDGE('',*,*,#1100,.T.);
#1553=ORIENTED_EDGE('',*,*,#1103,.T.);
#1554=ORIENTED_EDGE('',*,*,#1106,.T.);
#1555=ORIENTED_EDGE('',*,*,#1109,.T.);
#1556=ORIENTED_EDGE('',*,*,#1142,.F.);
#1557=ORIENTED_EDGE('',*,*,#1163,.F.);
#1558=ORIENTED_EDGE('',*,*,#1164,.F.);
#1559=ORIENTED_EDGE('',*,*,#1165,.F.);
#1560=ORIENTED_EDGE('',*,*,#1166,.F.);
#1561=ORIENTED_EDGE('',*,*,#1167,.F.);
#1562=ORIENTED_EDGE('',*,*,#1168,.F.);
#1563=ORIENTED_EDGE('',*,*,#1169,.F.);
#1564=ORIENTED_EDGE('',*,*,#1161,.F.);
#1565=ORIENTED_EDGE('',*,*,#1151,.T.);
#1566=ORIENTED_EDGE('',*,*,#1170,.F.);
#1567=ORIENTED_EDGE('',*,*,#1171,.F.);
#1568=ORIENTED_EDGE('',*,*,#1172,.F.);
#1569=ORIENTED_EDGE('',*,*,#1173,.F.);
#1570=ORIENTED_EDGE('',*,*,#1174,.F.);
#1571=ORIENTED_EDGE('',*,*,#1175,.F.);
#1572=ORIENTED_EDGE('',*,*,#1176,.F.);
#1573=ORIENTED_EDGE('',*,*,#1177,.F.);
#1574=ORIENTED_EDGE('',*,*,#1178,.F.);
#1575=ORIENTED_EDGE('',*,*,#1149,.F.);
#1576=ORIENTED_EDGE('',*,*,#1172,.T.);
#1577=ORIENTED_EDGE('',*,*,#1179,.F.);
#1578=ORIENTED_EDGE('',*,*,#1180,.F.);
#1579=ORIENTED_EDGE('',*,*,#1181,.F.);
#1580=ORIENTED_EDGE('',*,*,#1171,.T.);
#1581=ORIENTED_EDGE('',*,*,#1182,.T.);
#1582=ORIENTED_EDGE('',*,*,#1183,.F.);
#1583=ORIENTED_EDGE('',*,*,#1179,.T.);
#1584=ORIENTED_EDGE('',*,*,#1076,.T.);
#1585=ORIENTED_EDGE('',*,*,#1063,.T.);
#1586=ORIENTED_EDGE('',*,*,#1160,.T.);
#1587=ORIENTED_EDGE('',*,*,#1148,.T.);
#1588=ORIENTED_EDGE('',*,*,#1150,.T.);
#1589=ORIENTED_EDGE('',*,*,#1178,.T.);
#1590=ORIENTED_EDGE('',*,*,#1184,.F.);
#1591=ORIENTED_EDGE('',*,*,#1185,.F.);
#1592=ORIENTED_EDGE('',*,*,#1182,.F.);
#1593=ORIENTED_EDGE('',*,*,#1170,.T.);
#1594=ORIENTED_EDGE('',*,*,#1154,.T.);
#1595=ORIENTED_EDGE('',*,*,#1157,.T.);
#1596=ORIENTED_EDGE('',*,*,#1159,.T.);
#1597=ORIENTED_EDGE('',*,*,#1085,.T.);
#1598=ORIENTED_EDGE('',*,*,#1069,.T.);
#1599=ORIENTED_EDGE('',*,*,#1070,.T.);
#1600=ORIENTED_EDGE('',*,*,#1072,.T.);
#1601=ORIENTED_EDGE('',*,*,#1074,.T.);
#1602=ORIENTED_EDGE('',*,*,#1177,.T.);
#1603=ORIENTED_EDGE('',*,*,#1186,.T.);
#1604=ORIENTED_EDGE('',*,*,#1187,.F.);
#1605=ORIENTED_EDGE('',*,*,#1184,.T.);
#1606=ORIENTED_EDGE('',*,*,#1163,.T.);
#1607=ORIENTED_EDGE('',*,*,#1141,.T.);
#1608=ORIENTED_EDGE('',*,*,#1132,.T.);
#1609=ORIENTED_EDGE('',*,*,#1188,.F.);
#1610=ORIENTED_EDGE('',*,*,#1169,.T.);
#1611=ORIENTED_EDGE('',*,*,#1189,.T.);
#1612=ORIENTED_EDGE('',*,*,#1126,.T.);
#1613=ORIENTED_EDGE('',*,*,#1162,.F.);
#1614=ORIENTED_EDGE('',*,*,#1168,.T.);
#1615=ORIENTED_EDGE('',*,*,#1190,.T.);
#1616=ORIENTED_EDGE('',*,*,#1127,.T.);
#1617=ORIENTED_EDGE('',*,*,#1189,.F.);
#1618=ORIENTED_EDGE('',*,*,#1191,.F.);
#1619=ORIENTED_EDGE('',*,*,#1192,.T.);
#1620=ORIENTED_EDGE('',*,*,#1193,.T.);
#1621=ORIENTED_EDGE('',*,*,#1192,.F.);
#1622=ORIENTED_EDGE('',*,*,#1193,.F.);
#1623=ORIENTED_EDGE('',*,*,#1194,.F.);
#1624=ORIENTED_EDGE('',*,*,#1195,.T.);
#1625=ORIENTED_EDGE('',*,*,#1196,.T.);
#1626=ORIENTED_EDGE('',*,*,#1195,.F.);
#1627=ORIENTED_EDGE('',*,*,#1196,.F.);
#1628=ORIENTED_EDGE('',*,*,#1197,.F.);
#1629=ORIENTED_EDGE('',*,*,#1198,.T.);
#1630=ORIENTED_EDGE('',*,*,#1199,.T.);
#1631=ORIENTED_EDGE('',*,*,#1198,.F.);
#1632=ORIENTED_EDGE('',*,*,#1199,.F.);
#1633=ORIENTED_EDGE('',*,*,#1200,.F.);
#1634=ORIENTED_EDGE('',*,*,#1201,.T.);
#1635=ORIENTED_EDGE('',*,*,#1202,.T.);
#1636=ORIENTED_EDGE('',*,*,#1201,.F.);
#1637=ORIENTED_EDGE('',*,*,#1202,.F.);
#1638=ORIENTED_EDGE('',*,*,#1203,.F.);
#1639=ORIENTED_EDGE('',*,*,#1204,.F.);
#1640=ORIENTED_EDGE('',*,*,#1205,.T.);
#1641=ORIENTED_EDGE('',*,*,#1206,.T.);
#1642=ORIENTED_EDGE('',*,*,#1207,.F.);
#1643=ORIENTED_EDGE('',*,*,#1208,.F.);
#1644=ORIENTED_EDGE('',*,*,#1209,.F.);
#1645=ORIENTED_EDGE('',*,*,#1204,.T.);
#1646=ORIENTED_EDGE('',*,*,#1210,.F.);
#1647=ORIENTED_EDGE('',*,*,#1211,.F.);
#1648=ORIENTED_EDGE('',*,*,#1212,.F.);
#1649=ORIENTED_EDGE('',*,*,#1208,.T.);
#1650=ORIENTED_EDGE('',*,*,#1213,.F.);
#1651=ORIENTED_EDGE('',*,*,#1206,.F.);
#1652=ORIENTED_EDGE('',*,*,#1214,.F.);
#1653=ORIENTED_EDGE('',*,*,#1211,.T.);
#1654=ORIENTED_EDGE('',*,*,#1205,.F.);
#1655=ORIENTED_EDGE('',*,*,#1209,.T.);
#1656=ORIENTED_EDGE('',*,*,#1212,.T.);
#1657=ORIENTED_EDGE('',*,*,#1214,.T.);
#1658=ORIENTED_EDGE('',*,*,#1200,.T.);
#1659=ORIENTED_EDGE('',*,*,#1215,.F.);
#1660=ORIENTED_EDGE('',*,*,#1216,.F.);
#1661=ORIENTED_EDGE('',*,*,#1217,.T.);
#1662=ORIENTED_EDGE('',*,*,#1218,.T.);
#1663=ORIENTED_EDGE('',*,*,#1219,.F.);
#1664=ORIENTED_EDGE('',*,*,#1220,.F.);
#1665=ORIENTED_EDGE('',*,*,#1221,.T.);
#1666=ORIENTED_EDGE('',*,*,#1216,.T.);
#1667=ORIENTED_EDGE('',*,*,#1222,.F.);
#1668=ORIENTED_EDGE('',*,*,#1223,.F.);
#1669=ORIENTED_EDGE('',*,*,#1224,.T.);
#1670=ORIENTED_EDGE('',*,*,#1220,.T.);
#1671=ORIENTED_EDGE('',*,*,#1225,.F.);
#1672=ORIENTED_EDGE('',*,*,#1218,.F.);
#1673=ORIENTED_EDGE('',*,*,#1226,.T.);
#1674=ORIENTED_EDGE('',*,*,#1223,.T.);
#1675=ORIENTED_EDGE('',*,*,#1217,.F.);
#1676=ORIENTED_EDGE('',*,*,#1221,.F.);
#1677=ORIENTED_EDGE('',*,*,#1224,.F.);
#1678=ORIENTED_EDGE('',*,*,#1226,.F.);
#1679=ORIENTED_EDGE('',*,*,#1197,.T.);
#1680=ORIENTED_EDGE('',*,*,#1227,.F.);
#1681=ORIENTED_EDGE('',*,*,#1228,.F.);
#1682=ORIENTED_EDGE('',*,*,#1229,.T.);
#1683=ORIENTED_EDGE('',*,*,#1230,.T.);
#1684=ORIENTED_EDGE('',*,*,#1231,.F.);
#1685=ORIENTED_EDGE('',*,*,#1232,.F.);
#1686=ORIENTED_EDGE('',*,*,#1233,.F.);
#1687=ORIENTED_EDGE('',*,*,#1228,.T.);
#1688=ORIENTED_EDGE('',*,*,#1234,.F.);
#1689=ORIENTED_EDGE('',*,*,#1235,.F.);
#1690=ORIENTED_EDGE('',*,*,#1236,.F.);
#1691=ORIENTED_EDGE('',*,*,#1232,.T.);
#1692=ORIENTED_EDGE('',*,*,#1237,.F.);
#1693=ORIENTED_EDGE('',*,*,#1230,.F.);
#1694=ORIENTED_EDGE('',*,*,#1238,.F.);
#1695=ORIENTED_EDGE('',*,*,#1235,.T.);
#1696=ORIENTED_EDGE('',*,*,#1229,.F.);
#1697=ORIENTED_EDGE('',*,*,#1233,.T.);
#1698=ORIENTED_EDGE('',*,*,#1236,.T.);
#1699=ORIENTED_EDGE('',*,*,#1238,.T.);
#1700=ORIENTED_EDGE('',*,*,#1194,.T.);
#1701=ORIENTED_EDGE('',*,*,#1239,.F.);
#1702=ORIENTED_EDGE('',*,*,#1240,.F.);
#1703=ORIENTED_EDGE('',*,*,#1241,.T.);
#1704=ORIENTED_EDGE('',*,*,#1242,.T.);
#1705=ORIENTED_EDGE('',*,*,#1243,.F.);
#1706=ORIENTED_EDGE('',*,*,#1244,.F.);
#1707=ORIENTED_EDGE('',*,*,#1245,.T.);
#1708=ORIENTED_EDGE('',*,*,#1240,.T.);
#1709=ORIENTED_EDGE('',*,*,#1246,.F.);
#1710=ORIENTED_EDGE('',*,*,#1247,.F.);
#1711=ORIENTED_EDGE('',*,*,#1248,.T.);
#1712=ORIENTED_EDGE('',*,*,#1244,.T.);
#1713=ORIENTED_EDGE('',*,*,#1249,.F.);
#1714=ORIENTED_EDGE('',*,*,#1242,.F.);
#1715=ORIENTED_EDGE('',*,*,#1250,.T.);
#1716=ORIENTED_EDGE('',*,*,#1247,.T.);
#1717=ORIENTED_EDGE('',*,*,#1241,.F.);
#1718=ORIENTED_EDGE('',*,*,#1245,.F.);
#1719=ORIENTED_EDGE('',*,*,#1248,.F.);
#1720=ORIENTED_EDGE('',*,*,#1250,.F.);
#1721=ORIENTED_EDGE('',*,*,#1191,.T.);
#1722=ORIENTED_EDGE('',*,*,#1251,.T.);
#1723=ORIENTED_EDGE('',*,*,#1183,.T.);
#1724=ORIENTED_EDGE('',*,*,#1252,.T.);
#1725=ORIENTED_EDGE('',*,*,#1253,.T.);
#1726=ORIENTED_EDGE('',*,*,#1251,.F.);
#1727=ORIENTED_EDGE('',*,*,#1254,.T.);
#1728=ORIENTED_EDGE('',*,*,#1255,.T.);
#1729=ORIENTED_EDGE('',*,*,#1180,.T.);
#1730=ORIENTED_EDGE('',*,*,#1256,.T.);
#1731=ORIENTED_EDGE('',*,*,#1257,.T.);
#1732=ORIENTED_EDGE('',*,*,#1255,.F.);
#1733=ORIENTED_EDGE('',*,*,#1258,.T.);
#1734=ORIENTED_EDGE('',*,*,#1256,.F.);
#1735=ORIENTED_EDGE('',*,*,#1259,.T.);
#1736=ORIENTED_EDGE('',*,*,#1260,.T.);
#1737=ORIENTED_EDGE('',*,*,#1261,.T.);
#1738=ORIENTED_EDGE('',*,*,#1262,.T.);
#1739=ORIENTED_EDGE('',*,*,#1263,.T.);
#1740=ORIENTED_EDGE('',*,*,#1260,.F.);
#1741=ORIENTED_EDGE('',*,*,#1264,.T.);
#1742=ORIENTED_EDGE('',*,*,#1262,.F.);
#1743=ORIENTED_EDGE('',*,*,#1265,.T.);
#1744=ORIENTED_EDGE('',*,*,#1266,.T.);
#1745=ORIENTED_EDGE('',*,*,#1267,.T.);
#1746=ORIENTED_EDGE('',*,*,#1268,.T.);
#1747=ORIENTED_EDGE('',*,*,#1187,.T.);
#1748=ORIENTED_EDGE('',*,*,#1266,.F.);
#1749=ORIENTED_EDGE('',*,*,#1269,.T.);
#1750=ORIENTED_EDGE('',*,*,#1268,.F.);
#1751=ORIENTED_EDGE('',*,*,#1270,.T.);
#1752=ORIENTED_EDGE('',*,*,#1252,.F.);
#1753=ORIENTED_EDGE('',*,*,#1185,.T.);
#1754=ORIENTED_EDGE('',*,*,#1176,.T.);
#1755=ORIENTED_EDGE('',*,*,#1271,.F.);
#1756=ORIENTED_EDGE('',*,*,#1267,.F.);
#1757=ORIENTED_EDGE('',*,*,#1186,.F.);
#1758=ORIENTED_EDGE('',*,*,#1253,.F.);
#1759=ORIENTED_EDGE('',*,*,#1270,.F.);
#1760=ORIENTED_EDGE('',*,*,#1269,.F.);
#1761=ORIENTED_EDGE('',*,*,#1265,.F.);
#1762=ORIENTED_EDGE('',*,*,#1264,.F.);
#1763=ORIENTED_EDGE('',*,*,#1259,.F.);
#1764=ORIENTED_EDGE('',*,*,#1258,.F.);
#1765=ORIENTED_EDGE('',*,*,#1254,.F.);
#1766=ORIENTED_EDGE('',*,*,#1272,.F.);
#1767=ORIENTED_EDGE('',*,*,#1273,.F.);
#1768=ORIENTED_EDGE('',*,*,#1274,.F.);
#1769=ORIENTED_EDGE('',*,*,#1275,.F.);
#1770=ORIENTED_EDGE('',*,*,#1276,.F.);
#1771=ORIENTED_EDGE('',*,*,#1277,.F.);
#1772=ORIENTED_EDGE('',*,*,#1278,.F.);
#1773=ORIENTED_EDGE('',*,*,#1279,.F.);
#1774=ORIENTED_EDGE('',*,*,#1280,.T.);
#1775=ORIENTED_EDGE('',*,*,#1281,.T.);
#1776=ORIENTED_EDGE('',*,*,#1282,.T.);
#1777=ORIENTED_EDGE('',*,*,#1283,.T.);
#1778=ORIENTED_EDGE('',*,*,#1272,.T.);
#1779=ORIENTED_EDGE('',*,*,#1281,.F.);
#1780=ORIENTED_EDGE('',*,*,#1279,.T.);
#1781=ORIENTED_EDGE('',*,*,#1284,.T.);
#1782=ORIENTED_EDGE('',*,*,#1285,.T.);
#1783=ORIENTED_EDGE('',*,*,#1286,.T.);
#1784=ORIENTED_EDGE('',*,*,#1287,.T.);
#1785=ORIENTED_EDGE('',*,*,#1284,.F.);
#1786=ORIENTED_EDGE('',*,*,#1278,.T.);
#1787=ORIENTED_EDGE('',*,*,#1286,.F.);
#1788=ORIENTED_EDGE('',*,*,#1277,.T.);
#1789=ORIENTED_EDGE('',*,*,#1288,.T.);
#1790=ORIENTED_EDGE('',*,*,#1289,.T.);
#1791=ORIENTED_EDGE('',*,*,#1290,.T.);
#1792=ORIENTED_EDGE('',*,*,#1291,.T.);
#1793=ORIENTED_EDGE('',*,*,#1288,.F.);
#1794=ORIENTED_EDGE('',*,*,#1276,.T.);
#1795=ORIENTED_EDGE('',*,*,#1290,.F.);
#1796=ORIENTED_EDGE('',*,*,#1275,.T.);
#1797=ORIENTED_EDGE('',*,*,#1292,.T.);
#1798=ORIENTED_EDGE('',*,*,#1293,.T.);
#1799=ORIENTED_EDGE('',*,*,#1294,.T.);
#1800=ORIENTED_EDGE('',*,*,#1295,.T.);
#1801=ORIENTED_EDGE('',*,*,#1292,.F.);
#1802=ORIENTED_EDGE('',*,*,#1274,.T.);
#1803=ORIENTED_EDGE('',*,*,#1294,.F.);
#1804=ORIENTED_EDGE('',*,*,#1273,.T.);
#1805=ORIENTED_EDGE('',*,*,#1283,.F.);
#1806=ORIENTED_EDGE('',*,*,#1296,.T.);
#1807=ORIENTED_EDGE('',*,*,#1293,.F.);
#1808=ORIENTED_EDGE('',*,*,#1297,.F.);
#1809=ORIENTED_EDGE('',*,*,#1298,.F.);
#1810=ORIENTED_EDGE('',*,*,#1299,.F.);
#1811=ORIENTED_EDGE('',*,*,#1295,.F.);
#1812=ORIENTED_EDGE('',*,*,#1300,.T.);
#1813=ORIENTED_EDGE('',*,*,#1301,.T.);
#1814=ORIENTED_EDGE('',*,*,#1297,.T.);
#1815=ORIENTED_EDGE('',*,*,#1296,.F.);
#1816=ORIENTED_EDGE('',*,*,#1302,.F.);
#1817=ORIENTED_EDGE('',*,*,#1303,.F.);
#1818=ORIENTED_EDGE('',*,*,#1300,.F.);
#1819=ORIENTED_EDGE('',*,*,#1282,.F.);
#1820=ORIENTED_EDGE('',*,*,#1304,.T.);
#1821=ORIENTED_EDGE('',*,*,#1305,.T.);
#1822=ORIENTED_EDGE('',*,*,#1302,.T.);
#1823=ORIENTED_EDGE('',*,*,#1291,.F.);
#1824=ORIENTED_EDGE('',*,*,#1299,.T.);
#1825=ORIENTED_EDGE('',*,*,#1306,.T.);
#1826=ORIENTED_EDGE('',*,*,#1307,.T.);
#1827=ORIENTED_EDGE('',*,*,#1289,.F.);
#1828=ORIENTED_EDGE('',*,*,#1307,.F.);
#1829=ORIENTED_EDGE('',*,*,#1308,.F.);
#1830=ORIENTED_EDGE('',*,*,#1309,.F.);
#1831=ORIENTED_EDGE('',*,*,#1287,.F.);
#1832=ORIENTED_EDGE('',*,*,#1309,.T.);
#1833=ORIENTED_EDGE('',*,*,#1310,.T.);
#1834=ORIENTED_EDGE('',*,*,#1311,.T.);
#1835=ORIENTED_EDGE('',*,*,#1285,.F.);
#1836=ORIENTED_EDGE('',*,*,#1311,.F.);
#1837=ORIENTED_EDGE('',*,*,#1312,.F.);
#1838=ORIENTED_EDGE('',*,*,#1304,.F.);
#1839=ORIENTED_EDGE('',*,*,#1313,.F.);
#1840=ORIENTED_EDGE('',*,*,#1121,.T.);
#1841=ORIENTED_EDGE('',*,*,#1140,.F.);
#1842=ORIENTED_EDGE('',*,*,#1314,.T.);
#1843=ORIENTED_EDGE('',*,*,#1315,.F.);
#1844=ORIENTED_EDGE('',*,*,#1316,.T.);
#1845=ORIENTED_EDGE('',*,*,#1134,.F.);
#1846=ORIENTED_EDGE('',*,*,#1123,.T.);
#1847=ORIENTED_EDGE('',*,*,#1316,.F.);
#1848=ORIENTED_EDGE('',*,*,#1317,.T.);
#1849=ORIENTED_EDGE('',*,*,#1318,.F.);
#1850=ORIENTED_EDGE('',*,*,#1135,.T.);
#1851=ORIENTED_EDGE('',*,*,#1319,.F.);
#1852=ORIENTED_EDGE('',*,*,#1320,.T.);
#1853=ORIENTED_EDGE('',*,*,#1138,.F.);
#1854=ORIENTED_EDGE('',*,*,#1321,.T.);
#1855=ORIENTED_EDGE('',*,*,#1322,.F.);
#1856=ORIENTED_EDGE('',*,*,#1323,.T.);
#1857=ORIENTED_EDGE('',*,*,#1136,.F.);
#1858=ORIENTED_EDGE('',*,*,#1318,.T.);
#1859=ORIENTED_EDGE('',*,*,#1321,.F.);
#1860=ORIENTED_EDGE('',*,*,#1137,.T.);
#1861=ORIENTED_EDGE('',*,*,#1323,.F.);
#1862=ORIENTED_EDGE('',*,*,#1324,.T.);
#1863=ORIENTED_EDGE('',*,*,#1313,.T.);
#1864=ORIENTED_EDGE('',*,*,#1325,.F.);
#1865=ORIENTED_EDGE('',*,*,#1319,.T.);
#1866=ORIENTED_EDGE('',*,*,#1324,.F.);
#1867=ORIENTED_EDGE('',*,*,#1322,.T.);
#1868=ORIENTED_EDGE('',*,*,#1317,.F.);
#1869=ORIENTED_EDGE('',*,*,#1315,.T.);
#1870=ORIENTED_EDGE('',*,*,#1122,.F.);
#1871=ORIENTED_EDGE('',*,*,#1207,.T.);
#1872=ORIENTED_EDGE('',*,*,#1203,.T.);
#1873=ORIENTED_EDGE('',*,*,#1213,.T.);
#1874=ORIENTED_EDGE('',*,*,#1210,.T.);
#1875=ORIENTED_EDGE('',*,*,#1219,.T.);
#1876=ORIENTED_EDGE('',*,*,#1215,.T.);
#1877=ORIENTED_EDGE('',*,*,#1225,.T.);
#1878=ORIENTED_EDGE('',*,*,#1222,.T.);
#1879=ORIENTED_EDGE('',*,*,#1231,.T.);
#1880=ORIENTED_EDGE('',*,*,#1227,.T.);
#1881=ORIENTED_EDGE('',*,*,#1237,.T.);
#1882=ORIENTED_EDGE('',*,*,#1234,.T.);
#1883=ORIENTED_EDGE('',*,*,#1243,.T.);
#1884=ORIENTED_EDGE('',*,*,#1239,.T.);
#1885=ORIENTED_EDGE('',*,*,#1249,.T.);
#1886=ORIENTED_EDGE('',*,*,#1246,.T.);
#1887=ORIENTED_EDGE('',*,*,#1303,.T.);
#1888=ORIENTED_EDGE('',*,*,#1305,.F.);
#1889=ORIENTED_EDGE('',*,*,#1312,.T.);
#1890=ORIENTED_EDGE('',*,*,#1310,.F.);
#1891=ORIENTED_EDGE('',*,*,#1308,.T.);
#1892=ORIENTED_EDGE('',*,*,#1306,.F.);
#1893=ORIENTED_EDGE('',*,*,#1298,.T.);
#1894=ORIENTED_EDGE('',*,*,#1301,.F.);
#1895=ORIENTED_EDGE('',*,*,#1326,.T.);
#1896=ORIENTED_EDGE('',*,*,#1167,.T.);
#1897=ORIENTED_EDGE('',*,*,#1327,.T.);
#1898=ORIENTED_EDGE('',*,*,#1128,.T.);
#1899=ORIENTED_EDGE('',*,*,#1190,.F.);
#1900=ORIENTED_EDGE('',*,*,#1166,.T.);
#1901=ORIENTED_EDGE('',*,*,#1328,.T.);
#1902=ORIENTED_EDGE('',*,*,#1129,.T.);
#1903=ORIENTED_EDGE('',*,*,#1327,.F.);
#1904=ORIENTED_EDGE('',*,*,#1165,.T.);
#1905=ORIENTED_EDGE('',*,*,#1329,.T.);
#1906=ORIENTED_EDGE('',*,*,#1130,.T.);
#1907=ORIENTED_EDGE('',*,*,#1328,.F.);
#1908=ORIENTED_EDGE('',*,*,#1164,.T.);
#1909=ORIENTED_EDGE('',*,*,#1188,.T.);
#1910=ORIENTED_EDGE('',*,*,#1131,.T.);
#1911=ORIENTED_EDGE('',*,*,#1329,.F.);
#1912=ORIENTED_EDGE('',*,*,#1326,.F.);
#1913=ORIENTED_EDGE('',*,*,#1330,.T.);
#1914=ORIENTED_EDGE('',*,*,#1331,.T.);
#1915=ORIENTED_EDGE('',*,*,#1330,.F.);
#1916=ORIENTED_EDGE('',*,*,#1331,.F.);
#1917=ORIENTED_EDGE('',*,*,#1332,.F.);
#1918=ORIENTED_EDGE('',*,*,#1332,.T.);
#1919=ORIENTED_EDGE('',*,*,#1333,.T.);
#1920=ORIENTED_EDGE('',*,*,#1280,.F.);
#1921=ORIENTED_EDGE('',*,*,#1333,.F.);
#1922=ORIENTED_EDGE('',*,*,#1314,.F.);
#1923=ORIENTED_EDGE('',*,*,#1139,.T.);
#1924=ORIENTED_EDGE('',*,*,#1320,.F.);
#1925=ORIENTED_EDGE('',*,*,#1325,.T.);
#1926=ORIENTED_EDGE('',*,*,#1175,.T.);
#1927=ORIENTED_EDGE('',*,*,#1334,.T.);
#1928=ORIENTED_EDGE('',*,*,#1263,.F.);
#1929=ORIENTED_EDGE('',*,*,#1271,.T.);
#1930=ORIENTED_EDGE('',*,*,#1173,.T.);
#1931=ORIENTED_EDGE('',*,*,#1181,.T.);
#1932=ORIENTED_EDGE('',*,*,#1257,.F.);
#1933=ORIENTED_EDGE('',*,*,#1335,.T.);
#1934=ORIENTED_EDGE('',*,*,#1174,.T.);
#1935=ORIENTED_EDGE('',*,*,#1335,.F.);
#1936=ORIENTED_EDGE('',*,*,#1261,.F.);
#1937=ORIENTED_EDGE('',*,*,#1334,.F.);
#1938=PLANE('',#2140);
#1939=PLANE('',#2144);
#1940=PLANE('',#2148);
#1941=PLANE('',#2149);
#1942=PLANE('',#2152);
#1943=PLANE('',#2153);
#1944=PLANE('',#2154);
#1945=PLANE('',#2155);
#1946=PLANE('',#2156);
#1947=PLANE('',#2159);
#1948=PLANE('',#2162);
#1949=PLANE('',#2163);
#1950=PLANE('',#2164);
#1951=PLANE('',#2171);
#1952=PLANE('',#2175);
#1953=PLANE('',#2176);
#1954=PLANE('',#2177);
#1955=PLANE('',#2178);
#1956=PLANE('',#2182);
#1957=PLANE('',#2183);
#1958=PLANE('',#2192);
#1959=PLANE('',#2195);
#1960=PLANE('',#2201);
#1961=PLANE('',#2207);
#1962=PLANE('',#2208);
#1963=PLANE('',#2217);
#1964=PLANE('',#2220);
#1965=PLANE('',#2225);
#1966=PLANE('',#2229);
#1967=PLANE('',#2233);
#1968=PLANE('',#2237);
#1969=PLANE('',#2241);
#1970=PLANE('',#2245);
#1971=PLANE('',#2246);
#1972=PLANE('',#2247);
#1973=PLANE('',#2248);
#1974=PLANE('',#2249);
#1975=PLANE('',#2250);
#1976=PLANE('',#2251);
#1977=PLANE('',#2255);
#1978=PLANE('',#2259);
#1979=PLANE('',#2260);
#1980=PLANE('',#2261);
#1981=PLANE('',#2262);
#1982=PLANE('',#2263);
#1983=PLANE('',#2264);
#1984=PLANE('',#2265);
#1985=PLANE('',#2269);
#1986=PLANE('',#2272);
#1987=PLANE('',#2276);
#1988=PLANE('',#2280);
#1989=PLANE('',#2283);
#1990=PLANE('',#2284);
#1991=PLANE('',#2285);
#1992=PLANE('',#2293);
#1993=PLANE('',#2296);
#1994=PLANE('',#2299);
#1995=PLANE('',#2302);
#1996=PLANE('',#2303);
#1997=PLANE('',#2306);
#1998=PLANE('',#2311);
#1999=PLANE('',#2314);
#2000=PLANE('',#2319);
#2001=PLANE('',#2324);
#2002=PLANE('',#2325);
#2003=PLANE('',#2328);
#2004=PLANE('',#2330);
#2005=PLANE('',#2333);
#2006=PLANE('',#2336);
#2007=PLANE('',#2339);
#2008=ADVANCED_FACE('',(#162),#1938,.T.);
#2009=ADVANCED_FACE('',(#163),#152,.F.);
#2010=ADVANCED_FACE('',(#164),#1939,.T.);
#2011=ADVANCED_FACE('',(#165),#153,.F.);
#2012=ADVANCED_FACE('',(#166),#1940,.T.);
#2013=ADVANCED_FACE('',(#167),#1941,.F.);
#2014=ADVANCED_FACE('',(#168),#1942,.T.);
#2015=ADVANCED_FACE('',(#169),#1943,.F.);
#2016=ADVANCED_FACE('',(#170),#1944,.T.);
#2017=ADVANCED_FACE('',(#171),#66,.T.);
#2018=ADVANCED_FACE('',(#172),#1945,.T.);
#2019=ADVANCED_FACE('',(#173),#67,.T.);
#2020=ADVANCED_FACE('',(#174),#1946,.T.);
#2021=ADVANCED_FACE('',(#175),#28,.F.);
#2022=ADVANCED_FACE('',(#176),#1947,.F.);
#2023=ADVANCED_FACE('',(#177),#29,.F.);
#2024=ADVANCED_FACE('',(#178),#1948,.F.);
#2025=ADVANCED_FACE('',(#179),#1949,.T.);
#2026=ADVANCED_FACE('',(#180),#1950,.T.);
#2027=ADVANCED_FACE('',(#181),#30,.F.);
#2028=ADVANCED_FACE('',(#182),#31,.F.);
#2029=ADVANCED_FACE('',(#183),#1951,.T.);
#2030=ADVANCED_FACE('',(#184),#32,.T.);
#2031=ADVANCED_FACE('',(#185),#1952,.T.);
#2032=ADVANCED_FACE('',(#186),#1953,.T.);
#2033=ADVANCED_FACE('',(#187),#1954,.T.);
#2034=ADVANCED_FACE('',(#188),#1955,.T.);
#2035=ADVANCED_FACE('',(#189),#33,.T.);
#2036=ADVANCED_FACE('',(#190),#1956,.F.);
#2037=ADVANCED_FACE('',(#191),#1957,.F.);
#2038=ADVANCED_FACE('',(#192),#1958,.F.);
#2039=ADVANCED_FACE('',(#193),#1959,.T.);
#2040=ADVANCED_FACE('',(#194),#34,.F.);
#2041=ADVANCED_FACE('',(#195),#35,.F.);
#2042=ADVANCED_FACE('',(#196),#1960,.T.);
#2043=ADVANCED_FACE('',(#197),#36,.T.);
#2044=ADVANCED_FACE('',(#198),#37,.T.);
#2045=ADVANCED_FACE('',(#199),#1961,.F.);
#2046=ADVANCED_FACE('',(#200),#1962,.F.);
#2047=ADVANCED_FACE('',(#201),#1963,.T.);
#2048=ADVANCED_FACE('',(#202),#38,.T.);
#2049=ADVANCED_FACE('',(#203),#1964,.T.);
#2050=ADVANCED_FACE('',(#204),#39,.T.);
#2051=ADVANCED_FACE('',(#205),#40,.F.);
#2052=ADVANCED_FACE('',(#206),#41,.F.);
#2053=ADVANCED_FACE('',(#207),#1965,.F.);
#2054=ADVANCED_FACE('',(#208),#42,.F.);
#2055=ADVANCED_FACE('',(#209),#1966,.F.);
#2056=ADVANCED_FACE('',(#210),#43,.F.);
#2057=ADVANCED_FACE('',(#211),#1967,.F.);
#2058=ADVANCED_FACE('',(#212),#44,.F.);
#2059=ADVANCED_FACE('',(#213),#1968,.F.);
#2060=ADVANCED_FACE('',(#214),#45,.F.);
#2061=ADVANCED_FACE('',(#215),#1969,.F.);
#2062=ADVANCED_FACE('',(#216),#46,.T.);
#2063=ADVANCED_FACE('',(#217),#1970,.T.);
#2064=ADVANCED_FACE('',(#218),#1971,.T.);
#2065=ADVANCED_FACE('',(#219),#1972,.T.);
#2066=ADVANCED_FACE('',(#220,#15),#1973,.F.);
#2067=ADVANCED_FACE('',(#221),#1974,.T.);
#2068=ADVANCED_FACE('',(#222),#1975,.T.);
#2069=ADVANCED_FACE('',(#223),#1976,.T.);
#2070=ADVANCED_FACE('',(#224),#47,.T.);
#2071=ADVANCED_FACE('',(#225,#16),#1977,.F.);
#2072=ADVANCED_FACE('',(#226),#48,.T.);
#2073=ADVANCED_FACE('',(#227),#1978,.T.);
#2074=ADVANCED_FACE('',(#228),#1979,.T.);
#2075=ADVANCED_FACE('',(#229),#1980,.T.);
#2076=ADVANCED_FACE('',(#230,#17),#1981,.F.);
#2077=ADVANCED_FACE('',(#231),#1982,.T.);
#2078=ADVANCED_FACE('',(#232),#1983,.T.);
#2079=ADVANCED_FACE('',(#233),#1984,.T.);
#2080=ADVANCED_FACE('',(#234),#49,.T.);
#2081=ADVANCED_FACE('',(#235,#18),#1985,.F.);
#2082=ADVANCED_FACE('',(#236),#154,.T.);
#2083=ADVANCED_FACE('',(#237),#1986,.T.);
#2084=ADVANCED_FACE('',(#238),#155,.T.);
#2085=ADVANCED_FACE('',(#239),#1987,.T.);
#2086=ADVANCED_FACE('',(#240),#156,.T.);
#2087=ADVANCED_FACE('',(#241),#1988,.T.);
#2088=ADVANCED_FACE('',(#242),#157,.T.);
#2089=ADVANCED_FACE('',(#243),#1989,.T.);
#2090=ADVANCED_FACE('',(#244),#1990,.T.);
#2091=ADVANCED_FACE('',(#245,#19,#20),#1991,.T.);
#2092=ADVANCED_FACE('',(#246),#158,.F.);
#2093=ADVANCED_FACE('',(#247),#1992,.T.);
#2094=ADVANCED_FACE('',(#248),#159,.F.);
#2095=ADVANCED_FACE('',(#249),#1993,.T.);
#2096=ADVANCED_FACE('',(#250),#160,.F.);
#2097=ADVANCED_FACE('',(#251),#1994,.T.);
#2098=ADVANCED_FACE('',(#252),#161,.F.);
#2099=ADVANCED_FACE('',(#253),#1995,.T.);
#2100=ADVANCED_FACE('',(#254),#1996,.F.);
#2101=ADVANCED_FACE('',(#255),#50,.F.);
#2102=ADVANCED_FACE('',(#256),#1997,.F.);
#2103=ADVANCED_FACE('',(#257),#51,.F.);
#2104=ADVANCED_FACE('',(#258),#52,.F.);
#2105=ADVANCED_FACE('',(#259),#1998,.F.);
#2106=ADVANCED_FACE('',(#260),#53,.F.);
#2107=ADVANCED_FACE('',(#261),#1999,.F.);
#2108=ADVANCED_FACE('',(#262),#54,.F.);
#2109=ADVANCED_FACE('',(#263),#55,.F.);
#2110=ADVANCED_FACE('',(#264),#2000,.F.);
#2111=ADVANCED_FACE('',(#265),#56,.F.);
#2112=ADVANCED_FACE('',(#266),#57,.F.);
#2113=ADVANCED_FACE('',(#267),#2001,.F.);
#2114=ADVANCED_FACE('',(#268,#21,#22,#23,#24,#25,#26),#2002,.F.);
#2115=ADVANCED_FACE('',(#269),#58,.F.);
#2116=ADVANCED_FACE('',(#270),#2003,.F.);
#2117=ADVANCED_FACE('',(#271),#59,.F.);
#2118=ADVANCED_FACE('',(#272),#2004,.F.);
#2119=ADVANCED_FACE('',(#273),#60,.T.);
#2120=ADVANCED_FACE('',(#274,#27),#2005,.F.);
#2121=ADVANCED_FACE('',(#275),#61,.F.);
#2122=ADVANCED_FACE('',(#276),#2006,.F.);
#2123=ADVANCED_FACE('',(#277),#62,.T.);
#2124=ADVANCED_FACE('',(#278),#63,.T.);
#2125=ADVANCED_FACE('',(#279),#2007,.T.);
#2126=CLOSED_SHELL('',(#2008,#2009,#2010,#2011,#2012,#2013,#2014,#2015,
#2016,#2017,#2018,#2019,#2020,#2021,#2022,#2023,#2024,#2025,#2026,#2027,
#2028,#2029,#2030,#2031,#2032,#2033,#2034,#2035,#2036,#2037,#2038,#2039,
#2040,#2041,#2042,#2043,#2044,#2045,#2046,#2047,#2048,#2049,#2050,#2051,
#2052,#2053,#2054,#2055,#2056,#2057,#2058,#2059,#2060,#2061,#2062,#2063,
#2064,#2065,#2066,#2067,#2068,#2069,#2070,#2071,#2072,#2073,#2074,#2075,
#2076,#2077,#2078,#2079,#2080,#2081,#2082,#2083,#2084,#2085,#2086,#2087,
#2088,#2089,#2090,#2091,#2092,#2093,#2094,#2095,#2096,#2097,#2098,#2099,
#2100,#2101,#2102,#2103,#2104,#2105,#2106,#2107,#2108,#2109,#2110,#2111,
#2112,#2113,#2114,#2115,#2116,#2117,#2118,#2119,#2120,#2121,#2122,#2123,
#2124,#2125));
#2127=DERIVED_UNIT_ELEMENT(#2129,1.);
#2128=DERIVED_UNIT_ELEMENT(#3668,-3.);
#2129=(
MASS_UNIT()
NAMED_UNIT(*)
SI_UNIT(.KILO.,.GRAM.)
);
#2130=DERIVED_UNIT((#2127,#2128));
#2131=MEASURE_REPRESENTATION_ITEM('density measure',
POSITIVE_RATIO_MEASURE(7850.),#2130);
#2132=PROPERTY_DEFINITION_REPRESENTATION(#2137,#2134);
#2133=PROPERTY_DEFINITION_REPRESENTATION(#2138,#2135);
#2134=REPRESENTATION('material name',(#2136),#3665);
#2135=REPRESENTATION('density',(#2131),#3665);
#2136=DESCRIPTIVE_REPRESENTATION_ITEM('Steel','Steel');
#2137=PROPERTY_DEFINITION('material property','material name',#3675);
#2138=PROPERTY_DEFINITION('material property','density of part',#3675);
#2139=AXIS2_PLACEMENT_3D('',#2957,#2340,#2341);
#2140=AXIS2_PLACEMENT_3D('',#2958,#2342,#2343);
#2141=AXIS2_PLACEMENT_3D('',#2967,#2348,#2349);
#2142=AXIS2_PLACEMENT_3D('',#2971,#2351,#2352);
#2143=AXIS2_PLACEMENT_3D('',#2972,#2353,#2354);
#2144=AXIS2_PLACEMENT_3D('',#2973,#2355,#2356);
#2145=AXIS2_PLACEMENT_3D('',#2979,#2360,#2361);
#2146=AXIS2_PLACEMENT_3D('',#2983,#2363,#2364);
#2147=AXIS2_PLACEMENT_3D('',#2984,#2365,#2366);
#2148=AXIS2_PLACEMENT_3D('',#2985,#2367,#2368);
#2149=AXIS2_PLACEMENT_3D('',#2991,#2372,#2373);
#2150=AXIS2_PLACEMENT_3D('',#2997,#2376,#2377);
#2151=AXIS2_PLACEMENT_3D('',#3001,#2379,#2380);
#2152=AXIS2_PLACEMENT_3D('',#3005,#2383,#2384);
#2153=AXIS2_PLACEMENT_3D('',#3019,#2392,#2393);
#2154=AXIS2_PLACEMENT_3D('',#3023,#2396,#2397);
#2155=AXIS2_PLACEMENT_3D('',#3086,#2402,#2403);
#2156=AXIS2_PLACEMENT_3D('',#3133,#2407,#2408);
#2157=AXIS2_PLACEMENT_3D('',#3135,#2410,#2411);
#2158=AXIS2_PLACEMENT_3D('',#3138,#2413,#2414);
#2159=AXIS2_PLACEMENT_3D('',#3139,#2415,#2416);
#2160=AXIS2_PLACEMENT_3D('',#3143,#2419,#2420);
#2161=AXIS2_PLACEMENT_3D('',#3146,#2422,#2423);
#2162=AXIS2_PLACEMENT_3D('',#3147,#2424,#2425);
#2163=AXIS2_PLACEMENT_3D('',#3151,#2428,#2429);
#2164=AXIS2_PLACEMENT_3D('',#3161,#2435,#2436);
#2165=AXIS2_PLACEMENT_3D('',#3170,#2441,#2442);
#2166=AXIS2_PLACEMENT_3D('',#3172,#2443,#2444);
#2167=AXIS2_PLACEMENT_3D('',#3175,#2446,#2447);
#2168=AXIS2_PLACEMENT_3D('',#3176,#2448,#2449);
#2169=AXIS2_PLACEMENT_3D('',#3181,#2451,#2452);
#2170=AXIS2_PLACEMENT_3D('',#3184,#2454,#2455);
#2171=AXIS2_PLACEMENT_3D('',#3185,#2456,#2457);
#2172=AXIS2_PLACEMENT_3D('',#3191,#2461,#2462);
#2173=AXIS2_PLACEMENT_3D('',#3193,#2463,#2464);
#2174=AXIS2_PLACEMENT_3D('',#3196,#2466,#2467);
#2175=AXIS2_PLACEMENT_3D('',#3197,#2468,#2469);
#2176=AXIS2_PLACEMENT_3D('',#3203,#2473,#2474);
#2177=AXIS2_PLACEMENT_3D('',#3206,#2477,#2478);
#2178=AXIS2_PLACEMENT_3D('',#3212,#2482,#2483);
#2179=AXIS2_PLACEMENT_3D('',#3218,#2487,#2488);
#2180=AXIS2_PLACEMENT_3D('',#3219,#2489,#2490);
#2181=AXIS2_PLACEMENT_3D('',#3220,#2491,#2492);
#2182=AXIS2_PLACEMENT_3D('',#3221,#2493,#2494);
#2183=AXIS2_PLACEMENT_3D('',#3231,#2500,#2501);
#2184=AXIS2_PLACEMENT_3D('',#3235,#2503,#2504);
#2185=AXIS2_PLACEMENT_3D('',#3239,#2506,#2507);
#2186=AXIS2_PLACEMENT_3D('',#3243,#2509,#2510);
#2187=AXIS2_PLACEMENT_3D('',#3247,#2512,#2513);
#2188=AXIS2_PLACEMENT_3D('',#3250,#2515,#2516);
#2189=AXIS2_PLACEMENT_3D('',#3254,#2518,#2519);
#2190=AXIS2_PLACEMENT_3D('',#3258,#2521,#2522);
#2191=AXIS2_PLACEMENT_3D('',#3261,#2524,#2525);
#2192=AXIS2_PLACEMENT_3D('',#3262,#2526,#2527);
#2193=AXIS2_PLACEMENT_3D('',#3268,#2530,#2531);
#2194=AXIS2_PLACEMENT_3D('',#3271,#2533,#2534);
#2195=AXIS2_PLACEMENT_3D('',#3272,#2535,#2536);
#2196=AXIS2_PLACEMENT_3D('',#3278,#2540,#2541);
#2197=AXIS2_PLACEMENT_3D('',#3281,#2543,#2544);
#2198=AXIS2_PLACEMENT_3D('',#3282,#2545,#2546);
#2199=AXIS2_PLACEMENT_3D('',#3287,#2548,#2549);
#2200=AXIS2_PLACEMENT_3D('',#3290,#2551,#2552);
#2201=AXIS2_PLACEMENT_3D('',#3291,#2553,#2554);
#2202=AXIS2_PLACEMENT_3D('',#3297,#2558,#2559);
#2203=AXIS2_PLACEMENT_3D('',#3298,#2560,#2561);
#2204=AXIS2_PLACEMENT_3D('',#3299,#2562,#2563);
#2205=AXIS2_PLACEMENT_3D('',#3300,#2564,#2565);
#2206=AXIS2_PLACEMENT_3D('',#3301,#2566,#2567);
#2207=AXIS2_PLACEMENT_3D('',#3302,#2568,#2569);
#2208=AXIS2_PLACEMENT_3D('',#3306,#2572,#2573);
#2209=AXIS2_PLACEMENT_3D('',#3308,#2574,#2575);
#2210=AXIS2_PLACEMENT_3D('',#3312,#2577,#2578);
#2211=AXIS2_PLACEMENT_3D('',#3316,#2580,#2581);
#2212=AXIS2_PLACEMENT_3D('',#3319,#2583,#2584);
#2213=AXIS2_PLACEMENT_3D('',#3323,#2586,#2587);
#2214=AXIS2_PLACEMENT_3D('',#3327,#2589,#2590);
#2215=AXIS2_PLACEMENT_3D('',#3331,#2592,#2593);
#2216=AXIS2_PLACEMENT_3D('',#3335,#2595,#2596);
#2217=AXIS2_PLACEMENT_3D('',#3337,#2598,#2599);
#2218=AXIS2_PLACEMENT_3D('',#3343,#2603,#2604);
#2219=AXIS2_PLACEMENT_3D('',#3346,#2606,#2607);
#2220=AXIS2_PLACEMENT_3D('',#3347,#2608,#2609);
#2221=AXIS2_PLACEMENT_3D('',#3351,#2612,#2613);
#2222=AXIS2_PLACEMENT_3D('',#3354,#2615,#2616);
#2223=AXIS2_PLACEMENT_3D('',#3355,#2617,#2618);
#2224=AXIS2_PLACEMENT_3D('',#3357,#2620,#2621);
#2225=AXIS2_PLACEMENT_3D('',#3359,#2623,#2624);
#2226=AXIS2_PLACEMENT_3D('',#3361,#2626,#2627);
#2227=AXIS2_PLACEMENT_3D('',#3363,#2628,#2629);
#2228=AXIS2_PLACEMENT_3D('',#3366,#2631,#2632);
#2229=AXIS2_PLACEMENT_3D('',#3367,#2633,#2634);
#2230=AXIS2_PLACEMENT_3D('',#3368,#2635,#2636);
#2231=AXIS2_PLACEMENT_3D('',#3370,#2637,#2638);
#2232=AXIS2_PLACEMENT_3D('',#3373,#2640,#2641);
#2233=AXIS2_PLACEMENT_3D('',#3374,#2642,#2643);
#2234=AXIS2_PLACEMENT_3D('',#3375,#2644,#2645);
#2235=AXIS2_PLACEMENT_3D('',#3377,#2646,#2647);
#2236=AXIS2_PLACEMENT_3D('',#3380,#2649,#2650);
#2237=AXIS2_PLACEMENT_3D('',#3381,#2651,#2652);
#2238=AXIS2_PLACEMENT_3D('',#3382,#2653,#2654);
#2239=AXIS2_PLACEMENT_3D('',#3384,#2655,#2656);
#2240=AXIS2_PLACEMENT_3D('',#3387,#2658,#2659);
#2241=AXIS2_PLACEMENT_3D('',#3388,#2660,#2661);
#2242=AXIS2_PLACEMENT_3D('',#3389,#2662,#2663);
#2243=AXIS2_PLACEMENT_3D('',#3392,#2664,#2665);
#2244=AXIS2_PLACEMENT_3D('',#3396,#2667,#2668);
#2245=AXIS2_PLACEMENT_3D('',#3398,#2670,#2671);
#2246=AXIS2_PLACEMENT_3D('',#3404,#2675,#2676);
#2247=AXIS2_PLACEMENT_3D('',#3410,#2680,#2681);
#2248=AXIS2_PLACEMENT_3D('',#3413,#2684,#2685);
#2249=AXIS2_PLACEMENT_3D('',#3414,#2686,#2687);
#2250=AXIS2_PLACEMENT_3D('',#3423,#2692,#2693);
#2251=AXIS2_PLACEMENT_3D('',#3429,#2697,#2698);
#2252=AXIS2_PLACEMENT_3D('',#3435,#2702,#2703);
#2253=AXIS2_PLACEMENT_3D('',#3436,#2704,#2705);
#2254=AXIS2_PLACEMENT_3D('',#3437,#2706,#2707);
#2255=AXIS2_PLACEMENT_3D('',#3438,#2708,#2709);
#2256=AXIS2_PLACEMENT_3D('',#3439,#2710,#2711);
#2257=AXIS2_PLACEMENT_3D('',#3442,#2712,#2713);
#2258=AXIS2_PLACEMENT_3D('',#3446,#2715,#2716);
#2259=AXIS2_PLACEMENT_3D('',#3448,#2718,#2719);
#2260=AXIS2_PLACEMENT_3D('',#3454,#2723,#2724);
#2261=AXIS2_PLACEMENT_3D('',#3460,#2728,#2729);
#2262=AXIS2_PLACEMENT_3D('',#3463,#2732,#2733);
#2263=AXIS2_PLACEMENT_3D('',#3464,#2734,#2735);
#2264=AXIS2_PLACEMENT_3D('',#3473,#2740,#2741);
#2265=AXIS2_PLACEMENT_3D('',#3479,#2745,#2746);
#2266=AXIS2_PLACEMENT_3D('',#3485,#2750,#2751);
#2267=AXIS2_PLACEMENT_3D('',#3486,#2752,#2753);
#2268=AXIS2_PLACEMENT_3D('',#3487,#2754,#2755);
#2269=AXIS2_PLACEMENT_3D('',#3488,#2756,#2757);
#2270=AXIS2_PLACEMENT_3D('',#3489,#2758,#2759);
#2271=AXIS2_PLACEMENT_3D('',#3494,#2762,#2763);
#2272=AXIS2_PLACEMENT_3D('',#3495,#2764,#2765);
#2273=AXIS2_PLACEMENT_3D('',#3499,#2768,#2769);
#2274=AXIS2_PLACEMENT_3D('',#3503,#2771,#2772);
#2275=AXIS2_PLACEMENT_3D('',#3504,#2773,#2774);
#2276=AXIS2_PLACEMENT_3D('',#3505,#2775,#2776);
#2277=AXIS2_PLACEMENT_3D('',#3511,#2780,#2781);
#2278=AXIS2_PLACEMENT_3D('',#3515,#2783,#2784);
#2279=AXIS2_PLACEMENT_3D('',#3516,#2785,#2786);
#2280=AXIS2_PLACEMENT_3D('',#3517,#2787,#2788);
#2281=AXIS2_PLACEMENT_3D('',#3522,#2792,#2793);
#2282=AXIS2_PLACEMENT_3D('',#3525,#2795,#2796);
#2283=AXIS2_PLACEMENT_3D('',#3526,#2797,#2798);
#2284=AXIS2_PLACEMENT_3D('',#3528,#2800,#2801);
#2285=AXIS2_PLACEMENT_3D('',#3530,#2803,#2804);
#2286=AXIS2_PLACEMENT_3D('',#3533,#2805,#2806);
#2287=AXIS2_PLACEMENT_3D('',#3537,#2808,#2809);
#2288=AXIS2_PLACEMENT_3D('',#3541,#2811,#2812);
#2289=AXIS2_PLACEMENT_3D('',#3545,#2814,#2815);
#2290=AXIS2_PLACEMENT_3D('',#3548,#2817,#2818);
#2291=AXIS2_PLACEMENT_3D('',#3549,#2819,#2820);
#2292=AXIS2_PLACEMENT_3D('',#3553,#2822,#2823);
#2293=AXIS2_PLACEMENT_3D('',#3555,#2825,#2826);
#2294=AXIS2_PLACEMENT_3D('',#3559,#2829,#2830);
#2295=AXIS2_PLACEMENT_3D('',#3562,#2832,#2833);
#2296=AXIS2_PLACEMENT_3D('',#3563,#2834,#2835);
#2297=AXIS2_PLACEMENT_3D('',#3567,#2838,#2839);
#2298=AXIS2_PLACEMENT_3D('',#3570,#2841,#2842);
#2299=AXIS2_PLACEMENT_3D('',#3571,#2843,#2844);
#2300=AXIS2_PLACEMENT_3D('',#3575,#2847,#2848);
#2301=AXIS2_PLACEMENT_3D('',#3578,#2850,#2851);
#2302=AXIS2_PLACEMENT_3D('',#3579,#2852,#2853);
#2303=AXIS2_PLACEMENT_3D('',#3581,#2855,#2856);
#2304=AXIS2_PLACEMENT_3D('',#3587,#2860,#2861);
#2305=AXIS2_PLACEMENT_3D('',#3590,#2863,#2864);
#2306=AXIS2_PLACEMENT_3D('',#3591,#2865,#2866);
#2307=AXIS2_PLACEMENT_3D('',#3595,#2869,#2870);
#2308=AXIS2_PLACEMENT_3D('',#3598,#2872,#2873);
#2309=AXIS2_PLACEMENT_3D('',#3599,#2874,#2875);
#2310=AXIS2_PLACEMENT_3D('',#3601,#2876,#2877);
#2311=AXIS2_PLACEMENT_3D('',#3603,#2879,#2880);
#2312=AXIS2_PLACEMENT_3D('',#3607,#2883,#2884);
#2313=AXIS2_PLACEMENT_3D('',#3609,#2885,#2886);
#2314=AXIS2_PLACEMENT_3D('',#3611,#2888,#2889);
#2315=AXIS2_PLACEMENT_3D('',#3613,#2891,#2892);
#2316=AXIS2_PLACEMENT_3D('',#3615,#2893,#2894);
#2317=AXIS2_PLACEMENT_3D('',#3617,#2896,#2897);
#2318=AXIS2_PLACEMENT_3D('',#3619,#2898,#2899);
#2319=AXIS2_PLACEMENT_3D('',#3621,#2901,#2902);
#2320=AXIS2_PLACEMENT_3D('',#3625,#2905,#2906);
#2321=AXIS2_PLACEMENT_3D('',#3628,#2907,#2908);
#2322=AXIS2_PLACEMENT_3D('',#3631,#2911,#2912);
#2323=AXIS2_PLACEMENT_3D('',#3633,#2913,#2914);
#2324=AXIS2_PLACEMENT_3D('',#3635,#2916,#2917);
#2325=AXIS2_PLACEMENT_3D('',#3637,#2919,#2920);
#2326=AXIS2_PLACEMENT_3D('',#3640,#2922,#2923);
#2327=AXIS2_PLACEMENT_3D('',#3641,#2924,#2925);
#2328=AXIS2_PLACEMENT_3D('',#3643,#2927,#2928);
#2329=AXIS2_PLACEMENT_3D('',#3645,#2930,#2931);
#2330=AXIS2_PLACEMENT_3D('',#3647,#2933,#2934);
#2331=AXIS2_PLACEMENT_3D('',#3648,#2935,#2936);
#2332=AXIS2_PLACEMENT_3D('',#3651,#2938,#2939);
#2333=AXIS2_PLACEMENT_3D('',#3652,#2940,#2941);
#2334=AXIS2_PLACEMENT_3D('',#3654,#2942,#2943);
#2335=AXIS2_PLACEMENT_3D('',#3655,#2944,#2945);
#2336=AXIS2_PLACEMENT_3D('',#3657,#2947,#2948);
#2337=AXIS2_PLACEMENT_3D('',#3658,#2949,#2950);
#2338=AXIS2_PLACEMENT_3D('',#3660,#2952,#2953);
#2339=AXIS2_PLACEMENT_3D('',#3662,#2955,#2956);
#2340=DIRECTION('axis',(0.,0.,1.));
#2341=DIRECTION('refdir',(1.,0.,0.));
#2342=DIRECTION('center_axis',(-0.707106781186551,-0.707106781186544,1.0215486689892E-30));
#2343=DIRECTION('ref_axis',(1.4446879823087E-30,0.,1.));
#2344=DIRECTION('',(0.707106781186544,-0.707106781186551,0.));
#2345=DIRECTION('',(0.,1.44468798230871E-30,1.));
#2346=DIRECTION('',(-0.707106781186544,0.707106781186551,0.));
#2347=DIRECTION('',(0.,-1.44468798230871E-30,-1.));
#2348=DIRECTION('center_axis',(0.,-1.,0.));
#2349=DIRECTION('ref_axis',(4.05112667959618E-9,7.92248249451203E-31,1.));
#2350=DIRECTION('',(-2.86457939183767E-9,0.707106781186551,-0.707106781186544));
#2351=DIRECTION('center_axis',(-6.05039258838107E-31,1.,-1.44468798230871E-30));
#2352=DIRECTION('ref_axis',(4.05112667959618E-9,0.,1.));
#2353=DIRECTION('center_axis',(6.05039258838107E-31,-1.,1.44468798230871E-30));
#2354=DIRECTION('ref_axis',(4.05112667959618E-9,1.4446879847598E-30,1.));
#2355=DIRECTION('center_axis',(4.27827362808506E-31,-0.707106781186545,
-0.70710678118655));
#2356=DIRECTION('ref_axis',(-1.,0.,-6.05039258838102E-31));
#2357=DIRECTION('',(0.,0.707106781186551,-0.707106781186545));
#2358=DIRECTION('',(1.,6.05039258838107E-31,0.));
#2359=DIRECTION('',(-1.,-6.05039258838107E-31,0.));
#2360=DIRECTION('center_axis',(0.,-1.,0.));
#2361=DIRECTION('ref_axis',(-1.,-3.31795719272017E-31,4.05112697697734E-9));
#2362=DIRECTION('',(0.707106781186545,0.70710678118655,-2.86457939183767E-9));
#2363=DIRECTION('center_axis',(-6.05039258838107E-31,1.,-1.44468798230871E-30));
#2364=DIRECTION('ref_axis',(-1.,0.,4.05112697697734E-9));
#2365=DIRECTION('center_axis',(6.05039258838107E-31,-1.,1.44468798230871E-30));
#2366=DIRECTION('ref_axis',(-1.,-6.05039252985492E-31,4.05112697697734E-9));
#2367=DIRECTION('center_axis',(0.70710678118655,-0.707106781186545,1.0215486689892E-30));
#2368=DIRECTION('ref_axis',(1.4446879823087E-30,0.,-1.));
#2369=DIRECTION('',(0.707106781186545,0.70710678118655,0.));
#2370=DIRECTION('',(0.,1.44468798230871E-30,1.));
#2371=DIRECTION('',(0.,-1.44468798230871E-30,-1.));
#2372=DIRECTION('center_axis',(-6.05039258838107E-31,1.,-1.44468798230871E-30));
#2373=DIRECTION('ref_axis',(0.,1.44468798230871E-30,1.));
#2374=DIRECTION('',(-1.,-6.05039258838107E-31,0.));
#2375=DIRECTION('',(0.,0.,-1.));
#2376=DIRECTION('center_axis',(0.,1.,0.));
#2377=DIRECTION('ref_axis',(4.05112672534713E-9,0.,1.));
#2378=DIRECTION('',(1.,0.,0.));
#2379=DIRECTION('center_axis',(0.,1.,0.));
#2380=DIRECTION('ref_axis',(-1.,0.,4.05112603145774E-9));
#2381=DIRECTION('',(0.,0.,1.));
#2382=DIRECTION('',(-1.,-6.05039258838107E-31,0.));
#2383=DIRECTION('center_axis',(0.,0.,-1.));
#2384=DIRECTION('ref_axis',(-1.,0.,0.));
#2385=DIRECTION('',(0.,1.,0.));
#2386=DIRECTION('',(-1.,0.,0.));
#2387=DIRECTION('',(0.,1.,0.));
#2388=DIRECTION('',(-1.,0.,0.));
#2389=DIRECTION('',(0.,1.,0.));
#2390=DIRECTION('',(1.,0.,0.));
#2391=DIRECTION('',(-0.707106781186549,0.707106781186546,0.));
#2392=DIRECTION('center_axis',(1.,0.,0.));
#2393=DIRECTION('ref_axis',(0.,0.,-1.));
#2394=DIRECTION('',(0.,1.,0.));
#2395=DIRECTION('',(0.,0.,1.));
#2396=DIRECTION('center_axis',(0.707106781186546,-0.707106781186549,0.));
#2397=DIRECTION('ref_axis',(0.,0.,-1.));
#2398=DIRECTION('',(-0.707106781186549,-0.707106781186546,0.));
#2399=DIRECTION('',(-0.707106781186549,-0.707106781186547,-5.23364152894593E-16));
#2400=DIRECTION('',(0.,0.,1.));
#2401=DIRECTION('',(0.,-0.707106781186546,0.707106781186549));
#2402=DIRECTION('center_axis',(0.,-0.707106781186549,-0.707106781186546));
#2403=DIRECTION('ref_axis',(-1.,0.,0.));
#2404=DIRECTION('',(1.,0.,0.));
#2405=DIRECTION('',(2.61682076447296E-16,-0.707106781186546,0.707106781186549));
#2406=DIRECTION('',(0.707106781186549,-0.707106781186546,0.));
#2407=DIRECTION('center_axis',(-0.707106781186546,-0.707106781186549,0.));
#2408=DIRECTION('ref_axis',(0.,0.,1.));
#2409=DIRECTION('',(0.,0.,-1.));
#2410=DIRECTION('center_axis',(0.,1.,0.));
#2411=DIRECTION('ref_axis',(4.05112667959618E-9,0.,1.));
#2412=DIRECTION('',(0.,1.,0.));
#2413=DIRECTION('center_axis',(0.,-1.,0.));
#2414=DIRECTION('ref_axis',(4.05112667959618E-9,0.,1.));
#2415=DIRECTION('center_axis',(0.,0.,1.));
#2416=DIRECTION('ref_axis',(1.,0.,0.));
#2417=DIRECTION('',(0.,1.,0.));
#2418=DIRECTION('',(-1.,0.,0.));
#2419=DIRECTION('center_axis',(0.,1.,0.));
#2420=DIRECTION('ref_axis',(-1.,0.,4.05112697697734E-9));
#2421=DIRECTION('',(0.,-1.,0.));
#2422=DIRECTION('center_axis',(0.,-1.,0.));
#2423=DIRECTION('ref_axis',(-1.,0.,4.05112697697734E-9));
#2424=DIRECTION('center_axis',(-1.,0.,0.));
#2425=DIRECTION('ref_axis',(0.,0.,1.));
#2426=DIRECTION('',(0.,-1.,0.));
#2427=DIRECTION('',(0.,0.,-1.));
#2428=DIRECTION('center_axis',(0.,0.,-1.));
#2429=DIRECTION('ref_axis',(-1.,0.,0.));
#2430=DIRECTION('',(1.,0.,0.));
#2431=DIRECTION('',(0.,1.,0.));
#2432=DIRECTION('',(-1.,0.,0.));
#2433=DIRECTION('',(0.,1.,0.));
#2434=DIRECTION('',(-1.,0.,0.));
#2435=DIRECTION('center_axis',(0.707106781186548,0.,-0.707106781186547));
#2436=DIRECTION('ref_axis',(-0.707106781186547,0.,-0.707106781186548));
#2437=DIRECTION('',(0.,-1.,0.));
#2438=DIRECTION('',(-0.707106781186547,0.,-0.707106781186548));
#2439=DIRECTION('',(0.,1.,0.));
#2440=DIRECTION('',(0.707106781186547,0.,0.707106781186548));
#2441=DIRECTION('center_axis',(0.,1.,0.));
#2442=DIRECTION('ref_axis',(-0.707106781186547,0.,0.707106781186548));
#2443=DIRECTION('center_axis',(0.,-1.,0.));
#2444=DIRECTION('ref_axis',(-0.707106781186547,0.,0.707106781186548));
#2445=DIRECTION('',(0.,-1.,0.));
#2446=DIRECTION('center_axis',(0.,1.,0.));
#2447=DIRECTION('ref_axis',(-0.707106781186547,0.,0.707106781186548));
#2448=DIRECTION('center_axis',(0.,1.,0.));
#2449=DIRECTION('ref_axis',(-1.23358113847239E-15,0.,1.));
#2450=DIRECTION('',(0.,-1.,0.));
#2451=DIRECTION('center_axis',(0.,-1.,0.));
#2452=DIRECTION('ref_axis',(-1.23358113847239E-15,0.,1.));
#2453=DIRECTION('',(0.,1.,0.));
#2454=DIRECTION('center_axis',(0.,1.,0.));
#2455=DIRECTION('ref_axis',(-1.23358113847239E-15,0.,1.));
#2456=DIRECTION('center_axis',(-0.707106781186548,0.,-0.707106781186547));
#2457=DIRECTION('ref_axis',(-0.707106781186547,0.,0.707106781186548));
#2458=DIRECTION('',(-0.707106781186547,0.,0.707106781186548));
#2459=DIRECTION('',(0.,1.,0.));
#2460=DIRECTION('',(0.707106781186547,0.,-0.707106781186548));
#2461=DIRECTION('center_axis',(0.,1.,0.));
#2462=DIRECTION('ref_axis',(1.48029736616688E-15,0.,-1.));
#2463=DIRECTION('center_axis',(0.,1.,0.));
#2464=DIRECTION('ref_axis',(1.48029736616688E-15,0.,-1.));
#2465=DIRECTION('',(0.,1.,0.));
#2466=DIRECTION('center_axis',(0.,-1.,0.));
#2467=DIRECTION('ref_axis',(1.48029736616688E-15,0.,-1.));
#2468=DIRECTION('center_axis',(0.,0.,-1.));
#2469=DIRECTION('ref_axis',(-1.,0.,0.));
#2470=DIRECTION('',(-1.,0.,0.));
#2471=DIRECTION('',(0.,1.,0.));
#2472=DIRECTION('',(1.,0.,0.));
#2473=DIRECTION('center_axis',(-1.,0.,0.));
#2474=DIRECTION('ref_axis',(0.,0.,1.));
#2475=DIRECTION('',(0.,0.,1.));
#2476=DIRECTION('',(0.,0.,-1.));
#2477=DIRECTION('center_axis',(1.,0.,0.));
#2478=DIRECTION('ref_axis',(0.,0.,-1.));
#2479=DIRECTION('',(0.,0.,-1.));
#2480=DIRECTION('',(0.,1.,0.));
#2481=DIRECTION('',(0.,0.,1.));
#2482=DIRECTION('center_axis',(0.,0.,-1.));
#2483=DIRECTION('ref_axis',(-1.,0.,0.));
#2484=DIRECTION('',(-1.,0.,0.));
#2485=DIRECTION('',(0.,1.,0.));
#2486=DIRECTION('',(1.,0.,0.));
#2487=DIRECTION('center_axis',(0.,1.,0.));
#2488=DIRECTION('ref_axis',(0.707106781186549,0.,-0.707106781186546));
#2489=DIRECTION('center_axis',(0.,1.,0.));
#2490=DIRECTION('ref_axis',(0.707106781186549,0.,-0.707106781186546));
#2491=DIRECTION('center_axis',(0.,-1.,0.));
#2492=DIRECTION('ref_axis',(0.707106781186549,0.,-0.707106781186546));
#2493=DIRECTION('center_axis',(0.,-1.,0.));
#2494=DIRECTION('ref_axis',(1.,0.,0.));
#2495=DIRECTION('',(-1.,0.,0.));
#2496=DIRECTION('',(0.,0.,-1.));
#2497=DIRECTION('',(1.,0.,0.));
#2498=DIRECTION('',(0.,0.,1.));
#2499=DIRECTION('',(-1.,0.,0.));
#2500=DIRECTION('center_axis',(0.,0.,1.));
#2501=DIRECTION('ref_axis',(1.,0.,0.));
#2502=DIRECTION('',(1.,0.,0.));
#2503=DIRECTION('center_axis',(0.,0.,1.));
#2504=DIRECTION('ref_axis',(-1.,0.,0.));
#2505=DIRECTION('',(0.,-1.,0.));
#2506=DIRECTION('center_axis',(0.,0.,1.));
#2507=DIRECTION('ref_axis',(0.,1.,0.));
#2508=DIRECTION('',(-1.,0.,0.));
#2509=DIRECTION('center_axis',(0.,0.,1.));
#2510=DIRECTION('ref_axis',(1.,0.,0.));
#2511=DIRECTION('',(0.,1.,0.));
#2512=DIRECTION('center_axis',(0.,0.,1.));
#2513=DIRECTION('ref_axis',(0.,-1.,0.));
#2514=DIRECTION('',(1.,0.,0.));
#2515=DIRECTION('center_axis',(0.,0.,-1.));
#2516=DIRECTION('ref_axis',(0.707106781186548,-0.707106781186548,0.));
#2517=DIRECTION('',(0.,-1.,0.));
#2518=DIRECTION('center_axis',(0.,0.,-1.));
#2519=DIRECTION('ref_axis',(0.707106781186546,0.707106781186549,0.));
#2520=DIRECTION('',(1.,0.,0.));
#2521=DIRECTION('center_axis',(0.,0.,-1.));
#2522=DIRECTION('ref_axis',(-0.707106781186548,0.707106781186548,0.));
#2523=DIRECTION('',(0.,1.,0.));
#2524=DIRECTION('center_axis',(0.,0.,-1.));
#2525=DIRECTION('ref_axis',(-0.707106781186546,-0.707106781186549,0.));
#2526=DIRECTION('center_axis',(0.,-1.,0.));
#2527=DIRECTION('ref_axis',(1.,0.,0.));
#2528=DIRECTION('',(0.,0.,1.));
#2529=DIRECTION('',(-1.,0.,0.));
#2530=DIRECTION('center_axis',(0.,-1.,0.));
#2531=DIRECTION('ref_axis',(-0.707106781186547,0.,0.707106781186548));
#2532=DIRECTION('',(-0.707106781186548,0.,-0.707106781186548));
#2533=DIRECTION('center_axis',(0.,1.,0.));
#2534=DIRECTION('ref_axis',(0.707106781186549,0.,-0.707106781186546));
#2535=DIRECTION('center_axis',(0.707106781186548,0.,-0.707106781186548));
#2536=DIRECTION('ref_axis',(-0.707106781186548,0.,-0.707106781186548));
#2537=DIRECTION('',(0.,-1.,0.));
#2538=DIRECTION('',(0.,1.,0.));
#2539=DIRECTION('',(0.707106781186548,0.,0.707106781186548));
#2540=DIRECTION('center_axis',(0.,1.,0.));
#2541=DIRECTION('ref_axis',(-0.707106781186547,0.,0.707106781186548));
#2542=DIRECTION('',(0.,-1.,0.));
#2543=DIRECTION('center_axis',(0.,1.,0.));
#2544=DIRECTION('ref_axis',(-0.707106781186547,0.,0.707106781186548));
#2545=DIRECTION('center_axis',(0.,1.,0.));
#2546=DIRECTION('ref_axis',(0.,0.,1.));
#2547=DIRECTION('',(0.,-1.,0.));
#2548=DIRECTION('center_axis',(0.,-1.,0.));
#2549=DIRECTION('ref_axis',(0.,0.,1.));
#2550=DIRECTION('',(0.,1.,0.));
#2551=DIRECTION('center_axis',(0.,1.,0.));
#2552=DIRECTION('ref_axis',(0.,0.,1.));
#2553=DIRECTION('center_axis',(-0.707106781186548,0.,-0.707106781186548));
#2554=DIRECTION('ref_axis',(-0.707106781186548,0.,0.707106781186548));
#2555=DIRECTION('',(-0.707106781186548,0.,0.707106781186548));
#2556=DIRECTION('',(0.,1.,0.));
#2557=DIRECTION('',(0.707106781186548,0.,-0.707106781186548));
#2558=DIRECTION('center_axis',(0.,1.,0.));
#2559=DIRECTION('ref_axis',(1.48029736616688E-15,0.,-1.));
#2560=DIRECTION('center_axis',(0.,1.,0.));
#2561=DIRECTION('ref_axis',(1.48029736616688E-15,0.,-1.));
#2562=DIRECTION('center_axis',(0.,-1.,0.));
#2563=DIRECTION('ref_axis',(1.48029736616688E-15,0.,-1.));
#2564=DIRECTION('center_axis',(0.,1.,0.));
#2565=DIRECTION('ref_axis',(0.707106781186549,0.,-0.707106781186546));
#2566=DIRECTION('center_axis',(0.,-1.,0.));
#2567=DIRECTION('ref_axis',(0.707106781186549,0.,-0.707106781186546));
#2568=DIRECTION('center_axis',(0.,-1.,0.));
#2569=DIRECTION('ref_axis',(1.,0.,0.));
#2570=DIRECTION('',(-1.,0.,0.));
#2571=DIRECTION('',(0.,0.,1.));
#2572=DIRECTION('center_axis',(0.,0.,1.));
#2573=DIRECTION('ref_axis',(1.,0.,0.));
#2574=DIRECTION('center_axis',(0.,0.,-1.));
#2575=DIRECTION('ref_axis',(0.,-1.,0.));
#2576=DIRECTION('',(0.,-1.,0.));
#2577=DIRECTION('center_axis',(0.,0.,-1.));
#2578=DIRECTION('ref_axis',(1.,0.,0.));
#2579=DIRECTION('',(1.,0.,0.));
#2580=DIRECTION('center_axis',(0.,0.,-1.));
#2581=DIRECTION('ref_axis',(0.,1.,0.));
#2582=DIRECTION('',(0.,1.,0.));
#2583=DIRECTION('center_axis',(0.,0.,-1.));
#2584=DIRECTION('ref_axis',(-1.,0.,0.));
#2585=DIRECTION('',(1.,0.,0.));
#2586=DIRECTION('center_axis',(0.,0.,1.));
#2587=DIRECTION('ref_axis',(-0.707106781186547,-0.707106781186547,0.));
#2588=DIRECTION('',(0.,-1.,0.));
#2589=DIRECTION('center_axis',(0.,0.,1.));
#2590=DIRECTION('ref_axis',(-0.707106781186547,0.707106781186547,0.));
#2591=DIRECTION('',(-1.,0.,0.));
#2592=DIRECTION('center_axis',(0.,0.,1.));
#2593=DIRECTION('ref_axis',(0.707106781186547,0.707106781186547,0.));
#2594=DIRECTION('',(0.,1.,0.));
#2595=DIRECTION('center_axis',(0.,0.,1.));
#2596=DIRECTION('ref_axis',(0.707106781186547,-0.707106781186547,0.));
#2597=DIRECTION('',(1.,0.,0.));
#2598=DIRECTION('center_axis',(-1.,0.,0.));
#2599=DIRECTION('ref_axis',(0.,-1.,0.));
#2600=DIRECTION('',(0.,0.,-1.));
#2601=DIRECTION('',(0.,-1.,0.));
#2602=DIRECTION('',(0.,0.,1.));
#2603=DIRECTION('center_axis',(0.,0.,1.));
#2604=DIRECTION('ref_axis',(-0.707106781186547,-0.707106781186547,0.));
#2605=DIRECTION('',(0.,0.,1.));
#2606=DIRECTION('center_axis',(0.,0.,1.));
#2607=DIRECTION('ref_axis',(-0.707106781186547,-0.707106781186547,0.));
#2608=DIRECTION('center_axis',(0.,-1.,0.));
#2609=DIRECTION('ref_axis',(1.,0.,0.));
#2610=DIRECTION('',(0.,0.,-1.));
#2611=DIRECTION('',(1.,0.,0.));
#2612=DIRECTION('center_axis',(0.,0.,1.));
#2613=DIRECTION('ref_axis',(0.707106781186547,-0.707106781186547,0.));
#2614=DIRECTION('',(0.,0.,1.));
#2615=DIRECTION('center_axis',(0.,0.,1.));
#2616=DIRECTION('ref_axis',(0.707106781186547,-0.707106781186547,0.));
#2617=DIRECTION('center_axis',(0.,0.,1.));
#2618=DIRECTION('ref_axis',(0.,-1.,0.));
#2619=DIRECTION('',(0.,0.,1.));
#2620=DIRECTION('center_axis',(0.,0.,1.));
#2621=DIRECTION('ref_axis',(-1.,0.,0.));
#2622=DIRECTION('',(0.,0.,1.));
#2623=DIRECTION('center_axis',(-1.,0.,0.));
#2624=DIRECTION('ref_axis',(0.,-1.,0.));
#2625=DIRECTION('',(0.,0.,1.));
#2626=DIRECTION('center_axis',(0.,0.,1.));
#2627=DIRECTION('ref_axis',(1.,0.,0.));
#2628=DIRECTION('center_axis',(0.,0.,1.));
#2629=DIRECTION('ref_axis',(1.,0.,0.));
#2630=DIRECTION('',(0.,0.,1.));
#2631=DIRECTION('center_axis',(0.,0.,1.));
#2632=DIRECTION('ref_axis',(1.,0.,0.));
#2633=DIRECTION('center_axis',(0.,0.,1.));
#2634=DIRECTION('ref_axis',(1.,0.,0.));
#2635=DIRECTION('center_axis',(0.,0.,1.));
#2636=DIRECTION('ref_axis',(1.,0.,0.));
#2637=DIRECTION('center_axis',(0.,0.,1.));
#2638=DIRECTION('ref_axis',(1.,0.,0.));
#2639=DIRECTION('',(0.,0.,1.));
#2640=DIRECTION('center_axis',(0.,0.,1.));
#2641=DIRECTION('ref_axis',(1.,0.,0.));
#2642=DIRECTION('center_axis',(0.,0.,1.));
#2643=DIRECTION('ref_axis',(1.,0.,0.));
#2644=DIRECTION('center_axis',(0.,0.,1.));
#2645=DIRECTION('ref_axis',(1.,0.,0.));
#2646=DIRECTION('center_axis',(0.,0.,1.));
#2647=DIRECTION('ref_axis',(1.,0.,0.));
#2648=DIRECTION('',(0.,0.,1.));
#2649=DIRECTION('center_axis',(0.,0.,1.));
#2650=DIRECTION('ref_axis',(1.,0.,0.));
#2651=DIRECTION('center_axis',(0.,0.,1.));
#2652=DIRECTION('ref_axis',(1.,0.,0.));
#2653=DIRECTION('center_axis',(0.,0.,1.));
#2654=DIRECTION('ref_axis',(1.,0.,0.));
#2655=DIRECTION('center_axis',(0.,0.,1.));
#2656=DIRECTION('ref_axis',(1.,0.,0.));
#2657=DIRECTION('',(0.,0.,1.));
#2658=DIRECTION('center_axis',(0.,0.,1.));
#2659=DIRECTION('ref_axis',(1.,0.,0.));
#2660=DIRECTION('center_axis',(0.,0.,1.));
#2661=DIRECTION('ref_axis',(1.,0.,0.));
#2662=DIRECTION('center_axis',(0.,0.,1.));
#2663=DIRECTION('ref_axis',(-1.,1.22464679914735E-16,0.));
#2664=DIRECTION('center_axis',(0.,0.,1.));
#2665=DIRECTION('ref_axis',(1.,0.,0.));
#2666=DIRECTION('',(0.,0.,1.));
#2667=DIRECTION('center_axis',(0.,0.,1.));
#2668=DIRECTION('ref_axis',(1.,0.,0.));
#2669=DIRECTION('',(0.,0.,1.));
#2670=DIRECTION('center_axis',(0.,1.,0.));
#2671=DIRECTION('ref_axis',(-1.,0.,0.));
#2672=DIRECTION('',(-1.,0.,0.));
#2673=DIRECTION('',(0.,0.,1.));
#2674=DIRECTION('',(1.,0.,0.));
#2675=DIRECTION('center_axis',(1.,0.,0.));
#2676=DIRECTION('ref_axis',(0.,1.,0.));
#2677=DIRECTION('',(0.,1.,0.));
#2678=DIRECTION('',(0.,0.,1.));
#2679=DIRECTION('',(0.,-1.,0.));
#2680=DIRECTION('center_axis',(0.,-1.,0.));
#2681=DIRECTION('ref_axis',(1.,0.,0.));
#2682=DIRECTION('',(1.,0.,0.));
#2683=DIRECTION('',(-1.,0.,0.));
#2684=DIRECTION('center_axis',(0.,0.,1.));
#2685=DIRECTION('ref_axis',(1.,0.,0.));
#2686=DIRECTION('center_axis',(0.,-1.,0.));
#2687=DIRECTION('ref_axis',(1.,0.,0.));
#2688=DIRECTION('',(1.,0.,0.));
#2689=DIRECTION('',(0.,0.,1.));
#2690=DIRECTION('',(1.,0.,0.));
#2691=DIRECTION('',(0.,0.,1.));
#2692=DIRECTION('center_axis',(-1.,0.,0.));
#2693=DIRECTION('ref_axis',(0.,-1.,0.));
#2694=DIRECTION('',(0.,-1.,0.));
#2695=DIRECTION('',(0.,0.,1.));
#2696=DIRECTION('',(0.,-1.,0.));
#2697=DIRECTION('center_axis',(0.,1.,0.));
#2698=DIRECTION('ref_axis',(-1.,0.,0.));
#2699=DIRECTION('',(-1.,0.,0.));
#2700=DIRECTION('',(0.,0.,1.));
#2701=DIRECTION('',(-1.,0.,0.));
#2702=DIRECTION('center_axis',(0.,0.,1.));
#2703=DIRECTION('ref_axis',(1.,0.,0.));
#2704=DIRECTION('center_axis',(0.,0.,1.));
#2705=DIRECTION('ref_axis',(1.,0.,0.));
#2706=DIRECTION('center_axis',(0.,0.,1.));
#2707=DIRECTION('ref_axis',(1.,0.,0.));
#2708=DIRECTION('center_axis',(0.,0.,1.));
#2709=DIRECTION('ref_axis',(1.,0.,0.));
#2710=DIRECTION('center_axis',(0.,0.,1.));
#2711=DIRECTION('ref_axis',(1.,0.,0.));
#2712=DIRECTION('center_axis',(0.,0.,1.));
#2713=DIRECTION('ref_axis',(1.,0.,0.));
#2714=DIRECTION('',(0.,0.,1.));
#2715=DIRECTION('center_axis',(0.,0.,1.));
#2716=DIRECTION('ref_axis',(1.,0.,0.));
#2717=DIRECTION('',(0.,0.,1.));
#2718=DIRECTION('center_axis',(0.,-1.,0.));
#2719=DIRECTION('ref_axis',(1.,0.,0.));
#2720=DIRECTION('',(1.,0.,0.));
#2721=DIRECTION('',(0.,0.,1.));
#2722=DIRECTION('',(-1.,0.,0.));
#2723=DIRECTION('center_axis',(-1.,0.,0.));
#2724=DIRECTION('ref_axis',(0.,-1.,0.));
#2725=DIRECTION('',(0.,-1.,0.));
#2726=DIRECTION('',(0.,0.,1.));
#2727=DIRECTION('',(0.,1.,0.));
#2728=DIRECTION('center_axis',(0.,1.,0.));
#2729=DIRECTION('ref_axis',(-1.,0.,0.));
#2730=DIRECTION('',(-1.,0.,0.));
#2731=DIRECTION('',(1.,0.,0.));
#2732=DIRECTION('center_axis',(0.,0.,1.));
#2733=DIRECTION('ref_axis',(1.,0.,0.));
#2734=DIRECTION('center_axis',(0.,1.,0.));
#2735=DIRECTION('ref_axis',(-1.,0.,0.));
#2736=DIRECTION('',(-1.,0.,0.));
#2737=DIRECTION('',(0.,0.,1.));
#2738=DIRECTION('',(-1.,0.,0.));
#2739=DIRECTION('',(0.,0.,1.));
#2740=DIRECTION('center_axis',(1.,0.,0.));
#2741=DIRECTION('ref_axis',(0.,1.,0.));
#2742=DIRECTION('',(0.,1.,0.));
#2743=DIRECTION('',(0.,0.,1.));
#2744=DIRECTION('',(0.,1.,0.));
#2745=DIRECTION('center_axis',(0.,-1.,0.));
#2746=DIRECTION('ref_axis',(1.,0.,0.));
#2747=DIRECTION('',(1.,0.,0.));
#2748=DIRECTION('',(0.,0.,1.));
#2749=DIRECTION('',(1.,0.,0.));
#2750=DIRECTION('center_axis',(0.,0.,1.));
#2751=DIRECTION('ref_axis',(-1.,1.22464679914735E-16,0.));
#2752=DIRECTION('center_axis',(0.,0.,1.));
#2753=DIRECTION('ref_axis',(1.,0.,0.));
#2754=DIRECTION('center_axis',(0.,0.,1.));
#2755=DIRECTION('ref_axis',(1.,0.,0.));
#2756=DIRECTION('center_axis',(0.,0.,1.));
#2757=DIRECTION('ref_axis',(1.,0.,0.));
#2758=DIRECTION('center_axis',(0.,0.,-1.));
#2759=DIRECTION('ref_axis',(-0.707106781186547,-0.707106781186547,0.));
#2760=DIRECTION('',(-0.707106781186548,0.,-0.707106781186548));
#2761=DIRECTION('',(0.,0.707106781186544,0.707106781186551));
#2762=DIRECTION('center_axis',(0.,0.,-1.));
#2763=DIRECTION('ref_axis',(-0.707106781186547,-0.707106781186547,0.));
#2764=DIRECTION('center_axis',(-0.707106781186548,0.,0.707106781186548));
#2765=DIRECTION('ref_axis',(0.707106781186548,0.,0.707106781186548));
#2766=DIRECTION('',(0.,1.,0.));
#2767=DIRECTION('',(-0.707106781186548,0.,-0.707106781186548));
#2768=DIRECTION('center_axis',(0.,0.,-1.));
#2769=DIRECTION('ref_axis',(-0.707106781186547,0.707106781186547,0.));
#2770=DIRECTION('',(0.,0.707106781186544,-0.707106781186551));
#2771=DIRECTION('center_axis',(0.,0.,1.));
#2772=DIRECTION('ref_axis',(-0.707106781186547,0.707106781186547,0.));
#2773=DIRECTION('center_axis',(0.,0.,-1.));
#2774=DIRECTION('ref_axis',(-0.707106781186547,0.707106781186547,0.));
#2775=DIRECTION('center_axis',(0.,0.707106781186548,0.707106781186548));
#2776=DIRECTION('ref_axis',(1.,0.,0.));
#2777=DIRECTION('',(1.,0.,0.));
#2778=DIRECTION('',(0.,0.707106781186548,-0.707106781186548));
#2779=DIRECTION('',(-1.,0.,0.));
#2780=DIRECTION('center_axis',(0.,0.,-1.));
#2781=DIRECTION('ref_axis',(0.707106781186547,0.707106781186547,0.));
#2782=DIRECTION('',(0.707106781186548,0.,-0.707106781186548));
#2783=DIRECTION('center_axis',(0.,0.,1.));
#2784=DIRECTION('ref_axis',(0.707106781186547,0.707106781186547,0.));
#2785=DIRECTION('center_axis',(0.,0.,-1.));
#2786=DIRECTION('ref_axis',(0.707106781186547,0.707106781186547,0.));
#2787=DIRECTION('center_axis',(0.707106781186548,0.,0.707106781186548));
#2788=DIRECTION('ref_axis',(0.707106781186548,0.,-0.707106781186548));
#2789=DIRECTION('',(0.,-1.,0.));
#2790=DIRECTION('',(0.707106781186548,0.,-0.707106781186548));
#2791=DIRECTION('',(0.,1.,0.));
#2792=DIRECTION('center_axis',(0.,0.,-1.));
#2793=DIRECTION('ref_axis',(0.707106781186547,-0.707106781186547,0.));
#2794=DIRECTION('',(0.,-0.707106781186544,-0.707106781186551));
#2795=DIRECTION('center_axis',(0.,0.,-1.));
#2796=DIRECTION('ref_axis',(0.707106781186547,-0.707106781186547,0.));
#2797=DIRECTION('center_axis',(0.,-0.707106781186548,0.707106781186548));
#2798=DIRECTION('ref_axis',(1.,0.,0.));
#2799=DIRECTION('',(-1.,0.,0.));
#2800=DIRECTION('center_axis',(1.,0.,0.));
#2801=DIRECTION('ref_axis',(0.,1.,0.));
#2802=DIRECTION('',(0.,0.,-1.));
#2803=DIRECTION('center_axis',(0.,0.,1.));
#2804=DIRECTION('ref_axis',(1.,0.,0.));
#2805=DIRECTION('center_axis',(0.,0.,1.));
#2806=DIRECTION('ref_axis',(-0.707106781186544,0.707106781186551,0.));
#2807=DIRECTION('',(-1.,0.,0.));
#2808=DIRECTION('center_axis',(0.,0.,1.));
#2809=DIRECTION('ref_axis',(0.707106781186548,0.707106781186548,0.));
#2810=DIRECTION('',(0.,1.,0.));
#2811=DIRECTION('center_axis',(0.,0.,1.));
#2812=DIRECTION('ref_axis',(0.707106781186544,-0.707106781186551,0.));
#2813=DIRECTION('',(1.,0.,0.));
#2814=DIRECTION('center_axis',(0.,0.,1.));
#2815=DIRECTION('ref_axis',(-0.707106781186548,-0.707106781186548,0.));
#2816=DIRECTION('',(0.,-1.,0.));
#2817=DIRECTION('center_axis',(0.,0.,-1.));
#2818=DIRECTION('ref_axis',(1.,0.,0.));
#2819=DIRECTION('center_axis',(0.,0.,1.));
#2820=DIRECTION('ref_axis',(-0.707106781186544,0.707106781186551,0.));
#2821=DIRECTION('',(0.707106781186548,0.,-0.707106781186547));
#2822=DIRECTION('center_axis',(0.,0.,-1.));
#2823=DIRECTION('ref_axis',(-0.707106781186544,0.707106781186551,0.));
#2824=DIRECTION('',(0.,0.707106781186548,0.707106781186547));
#2825=DIRECTION('center_axis',(0.707106781186547,0.,0.707106781186548));
#2826=DIRECTION('ref_axis',(0.707106781186548,0.,-0.707106781186547));
#2827=DIRECTION('',(0.707106781186548,0.,-0.707106781186547));
#2828=DIRECTION('',(0.,1.,0.));
#2829=DIRECTION('center_axis',(0.,0.,1.));
#2830=DIRECTION('ref_axis',(-0.707106781186547,-0.707106781186547,0.));
#2831=DIRECTION('',(0.,0.707106781186549,-0.707106781186546));
#2832=DIRECTION('center_axis',(0.,0.,-1.));
#2833=DIRECTION('ref_axis',(-0.707106781186548,-0.707106781186548,0.));
#2834=DIRECTION('center_axis',(0.,0.707106781186547,0.707106781186548));
#2835=DIRECTION('ref_axis',(1.,0.,0.));
#2836=DIRECTION('',(0.,0.707106781186548,-0.707106781186547));
#2837=DIRECTION('',(-1.,0.,0.));
#2838=DIRECTION('center_axis',(0.,0.,1.));
#2839=DIRECTION('ref_axis',(0.707106781186544,-0.707106781186551,0.));
#2840=DIRECTION('',(-0.707106781186548,0.,-0.707106781186547));
#2841=DIRECTION('center_axis',(0.,0.,-1.));
#2842=DIRECTION('ref_axis',(0.707106781186544,-0.707106781186551,0.));
#2843=DIRECTION('center_axis',(-0.707106781186547,0.,0.707106781186548));
#2844=DIRECTION('ref_axis',(0.707106781186548,0.,0.707106781186547));
#2845=DIRECTION('',(-0.707106781186548,0.,-0.707106781186547));
#2846=DIRECTION('',(0.,-1.,0.));
#2847=DIRECTION('center_axis',(0.,0.,1.));
#2848=DIRECTION('ref_axis',(0.707106781186547,0.707106781186547,0.));
#2849=DIRECTION('',(0.,-0.707106781186549,-0.707106781186546));
#2850=DIRECTION('center_axis',(0.,0.,-1.));
#2851=DIRECTION('ref_axis',(0.707106781186548,0.707106781186548,0.));
#2852=DIRECTION('center_axis',(0.,-0.707106781186547,0.707106781186548));
#2853=DIRECTION('ref_axis',(1.,0.,0.));
#2854=DIRECTION('',(1.,0.,0.));
#2855=DIRECTION('center_axis',(1.,0.,0.));
#2856=DIRECTION('ref_axis',(0.,1.,0.));
#2857=DIRECTION('',(0.,0.,1.));
#2858=DIRECTION('',(0.,1.,0.));
#2859=DIRECTION('',(0.,0.,-1.));
#2860=DIRECTION('center_axis',(0.,0.,1.));
#2861=DIRECTION('ref_axis',(0.707106781186548,0.707106781186548,0.));
#2862=DIRECTION('',(0.,0.,-1.));
#2863=DIRECTION('center_axis',(0.,0.,-1.));
#2864=DIRECTION('ref_axis',(0.707106781186548,0.707106781186548,0.));
#2865=DIRECTION('center_axis',(0.,1.,0.));
#2866=DIRECTION('ref_axis',(-1.,0.,0.));
#2867=DIRECTION('',(0.,0.,1.));
#2868=DIRECTION('',(-1.,0.,0.));
#2869=DIRECTION('center_axis',(0.,0.,1.));
#2870=DIRECTION('ref_axis',(-0.707106781186544,0.707106781186551,0.));
#2871=DIRECTION('',(0.,0.,-1.));
#2872=DIRECTION('center_axis',(0.,0.,-1.));
#2873=DIRECTION('ref_axis',(-0.707106781186544,0.707106781186551,0.));
#2874=DIRECTION('center_axis',(0.,0.,1.));
#2875=DIRECTION('ref_axis',(0.707106781186544,-0.707106781186551,0.));
#2876=DIRECTION('center_axis',(0.,0.,-1.));
#2877=DIRECTION('ref_axis',(0.707106781186544,-0.707106781186551,0.));
#2878=DIRECTION('',(0.,0.,1.));
#2879=DIRECTION('center_axis',(0.,-1.,0.));
#2880=DIRECTION('ref_axis',(1.,0.,0.));
#2881=DIRECTION('',(1.,0.,0.));
#2882=DIRECTION('',(0.,0.,-1.));
#2883=DIRECTION('center_axis',(0.,0.,1.));
#2884=DIRECTION('ref_axis',(-0.707106781186548,-0.707106781186548,0.));
#2885=DIRECTION('center_axis',(0.,0.,-1.));
#2886=DIRECTION('ref_axis',(-0.707106781186548,-0.707106781186548,0.));
#2887=DIRECTION('',(0.,0.,1.));
#2888=DIRECTION('center_axis',(-1.,0.,0.));
#2889=DIRECTION('ref_axis',(0.,-1.,0.));
#2890=DIRECTION('',(0.,-1.,0.));
#2891=DIRECTION('center_axis',(0.,0.,1.));
#2892=DIRECTION('ref_axis',(-0.707106781186546,-0.707106781186549,0.));
#2893=DIRECTION('center_axis',(0.,0.,-1.));
#2894=DIRECTION('ref_axis',(-0.707106781186546,-0.707106781186549,0.));
#2895=DIRECTION('',(0.,0.,1.));
#2896=DIRECTION('center_axis',(0.,0.,1.));
#2897=DIRECTION('ref_axis',(0.707106781186548,-0.707106781186548,0.));
#2898=DIRECTION('center_axis',(0.,0.,-1.));
#2899=DIRECTION('ref_axis',(0.707106781186548,-0.707106781186548,0.));
#2900=DIRECTION('',(0.,0.,-1.));
#2901=DIRECTION('center_axis',(1.,0.,0.));
#2902=DIRECTION('ref_axis',(0.,1.,0.));
#2903=DIRECTION('',(0.,1.,0.));
#2904=DIRECTION('',(0.,0.,1.));
#2905=DIRECTION('center_axis',(0.,0.,1.));
#2906=DIRECTION('ref_axis',(-0.707106781186548,0.707106781186548,0.));
#2907=DIRECTION('center_axis',(0.,0.,-1.));
#2908=DIRECTION('ref_axis',(-0.707106781186548,0.707106781186548,0.));
#2909=DIRECTION('',(0.,0.,-1.));
#2910=DIRECTION('',(0.,0.,1.));
#2911=DIRECTION('center_axis',(0.,0.,1.));
#2912=DIRECTION('ref_axis',(0.707106781186546,0.707106781186549,0.));
#2913=DIRECTION('center_axis',(0.,0.,-1.));
#2914=DIRECTION('ref_axis',(0.707106781186546,0.707106781186549,0.));
#2915=DIRECTION('',(0.,0.,-1.));
#2916=DIRECTION('center_axis',(0.,1.,0.));
#2917=DIRECTION('ref_axis',(-1.,0.,0.));
#2918=DIRECTION('',(-1.,0.,0.));
#2919=DIRECTION('center_axis',(0.,0.,1.));
#2920=DIRECTION('ref_axis',(1.,0.,0.));
#2921=DIRECTION('',(0.,-1.,0.));
#2922=DIRECTION('center_axis',(0.,0.,1.));
#2923=DIRECTION('ref_axis',(1.,0.,0.));
#2924=DIRECTION('center_axis',(0.,0.,1.));
#2925=DIRECTION('ref_axis',(0.,1.,0.));
#2926=DIRECTION('',(0.,0.,1.));
#2927=DIRECTION('center_axis',(0.,1.,0.));
#2928=DIRECTION('ref_axis',(-1.,0.,0.));
#2929=DIRECTION('',(0.,0.,1.));
#2930=DIRECTION('center_axis',(0.,0.,1.));
#2931=DIRECTION('ref_axis',(1.,0.,0.));
#2932=DIRECTION('',(0.,0.,1.));
#2933=DIRECTION('center_axis',(1.,0.,0.));
#2934=DIRECTION('ref_axis',(0.,1.,0.));
#2935=DIRECTION('center_axis',(0.,0.,1.));
#2936=DIRECTION('ref_axis',(1.,0.,0.));
#2937=DIRECTION('',(0.,0.,-1.));
#2938=DIRECTION('center_axis',(0.,0.,1.));
#2939=DIRECTION('ref_axis',(1.,0.,0.));
#2940=DIRECTION('center_axis',(0.,0.,1.));
#2941=DIRECTION('ref_axis',(1.,0.,0.));
#2942=DIRECTION('center_axis',(0.,0.,-1.));
#2943=DIRECTION('ref_axis',(1.,0.,0.));
#2944=DIRECTION('center_axis',(0.,0.,1.));
#2945=DIRECTION('ref_axis',(1.,0.,0.));
#2946=DIRECTION('',(0.,0.,1.));
#2947=DIRECTION('center_axis',(-1.,0.,0.));
#2948=DIRECTION('ref_axis',(0.,-1.,0.));
#2949=DIRECTION('center_axis',(0.,0.,1.));
#2950=DIRECTION('ref_axis',(0.707106781186547,0.707106781186547,0.));
#2951=DIRECTION('',(0.,0.,1.));
#2952=DIRECTION('center_axis',(0.,0.,1.));
#2953=DIRECTION('ref_axis',(-0.707106781186547,0.707106781186547,0.));
#2954=DIRECTION('',(0.,0.,-1.));
#2955=DIRECTION('center_axis',(0.,1.,0.));
#2956=DIRECTION('ref_axis',(-1.,0.,0.));
#2957=CARTESIAN_POINT('',(0.,0.,0.));
#2958=CARTESIAN_POINT('Origin',(0.35,-4.395,-0.1375));
#2959=CARTESIAN_POINT('',(0.335,-4.38,-0.13));
#2960=CARTESIAN_POINT('',(0.365,-4.41,-0.13));
#2961=CARTESIAN_POINT('',(0.535091991411007,-4.58009199141101,-0.13));
#2962=CARTESIAN_POINT('',(0.365,-4.41,-0.115));
#2963=CARTESIAN_POINT('',(0.365,-4.41,-0.1375));
#2964=CARTESIAN_POINT('',(0.335,-4.38,-0.115));
#2965=CARTESIAN_POINT('',(0.365,-4.41,-0.115));
#2966=CARTESIAN_POINT('',(0.335,-4.38,-0.1375));
#2967=CARTESIAN_POINT('Origin',(0.194999999432842,-4.395,-0.115000000567158));
#2968=CARTESIAN_POINT('',(0.195000000121534,-4.41,0.055));
#2969=CARTESIAN_POINT('',(0.195,-4.38,0.025));
#2970=CARTESIAN_POINT('',(0.195000000121534,-4.41,0.055));
#2971=CARTESIAN_POINT('Origin',(0.194999999432842,-4.38,-0.115000000567158));
#2972=CARTESIAN_POINT('Origin',(0.194999999432842,-4.41,-0.115000000567158));
#2973=CARTESIAN_POINT('Origin',(-0.3,-4.395,0.04));
#2974=CARTESIAN_POINT('',(-0.465,-4.41,0.055));
#2975=CARTESIAN_POINT('',(-0.465,-4.38,0.025));
#2976=CARTESIAN_POINT('',(-0.465,-4.41,0.055));
#2977=CARTESIAN_POINT('',(-0.3,-4.38,0.025));
#2978=CARTESIAN_POINT('',(-0.3,-4.41,0.055));
#2979=CARTESIAN_POINT('Origin',(-0.464999999432842,-4.395,-0.115000000567158));
#2980=CARTESIAN_POINT('',(-0.635,-4.41,-0.114999999878466));
#2981=CARTESIAN_POINT('',(-0.605,-4.38,-0.115));
#2982=CARTESIAN_POINT('',(-0.635,-4.41,-0.114999999878466));
#2983=CARTESIAN_POINT('Origin',(-0.464999999432842,-4.38,-0.115000000567158));
#2984=CARTESIAN_POINT('Origin',(-0.464999999432842,-4.41,-0.115000000567158));
#2985=CARTESIAN_POINT('Origin',(-0.62,-4.395,-0.1825));
#2986=CARTESIAN_POINT('',(-0.635,-4.41,-0.13));
#2987=CARTESIAN_POINT('',(-0.605,-4.38,-0.13));
#2988=CARTESIAN_POINT('',(-0.236158008588994,-4.01115800858899,-0.13));
#2989=CARTESIAN_POINT('',(-0.605,-4.38,-0.1825));
#2990=CARTESIAN_POINT('',(-0.635,-4.41,-0.1825));
#2991=CARTESIAN_POINT('Origin',(-0.135,-4.41,-0.16));
#2992=CARTESIAN_POINT('',(0.615,-4.41,-0.13));
#2993=CARTESIAN_POINT('',(0.433933982822018,-4.41,-0.13));
#2994=CARTESIAN_POINT('',(0.615,-4.41,-0.06));
#2995=CARTESIAN_POINT('',(0.615,-4.41,-0.06));
#2996=CARTESIAN_POINT('',(0.355,-4.41,0.2));
#2997=CARTESIAN_POINT('Origin',(0.354999998946707,-4.41,-0.060000001053293));
#2998=CARTESIAN_POINT('',(-0.625,-4.41,0.2));
#2999=CARTESIAN_POINT('',(-0.625,-4.41,0.2));
#3000=CARTESIAN_POINT('',(-0.885,-4.41,-0.06));
#3001=CARTESIAN_POINT('Origin',(-0.624999998946707,-4.41,-0.0600000010532928));
#3002=CARTESIAN_POINT('',(-0.885,-4.41,-0.13));
#3003=CARTESIAN_POINT('',(-0.885,-4.41,-0.26));
#3004=CARTESIAN_POINT('',(0.433933982822018,-4.41,-0.13));
#3005=CARTESIAN_POINT('Origin',(1.00286796564404,-4.4825,-0.13));
#3006=CARTESIAN_POINT('',(0.335,-4.33,-0.13));
#3007=CARTESIAN_POINT('',(0.335,-4.42625,-0.13));
#3008=CARTESIAN_POINT('',(0.72,-4.33,-0.13));
#3009=CARTESIAN_POINT('',(-0.99,-4.33,-0.13));
#3010=CARTESIAN_POINT('',(0.72,-4.435,-0.13));
#3011=CARTESIAN_POINT('',(0.72,-4.3825,-0.13));
#3012=CARTESIAN_POINT('',(1.00286796564404,-4.435,-0.13));
#3013=CARTESIAN_POINT('',(-1.27286796564404,-4.435,-0.13));
#3014=CARTESIAN_POINT('',(1.00286796564404,-4.53,-0.13));
#3015=CARTESIAN_POINT('',(1.00286796564404,-4.4825,-0.13));
#3016=CARTESIAN_POINT('',(0.735000000000001,-4.53,-0.13));
#3017=CARTESIAN_POINT('',(-1.27286796564404,-4.53,-0.13));
#3018=CARTESIAN_POINT('',(0.730091991411009,-4.52509199141101,-0.13));
#3019=CARTESIAN_POINT('Origin',(0.335,-4.37,-0.115));
#3020=CARTESIAN_POINT('',(0.335,-4.33,-0.115));
#3021=CARTESIAN_POINT('',(0.335,-4.37,-0.115));
#3022=CARTESIAN_POINT('',(0.335,-4.33,0.0425));
#3023=CARTESIAN_POINT('Origin',(-0.885,-4.41,-0.26));
#3024=CARTESIAN_POINT('',(-1.005,-4.53,-0.13));
#3025=CARTESIAN_POINT('',(-0.431158008588989,-3.95615800858899,-0.13));
#3026=CARTESIAN_POINT('',(-1.005,-4.53,-0.06));
#3027=CARTESIAN_POINT('',(-0.885,-4.41,-0.0599999999999999));
#3028=CARTESIAN_POINT('',(-1.005,-4.53,-0.005));
#3029=CARTESIAN_POINT('Ctrl Pts',(-0.885,-4.41,-0.06));
#3030=CARTESIAN_POINT('Ctrl Pts',(-0.925,-4.45,-0.06));
#3031=CARTESIAN_POINT('Ctrl Pts',(-0.965000000000001,-4.49,-0.06));
#3032=CARTESIAN_POINT('Ctrl Pts',(-1.005,-4.53,-0.06));
#3033=CARTESIAN_POINT('Ctrl Pts',(-0.884999999961418,-4.41,-0.0504761904761905));
#3034=CARTESIAN_POINT('Ctrl Pts',(-0.92505185621264,-4.45,-0.0504982560972701));
#3035=CARTESIAN_POINT('Ctrl Pts',(-0.964948143710196,-4.49,-0.0504541248551109));
#3036=CARTESIAN_POINT('Ctrl Pts',(-1.00499999996142,-4.53,-0.0504761904761905));
#3037=CARTESIAN_POINT('Ctrl Pts',(-0.883811052126712,-4.41,-0.0256859326622059));
#3038=CARTESIAN_POINT('Ctrl Pts',(-0.923870522232842,-4.45,-0.0239450967818678));
#3039=CARTESIAN_POINT('Ctrl Pts',(-0.964020929000164,-4.49,-0.0222418494136952));
#3040=CARTESIAN_POINT('Ctrl Pts',(-1.00408039910629,-4.53,-0.0205010135333571));
#3041=CARTESIAN_POINT('Ctrl Pts',(-0.87004965152701,-4.41,0.0402018022126768));
#3042=CARTESIAN_POINT('Ctrl Pts',(-0.909601725361304,-4.45,0.0506988715536369));
#3043=CARTESIAN_POINT('Ctrl Pts',(-0.949048961954533,-4.49,0.0611775846987285));
#3044=CARTESIAN_POINT('Ctrl Pts',(-0.988601035788828,-4.53,0.0716746540396887));
#3045=CARTESIAN_POINT('Ctrl Pts',(-0.81380170729145,-4.41,0.136802659939874));
#3046=CARTESIAN_POINT('Ctrl Pts',(-0.845886143344766,-4.45,0.164911095672052));
#3047=CARTESIAN_POINT('Ctrl Pts',(-0.878025014013689,-4.49,0.193037873964832));
#3048=CARTESIAN_POINT('Ctrl Pts',(-0.910109450067004,-4.53,0.22114630969701));
#3049=CARTESIAN_POINT('Ctrl Pts',(-0.72316270213971,-4.41,0.185362469158664));
#3050=CARTESIAN_POINT('Ctrl Pts',(-0.739272367250463,-4.45,0.222952186981416));
#3051=CARTESIAN_POINT('Ctrl Pts',(-0.755410173047133,-4.49,0.260292906619865));
#3052=CARTESIAN_POINT('Ctrl Pts',(-0.771519838157886,-4.53,0.297882624442617));
#3053=CARTESIAN_POINT('Ctrl Pts',(-0.660112290873678,-4.41,0.198219217671346));
#3054=CARTESIAN_POINT('Ctrl Pts',(-0.665685027568412,-4.45,0.237880077783794));
#3055=CARTESIAN_POINT('Ctrl Pts',(-0.671221397114181,-4.49,0.277670438749257));
#3056=CARTESIAN_POINT('Ctrl Pts',(-0.676794133808916,-4.53,0.317331298861704));
#3057=CARTESIAN_POINT('Ctrl Pts',(-0.639585965875521,-4.41,0.19999999994091));
#3058=CARTESIAN_POINT('Ctrl Pts',(-0.641806327267776,-4.45,0.240134111998888));
#3059=CARTESIAN_POINT('Ctrl Pts',(-0.644097588733507,-4.49,0.279865887855661));
#3060=CARTESIAN_POINT('Ctrl Pts',(-0.646317950125762,-4.53,0.319999999913639));
#3061=CARTESIAN_POINT('Ctrl Pts',(-0.625,-4.41,0.2));
#3062=CARTESIAN_POINT('Ctrl Pts',(-0.625,-4.45,0.24));
#3063=CARTESIAN_POINT('Ctrl Pts',(-0.625,-4.49,0.280000000000001));
#3064=CARTESIAN_POINT('Ctrl Pts',(-0.625,-4.53,0.320000000000001));
#3065=CARTESIAN_POINT('',(-0.625,-4.53,0.320000000000001));
#3066=CARTESIAN_POINT('Ctrl Pts',(-1.005,-4.53,-0.06));
#3067=CARTESIAN_POINT('Ctrl Pts',(-1.00499999996142,-4.53,-0.0504761904761905));
#3068=CARTESIAN_POINT('Ctrl Pts',(-1.00454019953386,-4.53,-0.0354886020047738));
#3069=CARTESIAN_POINT('Ctrl Pts',(-1.00237537890539,-4.53,-0.0164728493224348));
#3070=CARTESIAN_POINT('Ctrl Pts',(-1.00021055827693,-4.53,0.00254290335990429));
#3071=CARTESIAN_POINT('Ctrl Pts',(-0.99634071744756,-4.53,0.0255868202531657));
#3072=CARTESIAN_POINT('Ctrl Pts',(-0.988528051179861,-4.53,0.0509142085591614));
#3073=CARTESIAN_POINT('Ctrl Pts',(-0.972902718644463,-4.53,0.101568985171153));
#3074=CARTESIAN_POINT('Ctrl Pts',(-0.941506084355733,-4.53,0.161357647434081));
#3075=CARTESIAN_POINT('Ctrl Pts',(-0.893198446762164,-4.53,0.2093075820351));
#3076=CARTESIAN_POINT('Ctrl Pts',(-0.844890809168596,-4.53,0.257257516636119));
#3077=CARTESIAN_POINT('Ctrl Pts',(-0.779672168270187,-4.53,0.293368723575228));
#3078=CARTESIAN_POINT('Ctrl Pts',(-0.716291901889493,-4.53,0.308906220298292));
#3079=CARTESIAN_POINT('Ctrl Pts',(-0.708369368591906,-4.53,0.310848407388675));
#3080=CARTESIAN_POINT('Ctrl Pts',(-0.700475559896159,-4.53,0.312469130256932));
#3081=CARTESIAN_POINT('Ctrl Pts',(-0.692650441894151,-4.53,0.313851466223871));
#3082=CARTESIAN_POINT('Ctrl Pts',(-0.669175087888127,-4.53,0.317998474124688));
#3083=CARTESIAN_POINT('Ctrl Pts',(-0.646317950125762,-4.53,0.319999999913639));
#3084=CARTESIAN_POINT('Ctrl Pts',(-0.625,-4.53,0.32));
#3085=CARTESIAN_POINT('',(-0.625,-4.41,0.2));
#3086=CARTESIAN_POINT('Origin',(-0.625,-4.41,0.2));
#3087=CARTESIAN_POINT('',(0.355,-4.53,0.320000000000001));
#3088=CARTESIAN_POINT('',(-1.6775,-4.53,0.32));
#3089=CARTESIAN_POINT('',(0.355,-4.41,0.2));
#3090=CARTESIAN_POINT('Ctrl Pts',(0.355,-4.41,0.2));
#3091=CARTESIAN_POINT('Ctrl Pts',(0.355,-4.45,0.24));
#3092=CARTESIAN_POINT('Ctrl Pts',(0.355,-4.49,0.280000000000001));
#3093=CARTESIAN_POINT('Ctrl Pts',(0.355,-4.53,0.320000000000001));
#3094=CARTESIAN_POINT('Ctrl Pts',(0.39389590900139,-4.41,0.199999999842428));
#3095=CARTESIAN_POINT('Ctrl Pts',(0.399760921682387,-4.45,0.240099883318994));
#3096=CARTESIAN_POINT('Ctrl Pts',(0.405982854321035,-4.49,0.279900116293137));
#3097=CARTESIAN_POINT('Ctrl Pts',(0.411847867002032,-4.53,0.319999999769703));
#3098=CARTESIAN_POINT('Ctrl Pts',(0.484181763648188,-4.41,0.180385233027747));
#3099=CARTESIAN_POINT('Ctrl Pts',(0.505957681105462,-4.45,0.217082848844192));
#3100=CARTESIAN_POINT('Ctrl Pts',(0.527714451637443,-4.49,0.253781742006453));
#3101=CARTESIAN_POINT('Ctrl Pts',(0.549490369094718,-4.53,0.290479357822898));
#3102=CARTESIAN_POINT('Ctrl Pts',(0.569942582390196,-4.41,0.0973357849393966));
#3103=CARTESIAN_POINT('Ctrl Pts',(0.605797502889119,-4.45,0.117994168747912));
#3104=CARTESIAN_POINT('Ctrl Pts',(0.641649421683118,-4.49,0.138516067795505));
#3105=CARTESIAN_POINT('Ctrl Pts',(0.677504342182041,-4.53,0.159174451604021));
#3106=CARTESIAN_POINT('Ctrl Pts',(0.611505726325322,-4.41,0.00531070696461457));
#3107=CARTESIAN_POINT('Ctrl Pts',(0.65193945653232,-4.45,0.0105322256669514));
#3108=CARTESIAN_POINT('Ctrl Pts',(0.692577058371302,-4.49,0.0158046207752735));
#3109=CARTESIAN_POINT('Ctrl Pts',(0.7330107885783,-4.53,0.0210261394776103));
#3110=CARTESIAN_POINT('Ctrl Pts',(0.614999999922836,-4.41,-0.040952380952381));
#3111=CARTESIAN_POINT('Ctrl Pts',(0.65504161321985,-4.45,-0.0409666658927695));
#3112=CARTESIAN_POINT('Ctrl Pts',(0.694958386625823,-4.49,-0.0409380960119924));
#3113=CARTESIAN_POINT('Ctrl Pts',(0.734999999922837,-4.53,-0.0409523809523809));
#3114=CARTESIAN_POINT('Ctrl Pts',(0.615,-4.41,-0.0600000000000001));
#3115=CARTESIAN_POINT('Ctrl Pts',(0.655000000000001,-4.45,-0.06));
#3116=CARTESIAN_POINT('Ctrl Pts',(0.695000000000001,-4.49,-0.06));
#3117=CARTESIAN_POINT('Ctrl Pts',(0.735000000000001,-4.53,-0.0599999999999999));
#3118=CARTESIAN_POINT('',(0.735000000000001,-4.53,-0.06));
#3119=CARTESIAN_POINT('Ctrl Pts',(0.355,-4.53,0.320000000000001));
#3120=CARTESIAN_POINT('Ctrl Pts',(0.411847867002032,-4.53,0.319999999769703));
#3121=CARTESIAN_POINT('Ctrl Pts',(0.480669118048375,-4.53,0.3052396787963));
#3122=CARTESIAN_POINT('Ctrl Pts',(0.540682538189011,-4.53,0.271598537065823));
#3123=CARTESIAN_POINT('Ctrl Pts',(0.600695958329647,-4.53,0.237957395335346));
#3124=CARTESIAN_POINT('Ctrl Pts',(0.651901547564576,-4.53,0.185435432847796));
#3125=CARTESIAN_POINT('Ctrl Pts',(0.683771796348554,-4.53,0.131088562118236));
#3126=CARTESIAN_POINT('Ctrl Pts',(0.699706920740544,-4.53,0.103915126753456));
#3127=CARTESIAN_POINT('Ctrl Pts',(0.710808210019796,-4.53,0.0762854643281743));
#3128=CARTESIAN_POINT('Ctrl Pts',(0.718430093022023,-4.53,0.0509791871079873));
#3129=CARTESIAN_POINT('Ctrl Pts',(0.733673859026479,-4.53,0.000366632667613213));
#3130=CARTESIAN_POINT('Ctrl Pts',(0.734999999922836,-4.53,-0.0409523809523809));
#3131=CARTESIAN_POINT('Ctrl Pts',(0.735000000000001,-4.53,-0.0599999999999999));
#3132=CARTESIAN_POINT('',(0.615,-4.41,-0.06));
#3133=CARTESIAN_POINT('Origin',(0.615,-4.41,-0.06));
#3134=CARTESIAN_POINT('',(0.735000000000001,-4.53,0.095));
#3135=CARTESIAN_POINT('Origin',(0.194999999432842,-4.37,-0.115000000567158));
#3136=CARTESIAN_POINT('',(0.195,-4.33,0.025));
#3137=CARTESIAN_POINT('',(0.195,-4.37,0.025));
#3138=CARTESIAN_POINT('Origin',(0.194999999432842,-4.33,-0.115000000567158));
#3139=CARTESIAN_POINT('Origin',(-0.465,-4.37,0.025));
#3140=CARTESIAN_POINT('',(-0.465,-4.33,0.025));
#3141=CARTESIAN_POINT('',(-0.465,-4.37,0.025));
#3142=CARTESIAN_POINT('',(-1.4975,-4.33,0.025));
#3143=CARTESIAN_POINT('Origin',(-0.464999999432842,-4.37,-0.115000000567158));
#3144=CARTESIAN_POINT('',(-0.605,-4.33,-0.115));
#3145=CARTESIAN_POINT('',(-0.605,-4.37,-0.115));
#3146=CARTESIAN_POINT('Origin',(-0.464999999432842,-4.33,-0.115000000567158));
#3147=CARTESIAN_POINT('Origin',(-0.605,-4.37,-0.205));
#3148=CARTESIAN_POINT('',(-0.605,-4.33,-0.13));
#3149=CARTESIAN_POINT('',(-0.605,-4.42625,-0.13));
#3150=CARTESIAN_POINT('',(-0.605,-4.33,-0.00250000000000002));
#3151=CARTESIAN_POINT('Origin',(1.00286796564404,-4.4825,-0.13));
#3152=CARTESIAN_POINT('',(-1.27286796564404,-4.53,-0.13));
#3153=CARTESIAN_POINT('',(-1.27286796564404,-4.53,-0.13));
#3154=CARTESIAN_POINT('',(-1.27286796564404,-4.435,-0.13));
#3155=CARTESIAN_POINT('',(-1.27286796564404,-4.4825,-0.13));
#3156=CARTESIAN_POINT('',(-0.99,-4.435,-0.13));
#3157=CARTESIAN_POINT('',(-1.27286796564404,-4.435,-0.13));
#3158=CARTESIAN_POINT('',(-0.99,-4.33,-0.13));
#3159=CARTESIAN_POINT('',(-0.99,-4.3825,-0.13));
#3160=CARTESIAN_POINT('',(-0.99,-4.33,-0.13));
#3161=CARTESIAN_POINT('Origin',(1.42227922061358,-4.3825,0.347279220613579));
#3162=CARTESIAN_POINT('',(1.10893398282202,-4.33,0.0339339828220179));
#3163=CARTESIAN_POINT('',(1.10893398282202,-4.435,0.0339339828220179));
#3164=CARTESIAN_POINT('',(1.10893398282202,-4.3825,0.0339339828220179));
#3165=CARTESIAN_POINT('',(1.42227922061358,-4.33,0.347279220613579));
#3166=CARTESIAN_POINT('',(1.10893398282202,-4.33,0.0339339828220179));
#3167=CARTESIAN_POINT('',(1.42227922061358,-4.435,0.347279220613579));
#3168=CARTESIAN_POINT('',(1.42227922061358,-4.3825,0.347279220613579));
#3169=CARTESIAN_POINT('',(0.467389610306789,-4.435,-0.607610389693211));
#3170=CARTESIAN_POINT('Origin',(1.54955844122716,-4.3825,0.22));
#3171=CARTESIAN_POINT('',(1.54955844122716,-4.33,0.4));
#3172=CARTESIAN_POINT('Origin',(1.54955844122716,-4.33,0.22));
#3173=CARTESIAN_POINT('',(1.54955844122716,-4.435,0.4));
#3174=CARTESIAN_POINT('',(1.54955844122716,-4.3825,0.4));
#3175=CARTESIAN_POINT('Origin',(1.54955844122716,-4.435,0.22));
#3176=CARTESIAN_POINT('Origin',(-1.81955844122716,-4.3825,0.22));
#3177=CARTESIAN_POINT('',(-1.81955844122716,-4.33,0.4));
#3178=CARTESIAN_POINT('',(-1.81955844122716,-4.435,0.4));
#3179=CARTESIAN_POINT('',(-1.81955844122716,-4.3825,0.4));
#3180=CARTESIAN_POINT('',(-1.69227922061358,-4.33,0.347279220613579));
#3181=CARTESIAN_POINT('Origin',(-1.81955844122716,-4.33,0.22));
#3182=CARTESIAN_POINT('',(-1.69227922061358,-4.435,0.347279220613579));
#3183=CARTESIAN_POINT('',(-1.69227922061358,-4.3825,0.347279220613579));
#3184=CARTESIAN_POINT('Origin',(-1.81955844122716,-4.435,0.22));
#3185=CARTESIAN_POINT('Origin',(-1.37893398282202,-4.3825,0.0339339828220179));
#3186=CARTESIAN_POINT('',(-1.37893398282202,-4.33,0.0339339828220179));
#3187=CARTESIAN_POINT('',(-1.69227922061358,-4.33,0.347279220613579));
#3188=CARTESIAN_POINT('',(-1.37893398282202,-4.435,0.0339339828220179));
#3189=CARTESIAN_POINT('',(-1.37893398282202,-4.3825,0.0339339828220179));
#3190=CARTESIAN_POINT('',(-1.63821699141101,-4.435,0.293216991411009));
#3191=CARTESIAN_POINT('Origin',(-1.27286796564404,-4.3825,0.139999999999999));
#3192=CARTESIAN_POINT('',(-1.27286796564404,-4.33,-0.01));
#3193=CARTESIAN_POINT('Origin',(-1.27286796564404,-4.33,0.139999999999999));
#3194=CARTESIAN_POINT('',(-1.27286796564404,-4.435,-0.01));
#3195=CARTESIAN_POINT('',(-1.27286796564404,-4.3825,-0.01));
#3196=CARTESIAN_POINT('Origin',(-1.27286796564404,-4.435,0.139999999999999));
#3197=CARTESIAN_POINT('Origin',(-0.99,-4.3825,-0.01));
#3198=CARTESIAN_POINT('',(-0.99,-4.33,-0.01));
#3199=CARTESIAN_POINT('',(-1.27286796564404,-4.33,-0.01));
#3200=CARTESIAN_POINT('',(-0.99,-4.435,-0.01));
#3201=CARTESIAN_POINT('',(-0.99,-4.3825,-0.01));
#3202=CARTESIAN_POINT('',(-1.62,-4.435,-0.01));
#3203=CARTESIAN_POINT('Origin',(-0.99,-4.3825,-0.13));
#3204=CARTESIAN_POINT('',(-0.99,-4.33,-0.01));
#3205=CARTESIAN_POINT('',(-0.99,-4.435,0.035));
#3206=CARTESIAN_POINT('Origin',(0.72,-4.3825,-0.01));
#3207=CARTESIAN_POINT('',(0.72,-4.33,-0.01));
#3208=CARTESIAN_POINT('',(0.72,-4.33,-0.13));
#3209=CARTESIAN_POINT('',(0.72,-4.435,-0.01));
#3210=CARTESIAN_POINT('',(0.72,-4.3825,-0.01));
#3211=CARTESIAN_POINT('',(0.72,-4.435,0.095));
#3212=CARTESIAN_POINT('Origin',(1.00286796564404,-4.3825,-0.01));
#3213=CARTESIAN_POINT('',(1.00286796564404,-4.33,-0.01));
#3214=CARTESIAN_POINT('',(0.72,-4.33,-0.01));
#3215=CARTESIAN_POINT('',(1.00286796564404,-4.435,-0.01));
#3216=CARTESIAN_POINT('',(1.00286796564404,-4.3825,-0.01));
#3217=CARTESIAN_POINT('',(-0.623566017177982,-4.435,-0.01));
#3218=CARTESIAN_POINT('Origin',(1.00286796564404,-4.3825,0.139999999999999));
#3219=CARTESIAN_POINT('Origin',(1.00286796564404,-4.33,0.139999999999999));
#3220=CARTESIAN_POINT('Origin',(1.00286796564404,-4.435,0.139999999999999));
#3221=CARTESIAN_POINT('Origin',(-2.53,-4.33,0.2));
#3222=CARTESIAN_POINT('',(-2.25,-4.33,0.4));
#3223=CARTESIAN_POINT('',(-1.265,-4.33,0.4));
#3224=CARTESIAN_POINT('',(-2.25,-4.33,0.6));
#3225=CARTESIAN_POINT('',(-2.25,-4.33,0.2));
#3226=CARTESIAN_POINT('',(2.25,-4.33,0.6));
#3227=CARTESIAN_POINT('',(-2.53,-4.33,0.6));
#3228=CARTESIAN_POINT('',(2.25,-4.33,0.4));
#3229=CARTESIAN_POINT('',(2.25,-4.33,0.2));
#3230=CARTESIAN_POINT('',(-1.265,-4.33,0.4));
#3231=CARTESIAN_POINT('Origin',(0.,0.,0.4));
#3232=CARTESIAN_POINT('',(-2.25,-4.435,0.4));
#3233=CARTESIAN_POINT('',(-2.25,-4.435,0.4));
#3234=CARTESIAN_POINT('',(-2.635,-4.05,0.4));
#3235=CARTESIAN_POINT('Origin',(-2.25,-4.05,0.4));
#3236=CARTESIAN_POINT('',(-2.635,4.05,0.4));
#3237=CARTESIAN_POINT('',(-2.635,4.05,0.4));
#3238=CARTESIAN_POINT('',(-2.25,4.435,0.4));
#3239=CARTESIAN_POINT('Origin',(-2.25,4.05,0.4));
#3240=CARTESIAN_POINT('',(2.25,4.435,0.4));
#3241=CARTESIAN_POINT('',(2.25,4.435,0.4));
#3242=CARTESIAN_POINT('',(2.635,4.05,0.4));
#3243=CARTESIAN_POINT('Origin',(2.25,4.05,0.4));
#3244=CARTESIAN_POINT('',(2.635,-4.05,0.4));
#3245=CARTESIAN_POINT('',(2.635,-4.05,0.4));
#3246=CARTESIAN_POINT('',(2.25,-4.435,0.4));
#3247=CARTESIAN_POINT('Origin',(2.25,-4.05,0.4));
#3248=CARTESIAN_POINT('',(-2.25,-4.435,0.4));
#3249=CARTESIAN_POINT('',(2.53,-4.05,0.4));
#3250=CARTESIAN_POINT('Origin',(2.25,-4.05,0.4));
#3251=CARTESIAN_POINT('',(2.53,4.05,0.4));
#3252=CARTESIAN_POINT('',(2.53,-2.165,0.4));
#3253=CARTESIAN_POINT('',(2.25,4.33,0.4));
#3254=CARTESIAN_POINT('Origin',(2.25,4.05,0.4));
#3255=CARTESIAN_POINT('',(-2.25,4.33,0.4));
#3256=CARTESIAN_POINT('',(1.265,4.33,0.4));
#3257=CARTESIAN_POINT('',(-2.53,4.05,0.4));
#3258=CARTESIAN_POINT('Origin',(-2.25,4.05,0.4));
#3259=CARTESIAN_POINT('',(-2.53,-4.05,0.4));
#3260=CARTESIAN_POINT('',(-2.53,2.165,0.4));
#3261=CARTESIAN_POINT('Origin',(-2.25,-4.05,0.4));
#3262=CARTESIAN_POINT('Origin',(-2.25,-4.435,0.2));
#3263=CARTESIAN_POINT('',(2.25,-4.435,0.28));
#3264=CARTESIAN_POINT('',(2.25,-4.435,0.2));
#3265=CARTESIAN_POINT('',(1.54955844122716,-4.435,0.28));
#3266=CARTESIAN_POINT('',(-1.125,-4.435,0.28));
#3267=CARTESIAN_POINT('',(1.42227922061358,-4.435,0.227279220613579));
#3268=CARTESIAN_POINT('Origin',(1.54955844122716,-4.435,0.0999999999999997));
#3269=CARTESIAN_POINT('',(1.10893398282202,-4.435,-0.0860660171779821));
#3270=CARTESIAN_POINT('',(1.10893398282202,-4.435,-0.0860660171779821));
#3271=CARTESIAN_POINT('Origin',(1.00286796564404,-4.435,0.0199999999999994));
#3272=CARTESIAN_POINT('Origin',(1.42227922061358,-4.4825,0.227279220613579));
#3273=CARTESIAN_POINT('',(1.10893398282202,-4.53,-0.0860660171779821));
#3274=CARTESIAN_POINT('',(1.10893398282202,-4.4825,-0.0860660171779821));
#3275=CARTESIAN_POINT('',(1.42227922061358,-4.53,0.227279220613579));
#3276=CARTESIAN_POINT('',(1.42227922061358,-4.4825,0.227279220613579));
#3277=CARTESIAN_POINT('',(1.10893398282202,-4.53,-0.0860660171779821));
#3278=CARTESIAN_POINT('Origin',(1.54955844122716,-4.4825,0.0999999999999997));
#3279=CARTESIAN_POINT('',(1.54955844122716,-4.53,0.28));
#3280=CARTESIAN_POINT('',(1.54955844122716,-4.4825,0.28));
#3281=CARTESIAN_POINT('Origin',(1.54955844122716,-4.53,0.0999999999999997));
#3282=CARTESIAN_POINT('Origin',(-1.81955844122716,-4.4825,0.0999999999999997));
#3283=CARTESIAN_POINT('',(-1.81955844122716,-4.435,0.28));
#3284=CARTESIAN_POINT('',(-1.81955844122716,-4.53,0.28));
#3285=CARTESIAN_POINT('',(-1.81955844122716,-4.4825,0.28));
#3286=CARTESIAN_POINT('',(-1.69227922061358,-4.435,0.227279220613579));
#3287=CARTESIAN_POINT('Origin',(-1.81955844122716,-4.435,0.0999999999999997));
#3288=CARTESIAN_POINT('',(-1.69227922061358,-4.53,0.227279220613579));
#3289=CARTESIAN_POINT('',(-1.69227922061358,-4.4825,0.227279220613579));
#3290=CARTESIAN_POINT('Origin',(-1.81955844122716,-4.53,0.0999999999999997));
#3291=CARTESIAN_POINT('Origin',(-1.37893398282202,-4.4825,-0.0860660171779821));
#3292=CARTESIAN_POINT('',(-1.37893398282202,-4.435,-0.0860660171779821));
#3293=CARTESIAN_POINT('',(-1.69227922061358,-4.435,0.227279220613579));
#3294=CARTESIAN_POINT('',(-1.37893398282202,-4.53,-0.0860660171779821));
#3295=CARTESIAN_POINT('',(-1.37893398282202,-4.4825,-0.0860660171779821));
#3296=CARTESIAN_POINT('',(-1.69227922061358,-4.53,0.227279220613579));
#3297=CARTESIAN_POINT('Origin',(-1.27286796564404,-4.4825,0.0199999999999994));
#3298=CARTESIAN_POINT('Origin',(-1.27286796564404,-4.435,0.0199999999999994));
#3299=CARTESIAN_POINT('Origin',(-1.27286796564404,-4.53,0.0199999999999994));
#3300=CARTESIAN_POINT('Origin',(1.00286796564404,-4.4825,0.0199999999999994));
#3301=CARTESIAN_POINT('Origin',(1.00286796564404,-4.53,0.0199999999999994));
#3302=CARTESIAN_POINT('Origin',(-2.25,-4.435,0.2));
#3303=CARTESIAN_POINT('',(-2.25,-4.435,0.28));
#3304=CARTESIAN_POINT('',(-1.125,-4.435,0.28));
#3305=CARTESIAN_POINT('',(-2.25,-4.435,0.2));
#3306=CARTESIAN_POINT('Origin',(0.,0.,0.28));
#3307=CARTESIAN_POINT('',(2.635,-4.05,0.28));
#3308=CARTESIAN_POINT('Origin',(2.25,-4.05,0.28));
#3309=CARTESIAN_POINT('',(2.635,4.05,0.28));
#3310=CARTESIAN_POINT('',(2.635,-2.025,0.28));
#3311=CARTESIAN_POINT('',(2.25,4.435,0.28));
#3312=CARTESIAN_POINT('Origin',(2.25,4.05,0.28));
#3313=CARTESIAN_POINT('',(-2.25,4.435,0.28));
#3314=CARTESIAN_POINT('',(1.125,4.435,0.28));
#3315=CARTESIAN_POINT('',(-2.635,4.05,0.28));
#3316=CARTESIAN_POINT('Origin',(-2.25,4.05,0.28));
#3317=CARTESIAN_POINT('',(-2.635,-4.05,0.28));
#3318=CARTESIAN_POINT('',(-2.635,2.025,0.28));
#3319=CARTESIAN_POINT('Origin',(-2.25,-4.05,0.28));
#3320=CARTESIAN_POINT('',(-2.25,-4.53,0.28));
#3321=CARTESIAN_POINT('',(-1.365,-4.53,0.28));
#3322=CARTESIAN_POINT('',(-2.73,-4.05,0.28));
#3323=CARTESIAN_POINT('Origin',(-2.25,-4.05,0.28));
#3324=CARTESIAN_POINT('',(-2.73,4.05,0.28));
#3325=CARTESIAN_POINT('',(-2.73,2.265,0.28));
#3326=CARTESIAN_POINT('',(-2.25,4.53,0.28));
#3327=CARTESIAN_POINT('Origin',(-2.25,4.05,0.28));
#3328=CARTESIAN_POINT('',(2.25,4.53,0.28));
#3329=CARTESIAN_POINT('',(1.365,4.53,0.28));
#3330=CARTESIAN_POINT('',(2.73,4.05,0.28));
#3331=CARTESIAN_POINT('Origin',(2.25,4.05,0.28));
#3332=CARTESIAN_POINT('',(2.73,-4.05,0.28));
#3333=CARTESIAN_POINT('',(2.73,-2.265,0.28));
#3334=CARTESIAN_POINT('',(2.25,-4.53,0.28));
#3335=CARTESIAN_POINT('Origin',(2.25,-4.05,0.28));
#3336=CARTESIAN_POINT('',(-1.365,-4.53,0.28));
#3337=CARTESIAN_POINT('Origin',(-2.73,4.53,0.25));
#3338=CARTESIAN_POINT('',(-2.73,-4.05,0.67));
#3339=CARTESIAN_POINT('',(-2.73,-4.05,0.25));
#3340=CARTESIAN_POINT('',(-2.73,4.05,0.67));
#3341=CARTESIAN_POINT('',(-2.73,2.265,0.67));
#3342=CARTESIAN_POINT('',(-2.73,4.05,0.25));
#3343=CARTESIAN_POINT('Origin',(-2.25,-4.05,0.25));
#3344=CARTESIAN_POINT('',(-2.25,-4.53,0.67));
#3345=CARTESIAN_POINT('',(-2.25,-4.53,0.25));
#3346=CARTESIAN_POINT('Origin',(-2.25,-4.05,0.67));
#3347=CARTESIAN_POINT('Origin',(-2.73,-4.53,0.25));
#3348=CARTESIAN_POINT('',(2.25,-4.53,0.67));
#3349=CARTESIAN_POINT('',(2.25,-4.53,0.25));
#3350=CARTESIAN_POINT('',(-1.365,-4.53,0.67));
#3351=CARTESIAN_POINT('Origin',(2.25,-4.05,0.25));
#3352=CARTESIAN_POINT('',(2.73,-4.05,0.67));
#3353=CARTESIAN_POINT('',(2.73,-4.05,0.25));
#3354=CARTESIAN_POINT('Origin',(2.25,-4.05,0.67));
#3355=CARTESIAN_POINT('Origin',(2.25,-4.05,0.2));
#3356=CARTESIAN_POINT('',(2.635,-4.05,0.2));
#3357=CARTESIAN_POINT('Origin',(-2.25,-4.05,0.2));
#3358=CARTESIAN_POINT('',(-2.635,-4.05,0.2));
#3359=CARTESIAN_POINT('Origin',(-2.635,4.05,0.2));
#3360=CARTESIAN_POINT('',(-2.635,4.05,0.2));
#3361=CARTESIAN_POINT('Origin',(2.1,3.9,0.155));
#3362=CARTESIAN_POINT('',(1.9,3.9,0.155));
#3363=CARTESIAN_POINT('Origin',(2.1,3.9,0.155));
#3364=CARTESIAN_POINT('',(1.9,3.9,0.655));
#3365=CARTESIAN_POINT('',(1.9,3.9,0.155));
#3366=CARTESIAN_POINT('Origin',(2.1,3.9,0.655));
#3367=CARTESIAN_POINT('Origin',(2.1,3.9,0.655));
#3368=CARTESIAN_POINT('Origin',(-2.1,3.9,0.155));
#3369=CARTESIAN_POINT('',(-2.3,3.9,0.155));
#3370=CARTESIAN_POINT('Origin',(-2.1,3.9,0.155));
#3371=CARTESIAN_POINT('',(-2.3,3.9,0.655));
#3372=CARTESIAN_POINT('',(-2.3,3.9,0.155));
#3373=CARTESIAN_POINT('Origin',(-2.1,3.9,0.655));
#3374=CARTESIAN_POINT('Origin',(-2.1,3.9,0.655));
#3375=CARTESIAN_POINT('Origin',(-2.1,-3.9,0.155));
#3376=CARTESIAN_POINT('',(-2.3,-3.9,0.155));
#3377=CARTESIAN_POINT('Origin',(-2.1,-3.9,0.155));
#3378=CARTESIAN_POINT('',(-2.3,-3.9,0.655));
#3379=CARTESIAN_POINT('',(-2.3,-3.9,0.155));
#3380=CARTESIAN_POINT('Origin',(-2.1,-3.9,0.655));
#3381=CARTESIAN_POINT('Origin',(-2.1,-3.9,0.655));
#3382=CARTESIAN_POINT('Origin',(2.1,-3.9,0.155));
#3383=CARTESIAN_POINT('',(1.9,-3.9,0.155));
#3384=CARTESIAN_POINT('Origin',(2.1,-3.9,0.155));
#3385=CARTESIAN_POINT('',(1.9,-3.9,0.655));
#3386=CARTESIAN_POINT('',(1.9,-3.9,0.155));
#3387=CARTESIAN_POINT('Origin',(2.1,-3.9,0.655));
#3388=CARTESIAN_POINT('Origin',(2.1,-3.9,0.655));
#3389=CARTESIAN_POINT('Origin',(2.1,-3.9,0.155));
#3390=CARTESIAN_POINT('',(2.1,-3.59,0.6));
#3391=CARTESIAN_POINT('',(2.1,-4.21,0.6));
#3392=CARTESIAN_POINT('Origin',(2.1,-3.9,0.6));
#3393=CARTESIAN_POINT('',(2.1,-3.59,0.155));
#3394=CARTESIAN_POINT('',(2.1,-3.59,0.155));
#3395=CARTESIAN_POINT('',(2.1,-4.21,0.155));
#3396=CARTESIAN_POINT('Origin',(2.1,-3.9,0.155));
#3397=CARTESIAN_POINT('',(2.1,-4.21,0.155));
#3398=CARTESIAN_POINT('Origin',(2.46,-3.59,0.155));
#3399=CARTESIAN_POINT('',(2.46,-3.59,0.6));
#3400=CARTESIAN_POINT('',(1.23,-3.59,0.6));
#3401=CARTESIAN_POINT('',(2.46,-3.59,0.155));
#3402=CARTESIAN_POINT('',(2.46,-3.59,0.155));
#3403=CARTESIAN_POINT('',(2.1,-3.59,0.155));
#3404=CARTESIAN_POINT('Origin',(2.46,-4.21,0.155));
#3405=CARTESIAN_POINT('',(2.46,-4.21,0.6));
#3406=CARTESIAN_POINT('',(2.46,-2.105,0.6));
#3407=CARTESIAN_POINT('',(2.46,-4.21,0.155));
#3408=CARTESIAN_POINT('',(2.46,-4.21,0.155));
#3409=CARTESIAN_POINT('',(2.46,-3.59,0.155));
#3410=CARTESIAN_POINT('Origin',(2.1,-4.21,0.155));
#3411=CARTESIAN_POINT('',(1.05,-4.21,0.6));
#3412=CARTESIAN_POINT('',(2.46,-4.21,0.155));
#3413=CARTESIAN_POINT('Origin',(2.125,-3.9,0.155));
#3414=CARTESIAN_POINT('Origin',(-2.46,-4.21,0.155));
#3415=CARTESIAN_POINT('',(-2.46,-4.21,0.6));
#3416=CARTESIAN_POINT('',(-2.1,-4.21,0.6));
#3417=CARTESIAN_POINT('',(-1.23,-4.21,0.6));
#3418=CARTESIAN_POINT('',(-2.46,-4.21,0.155));
#3419=CARTESIAN_POINT('',(-2.46,-4.21,0.155));
#3420=CARTESIAN_POINT('',(-2.1,-4.21,0.155));
#3421=CARTESIAN_POINT('',(-2.46,-4.21,0.155));
#3422=CARTESIAN_POINT('',(-2.1,-4.21,0.155));
#3423=CARTESIAN_POINT('Origin',(-2.46,-3.59,0.155));
#3424=CARTESIAN_POINT('',(-2.46,-3.59,0.6));
#3425=CARTESIAN_POINT('',(-2.46,-1.795,0.6));
#3426=CARTESIAN_POINT('',(-2.46,-3.59,0.155));
#3427=CARTESIAN_POINT('',(-2.46,-3.59,0.155));
#3428=CARTESIAN_POINT('',(-2.46,-3.59,0.155));
#3429=CARTESIAN_POINT('Origin',(-2.1,-3.59,0.155));
#3430=CARTESIAN_POINT('',(-2.1,-3.59,0.6));
#3431=CARTESIAN_POINT('',(-1.05,-3.59,0.6));
#3432=CARTESIAN_POINT('',(-2.1,-3.59,0.155));
#3433=CARTESIAN_POINT('',(-2.1,-3.59,0.155));
#3434=CARTESIAN_POINT('',(-2.1,-3.59,0.155));
#3435=CARTESIAN_POINT('Origin',(-2.1,-3.9,0.155));
#3436=CARTESIAN_POINT('Origin',(-2.1,-3.9,0.6));
#3437=CARTESIAN_POINT('Origin',(-2.1,-3.9,0.155));
#3438=CARTESIAN_POINT('Origin',(-2.125,-3.9,0.155));
#3439=CARTESIAN_POINT('Origin',(-2.1,3.9,0.155));
#3440=CARTESIAN_POINT('',(-2.1,3.59,0.6));
#3441=CARTESIAN_POINT('',(-2.1,4.21,0.6));
#3442=CARTESIAN_POINT('Origin',(-2.1,3.9,0.6));
#3443=CARTESIAN_POINT('',(-2.1,3.59,0.155));
#3444=CARTESIAN_POINT('',(-2.1,3.59,0.155));
#3445=CARTESIAN_POINT('',(-2.1,4.21,0.155));
#3446=CARTESIAN_POINT('Origin',(-2.1,3.9,0.155));
#3447=CARTESIAN_POINT('',(-2.1,4.21,0.155));
#3448=CARTESIAN_POINT('Origin',(-2.46,3.59,0.155));
#3449=CARTESIAN_POINT('',(-2.46,3.59,0.6));
#3450=CARTESIAN_POINT('',(-1.23,3.59,0.6));
#3451=CARTESIAN_POINT('',(-2.46,3.59,0.155));
#3452=CARTESIAN_POINT('',(-2.46,3.59,0.155));
#3453=CARTESIAN_POINT('',(-2.1,3.59,0.155));
#3454=CARTESIAN_POINT('Origin',(-2.46,4.21,0.155));
#3455=CARTESIAN_POINT('',(-2.46,4.21,0.6));
#3456=CARTESIAN_POINT('',(-2.46,2.105,0.6));
#3457=CARTESIAN_POINT('',(-2.46,4.21,0.155));
#3458=CARTESIAN_POINT('',(-2.46,4.21,0.155));
#3459=CARTESIAN_POINT('',(-2.46,3.59,0.155));
#3460=CARTESIAN_POINT('Origin',(-2.1,4.21,0.155));
#3461=CARTESIAN_POINT('',(-1.05,4.21,0.6));
#3462=CARTESIAN_POINT('',(-2.46,4.21,0.155));
#3463=CARTESIAN_POINT('Origin',(-2.125,3.9,0.155));
#3464=CARTESIAN_POINT('Origin',(2.46,4.21,0.155));
#3465=CARTESIAN_POINT('',(2.46,4.21,0.6));
#3466=CARTESIAN_POINT('',(2.1,4.21,0.6));
#3467=CARTESIAN_POINT('',(1.23,4.21,0.6));
#3468=CARTESIAN_POINT('',(2.46,4.21,0.155));
#3469=CARTESIAN_POINT('',(2.46,4.21,0.155));
#3470=CARTESIAN_POINT('',(2.1,4.21,0.155));
#3471=CARTESIAN_POINT('',(2.46,4.21,0.155));
#3472=CARTESIAN_POINT('',(2.1,4.21,0.155));
#3473=CARTESIAN_POINT('Origin',(2.46,3.59,0.155));
#3474=CARTESIAN_POINT('',(2.46,3.59,0.6));
#3475=CARTESIAN_POINT('',(2.46,1.795,0.6));
#3476=CARTESIAN_POINT('',(2.46,3.59,0.155));
#3477=CARTESIAN_POINT('',(2.46,3.59,0.155));
#3478=CARTESIAN_POINT('',(2.46,3.59,0.155));
#3479=CARTESIAN_POINT('Origin',(2.1,3.59,0.155));
#3480=CARTESIAN_POINT('',(2.1,3.59,0.6));
#3481=CARTESIAN_POINT('',(1.05,3.59,0.6));
#3482=CARTESIAN_POINT('',(2.1,3.59,0.155));
#3483=CARTESIAN_POINT('',(2.1,3.59,0.155));
#3484=CARTESIAN_POINT('',(2.1,3.59,0.155));
#3485=CARTESIAN_POINT('Origin',(2.1,3.9,0.155));
#3486=CARTESIAN_POINT('Origin',(2.1,3.9,0.6));
#3487=CARTESIAN_POINT('Origin',(2.1,3.9,0.155));
#3488=CARTESIAN_POINT('Origin',(2.125,3.9,0.155));
#3489=CARTESIAN_POINT('Origin',(-2.25,-4.05,0.71));
#3490=CARTESIAN_POINT('',(-2.65,-4.05,0.75));
#3491=CARTESIAN_POINT('',(-2.65,-4.05,0.75));
#3492=CARTESIAN_POINT('',(-2.25,-4.45,0.75));
#3493=CARTESIAN_POINT('',(-2.25,-4.53,0.67));
#3494=CARTESIAN_POINT('Origin',(-2.25,-4.05,0.75));
#3495=CARTESIAN_POINT('Origin',(-2.69,2.265,0.71));
#3496=CARTESIAN_POINT('',(-2.65,4.05,0.75));
#3497=CARTESIAN_POINT('',(-2.65,2.265,0.75));
#3498=CARTESIAN_POINT('',(-2.65,4.05,0.75));
#3499=CARTESIAN_POINT('Origin',(-2.25,4.05,0.71));
#3500=CARTESIAN_POINT('',(-2.25,4.45,0.75));
#3501=CARTESIAN_POINT('',(-2.25,4.53,0.67));
#3502=CARTESIAN_POINT('',(-2.25,4.45,0.75));
#3503=CARTESIAN_POINT('Origin',(-2.25,4.05,0.67));
#3504=CARTESIAN_POINT('Origin',(-2.25,4.05,0.75));
#3505=CARTESIAN_POINT('Origin',(1.365,4.49,0.71));
#3506=CARTESIAN_POINT('',(2.25,4.45,0.75));
#3507=CARTESIAN_POINT('',(1.365,4.45,0.75));
#3508=CARTESIAN_POINT('',(2.25,4.53,0.67));
#3509=CARTESIAN_POINT('',(2.25,4.45,0.75));
#3510=CARTESIAN_POINT('',(1.365,4.53,0.67));
#3511=CARTESIAN_POINT('Origin',(2.25,4.05,0.71));
#3512=CARTESIAN_POINT('',(2.65,4.05,0.75));
#3513=CARTESIAN_POINT('',(2.73,4.05,0.67));
#3514=CARTESIAN_POINT('',(2.65,4.05,0.75));
#3515=CARTESIAN_POINT('Origin',(2.25,4.05,0.67));
#3516=CARTESIAN_POINT('Origin',(2.25,4.05,0.75));
#3517=CARTESIAN_POINT('Origin',(2.69,-2.265,0.71));
#3518=CARTESIAN_POINT('',(2.65,-4.05,0.75));
#3519=CARTESIAN_POINT('',(2.65,-2.265,0.75));
#3520=CARTESIAN_POINT('',(2.65,-4.05,0.75));
#3521=CARTESIAN_POINT('',(2.73,-2.265,0.67));
#3522=CARTESIAN_POINT('Origin',(2.25,-4.05,0.71));
#3523=CARTESIAN_POINT('',(2.25,-4.45,0.75));
#3524=CARTESIAN_POINT('',(2.25,-4.45,0.75));
#3525=CARTESIAN_POINT('Origin',(2.25,-4.05,0.75));
#3526=CARTESIAN_POINT('Origin',(-1.365,-4.49,0.71));
#3527=CARTESIAN_POINT('',(-1.365,-4.45,0.75));
#3528=CARTESIAN_POINT('Origin',(2.73,-4.53,0.25));
#3529=CARTESIAN_POINT('',(2.73,4.05,0.25));
#3530=CARTESIAN_POINT('Origin',(0.,0.,0.75));
#3531=CARTESIAN_POINT('',(-2.11,3.32,0.75));
#3532=CARTESIAN_POINT('',(-2.31,3.12,0.75));
#3533=CARTESIAN_POINT('Origin',(-2.11,3.12,0.75));
#3534=CARTESIAN_POINT('',(2.11,3.32,0.75));
#3535=CARTESIAN_POINT('',(1.105,3.32,0.75));
#3536=CARTESIAN_POINT('',(2.31,3.12,0.75));
#3537=CARTESIAN_POINT('Origin',(2.11,3.12,0.75));
#3538=CARTESIAN_POINT('',(2.31,-2.48,0.75));
#3539=CARTESIAN_POINT('',(2.31,-1.29,0.75));
#3540=CARTESIAN_POINT('',(2.11,-2.68,0.75));
#3541=CARTESIAN_POINT('Origin',(2.11,-2.48,0.75));
#3542=CARTESIAN_POINT('',(-2.11,-2.68,0.75));
#3543=CARTESIAN_POINT('',(-1.105,-2.68,0.75));
#3544=CARTESIAN_POINT('',(-2.31,-2.48,0.75));
#3545=CARTESIAN_POINT('Origin',(-2.11,-2.48,0.75));
#3546=CARTESIAN_POINT('',(-2.31,1.61,0.75));
#3547=CARTESIAN_POINT('',(-1.49,3.91,0.75));
#3548=CARTESIAN_POINT('Origin',(-1.33,3.91,0.75));
#3549=CARTESIAN_POINT('Origin',(-2.11,3.12,0.7));
#3550=CARTESIAN_POINT('',(-2.21,3.12,0.65));
#3551=CARTESIAN_POINT('',(-2.31,3.12,0.75));
#3552=CARTESIAN_POINT('',(-2.11,3.22,0.65));
#3553=CARTESIAN_POINT('Origin',(-2.11,3.12,0.65));
#3554=CARTESIAN_POINT('',(-2.11,3.22,0.65));
#3555=CARTESIAN_POINT('Origin',(-2.26,1.61,0.7));
#3556=CARTESIAN_POINT('',(-2.21,-2.48,0.65));
#3557=CARTESIAN_POINT('',(-2.31,-2.48,0.75));
#3558=CARTESIAN_POINT('',(-2.21,1.61,0.65));
#3559=CARTESIAN_POINT('Origin',(-2.11,-2.48,0.7));
#3560=CARTESIAN_POINT('',(-2.11,-2.58,0.65));
#3561=CARTESIAN_POINT('',(-2.11,-2.68,0.75));
#3562=CARTESIAN_POINT('Origin',(-2.11,-2.48,0.65));
#3563=CARTESIAN_POINT('Origin',(-1.105,-2.63,0.7));
#3564=CARTESIAN_POINT('',(2.11,-2.58,0.65));
#3565=CARTESIAN_POINT('',(2.11,-2.68,0.75));
#3566=CARTESIAN_POINT('',(-1.105,-2.58,0.65));
#3567=CARTESIAN_POINT('Origin',(2.11,-2.48,0.7));
#3568=CARTESIAN_POINT('',(2.21,-2.48,0.65));
#3569=CARTESIAN_POINT('',(2.31,-2.48,0.75));
#3570=CARTESIAN_POINT('Origin',(2.11,-2.48,0.65));
#3571=CARTESIAN_POINT('Origin',(2.26,-1.29,0.7));
#3572=CARTESIAN_POINT('',(2.21,3.12,0.65));
#3573=CARTESIAN_POINT('',(2.31,3.12,0.75));
#3574=CARTESIAN_POINT('',(2.21,-1.29,0.65));
#3575=CARTESIAN_POINT('Origin',(2.11,3.12,0.7));
#3576=CARTESIAN_POINT('',(2.11,3.22,0.65));
#3577=CARTESIAN_POINT('',(2.11,3.32,0.75));
#3578=CARTESIAN_POINT('Origin',(2.11,3.12,0.65));
#3579=CARTESIAN_POINT('Origin',(1.105,3.27,0.7));
#3580=CARTESIAN_POINT('',(1.105,3.22,0.65));
#3581=CARTESIAN_POINT('Origin',(2.21,-2.58,0.55));
#3582=CARTESIAN_POINT('',(2.21,3.12,0.6));
#3583=CARTESIAN_POINT('',(2.21,3.12,0.55));
#3584=CARTESIAN_POINT('',(2.21,-2.48,0.6));
#3585=CARTESIAN_POINT('',(2.21,-1.29,0.6));
#3586=CARTESIAN_POINT('',(2.21,-2.48,0.55));
#3587=CARTESIAN_POINT('Origin',(2.11,3.12,0.55));
#3588=CARTESIAN_POINT('',(2.11,3.22,0.6));
#3589=CARTESIAN_POINT('',(2.11,3.22,0.55));
#3590=CARTESIAN_POINT('Origin',(2.11,3.12,0.6));
#3591=CARTESIAN_POINT('Origin',(2.21,3.22,0.55));
#3592=CARTESIAN_POINT('',(-2.11,3.22,0.6));
#3593=CARTESIAN_POINT('',(-2.11,3.22,0.55));
#3594=CARTESIAN_POINT('',(1.105,3.22,0.6));
#3595=CARTESIAN_POINT('Origin',(-2.11,3.12,0.55));
#3596=CARTESIAN_POINT('',(-2.21,3.12,0.6));
#3597=CARTESIAN_POINT('',(-2.21,3.12,0.55));
#3598=CARTESIAN_POINT('Origin',(-2.11,3.12,0.6));
#3599=CARTESIAN_POINT('Origin',(2.11,-2.48,0.55));
#3600=CARTESIAN_POINT('',(2.11,-2.58,0.6));
#3601=CARTESIAN_POINT('Origin',(2.11,-2.48,0.6));
#3602=CARTESIAN_POINT('',(2.11,-2.58,0.55));
#3603=CARTESIAN_POINT('Origin',(-2.21,-2.58,0.55));
#3604=CARTESIAN_POINT('',(-2.11,-2.58,0.6));
#3605=CARTESIAN_POINT('',(-1.105,-2.58,0.6));
#3606=CARTESIAN_POINT('',(-2.11,-2.58,0.55));
#3607=CARTESIAN_POINT('Origin',(-2.11,-2.48,0.55));
#3608=CARTESIAN_POINT('',(-2.21,-2.48,0.6));
#3609=CARTESIAN_POINT('Origin',(-2.11,-2.48,0.6));
#3610=CARTESIAN_POINT('',(-2.21,-2.48,0.55));
#3611=CARTESIAN_POINT('Origin',(-2.21,3.22,0.55));
#3612=CARTESIAN_POINT('',(-2.21,1.61,0.6));
#3613=CARTESIAN_POINT('Origin',(-2.25,-4.05,0.2));
#3614=CARTESIAN_POINT('',(-2.53,-4.05,0.6));
#3615=CARTESIAN_POINT('Origin',(-2.25,-4.05,0.6));
#3616=CARTESIAN_POINT('',(-2.53,-4.05,0.2));
#3617=CARTESIAN_POINT('Origin',(2.25,-4.05,0.2));
#3618=CARTESIAN_POINT('',(2.53,-4.05,0.6));
#3619=CARTESIAN_POINT('Origin',(2.25,-4.05,0.6));
#3620=CARTESIAN_POINT('',(2.53,-4.05,0.2));
#3621=CARTESIAN_POINT('Origin',(2.53,-4.33,0.2));
#3622=CARTESIAN_POINT('',(2.53,4.05,0.6));
#3623=CARTESIAN_POINT('',(2.53,-4.33,0.6));
#3624=CARTESIAN_POINT('',(2.53,4.05,0.2));
#3625=CARTESIAN_POINT('Origin',(-2.25,4.05,0.2));
#3626=CARTESIAN_POINT('',(-2.53,4.05,0.6));
#3627=CARTESIAN_POINT('',(-2.25,4.33,0.6));
#3628=CARTESIAN_POINT('Origin',(-2.25,4.05,0.6));
#3629=CARTESIAN_POINT('',(-2.53,4.05,0.2));
#3630=CARTESIAN_POINT('',(-2.25,4.33,0.2));
#3631=CARTESIAN_POINT('Origin',(2.25,4.05,0.2));
#3632=CARTESIAN_POINT('',(2.25,4.33,0.6));
#3633=CARTESIAN_POINT('Origin',(2.25,4.05,0.6));
#3634=CARTESIAN_POINT('',(2.25,4.33,0.2));
#3635=CARTESIAN_POINT('Origin',(2.53,4.33,0.2));
#3636=CARTESIAN_POINT('',(2.53,4.33,0.6));
#3637=CARTESIAN_POINT('Origin',(0.,0.,0.6));
#3638=CARTESIAN_POINT('',(-2.53,4.33,0.6));
#3639=CARTESIAN_POINT('',(-1.65,3.91,0.6));
#3640=CARTESIAN_POINT('Origin',(-1.33,3.91,0.6));
#3641=CARTESIAN_POINT('Origin',(-2.25,4.05,0.2));
#3642=CARTESIAN_POINT('',(-2.25,4.435,0.2));
#3643=CARTESIAN_POINT('Origin',(2.25,4.435,0.2));
#3644=CARTESIAN_POINT('',(2.25,4.435,0.2));
#3645=CARTESIAN_POINT('Origin',(2.25,4.05,0.2));
#3646=CARTESIAN_POINT('',(2.635,4.05,0.2));
#3647=CARTESIAN_POINT('Origin',(2.635,-4.05,0.2));
#3648=CARTESIAN_POINT('Origin',(-1.33,3.91,0.36));
#3649=CARTESIAN_POINT('',(-1.65,3.91,0.36));
#3650=CARTESIAN_POINT('',(-1.65,3.91,0.36));
#3651=CARTESIAN_POINT('Origin',(-1.33,3.91,0.36));
#3652=CARTESIAN_POINT('Origin',(-1.33,3.91,0.36));
#3653=CARTESIAN_POINT('',(-1.49,3.91,0.36));
#3654=CARTESIAN_POINT('Origin',(-1.33,3.91,0.36));
#3655=CARTESIAN_POINT('Origin',(-1.33,3.91,0.55));
#3656=CARTESIAN_POINT('',(-1.49,3.91,0.55));
#3657=CARTESIAN_POINT('Origin',(-2.53,4.33,0.2));
#3658=CARTESIAN_POINT('Origin',(2.25,4.05,0.25));
#3659=CARTESIAN_POINT('',(2.25,4.53,0.25));
#3660=CARTESIAN_POINT('Origin',(-2.25,4.05,0.25));
#3661=CARTESIAN_POINT('',(-2.25,4.53,0.25));
#3662=CARTESIAN_POINT('Origin',(2.73,4.53,0.25));
#3663=UNCERTAINTY_MEASURE_WITH_UNIT(LENGTH_MEASURE(0.001),#3667,
'DISTANCE_ACCURACY_VALUE',
'Maximum model space distance between geometric entities at asserted c
onnectivities');
#3664=UNCERTAINTY_MEASURE_WITH_UNIT(LENGTH_MEASURE(0.001),#3667,
'DISTANCE_ACCURACY_VALUE',
'Maximum model space distance between geometric entities at asserted c
onnectivities');
#3665=(
GEOMETRIC_REPRESENTATION_CONTEXT(3)
GLOBAL_UNCERTAINTY_ASSIGNED_CONTEXT((#3663))
GLOBAL_UNIT_ASSIGNED_CONTEXT((#3667,#3669,#3670))
REPRESENTATION_CONTEXT('','3D')
);
#3666=(
GEOMETRIC_REPRESENTATION_CONTEXT(3)
GLOBAL_UNCERTAINTY_ASSIGNED_CONTEXT((#3664))
GLOBAL_UNIT_ASSIGNED_CONTEXT((#3667,#3669,#3670))
REPRESENTATION_CONTEXT('','3D')
);
#3667=(
LENGTH_UNIT()
NAMED_UNIT(*)
SI_UNIT(.CENTI.,.METRE.)
);
#3668=(
LENGTH_UNIT()
NAMED_UNIT(*)
SI_UNIT($,.METRE.)
);
#3669=(
NAMED_UNIT(*)
PLANE_ANGLE_UNIT()
SI_UNIT($,.RADIAN.)
);
#3670=(
NAMED_UNIT(*)
SI_UNIT($,.STERADIAN.)
SOLID_ANGLE_UNIT()
);
#3671=SHAPE_DEFINITION_REPRESENTATION(#3672,#3673);
#3672=PRODUCT_DEFINITION_SHAPE('',$,#3675);
#3673=SHAPE_REPRESENTATION('',(#2139),#3665);
#3674=PRODUCT_DEFINITION_CONTEXT('part definition',#3679,'design');
#3675=PRODUCT_DEFINITION('2026-09-15-19-40-41-848','Lid',#3676,#3674);
#3676=PRODUCT_DEFINITION_FORMATION('',$,#3681);
#3677=PRODUCT_RELATED_PRODUCT_CATEGORY('Lid','Lid',(#3681));
#3678=APPLICATION_PROTOCOL_DEFINITION('international standard',
'automotive_design',2009,#3679);
#3679=APPLICATION_CONTEXT(
'Core Data for Automotive Mechanical Design Process');
#3680=PRODUCT_CONTEXT('part definition',#3679,'mechanical');
#3681=PRODUCT('2026-09-15-19-40-41-848','Lid',$,(#3680));
#3682=PRESENTATION_STYLE_ASSIGNMENT((#3683));
#3683=SURFACE_STYLE_USAGE(.BOTH.,#3684);
#3684=SURFACE_SIDE_STYLE('',(#3685));
#3685=SURFACE_STYLE_FILL_AREA(#3686);
#3686=FILL_AREA_STYLE('Steel - Satin',(#3687));
#3687=FILL_AREA_STYLE_COLOUR('Steel - Satin',#3688);
#3688=COLOUR_RGB('Steel - Satin',0.627450980392157,0.627450980392157,0.627450980392157);
ENDSEC;
END-ISO-10303-21;
