ISO-10303-21;
HEADER;
/* Generated by software containing ST-Developer
 * from STEP Tools, Inc. (www.steptools.com) 
 */

FILE_DESCRIPTION(
/* description */ (''),
/* implementation_level */ '2;1');

FILE_NAME(
/* name */ 'CYD_FlowCtrl_Base.step',
/* time_stamp */ '2026-09-15T19:40:41-05:00',
/* author */ (''),
/* organization */ (''),
/* preprocessor_version */ 'ST-DEVELOPER v20.2',
/* originating_system */ 'Autodesk Translation Framework v15.15.0.0',
/* authorisation */ '');

FILE_SCHEMA (('AUTOMOTIVE_DESIGN { 1 0 10303 214 3 1 1 }'));
ENDSEC;

DATA;
#10=MECHANICAL_DESIGN_GEOMETRIC_PRESENTATION_REPRESENTATION('',(#13),#2790);
#11=SHAPE_REPRESENTATION_RELATIONSHIP('SRR','None',#2797,#12);
#12=ADVANCED_BREP_SHAPE_REPRESENTATION('',(#14),#2789);
#13=STYLED_ITEM('',(#2806),#14);
#14=MANIFOLD_SOLID_BREP('Base',#1594);
#15=FACE_BOUND('',#215,.T.);
#16=FACE_BOUND('',#216,.T.);
#17=FACE_BOUND('',#217,.T.);
#18=FACE_BOUND('',#218,.T.);
#19=FACE_BOUND('',#246,.T.);
#20=FACE_BOUND('',#247,.T.);
#21=FACE_BOUND('',#248,.T.);
#22=FACE_BOUND('',#249,.T.);
#23=FACE_BOUND('',#258,.T.);
#24=FACE_BOUND('',#261,.T.);
#25=FACE_BOUND('',#264,.T.);
#26=FACE_BOUND('',#267,.T.);
#27=B_SPLINE_CURVE_WITH_KNOTS('',3,(#2542,#2543,#2544,#2545,#2546,#2547,
#2548,#2549,#2550,#2551,#2552,#2553,#2554,#2555,#2556,#2557,#2558,#2559,
#2560),.UNSPECIFIED.,.F.,.F.,(4,3,3,3,3,3,4),(0.,0.0569812114774816,0.113962422954963,
0.227924845909927,0.34188726886489,0.35613257173426,0.398868480342371),
 .UNSPECIFIED.);
#28=B_SPLINE_CURVE_WITH_KNOTS('',3,(#2596,#2597,#2598,#2599,#2600,#2601,
#2602,#2603,#2604,#2605,#2606,#2607,#2608),.UNSPECIFIED.,.F.,.F.,(4,3,3,
3,4),(0.,0.171047499876761,0.342094999753521,0.427618749691901,0.598666249568662),
 .UNSPECIFIED.);
#29=B_SPLINE_SURFACE_WITH_KNOTS('',3,3,((#2504,#2505,#2506,#2507),(#2508,
#2509,#2510,#2511),(#2512,#2513,#2514,#2515),(#2516,#2517,#2518,#2519),
(#2520,#2521,#2522,#2523),(#2524,#2525,#2526,#2527),(#2528,#2529,#2530,
#2531),(#2532,#2533,#2534,#2535),(#2536,#2537,#2538,#2539)),
 .UNSPECIFIED.,.F.,.F.,.F.,(4,1,1,1,1,1,4),(4,4),(0.,0.142857142857143,
0.285714285714286,0.571428571428571,0.857142857142857,0.892857142857143,
1.),(0.,0.800000000000006),.UNSPECIFIED.);
#30=B_SPLINE_SURFACE_WITH_KNOTS('',3,3,((#2567,#2568,#2569,#2570),(#2571,
#2572,#2573,#2574),(#2575,#2576,#2577,#2578),(#2579,#2580,#2581,#2582),
(#2583,#2584,#2585,#2586),(#2587,#2588,#2589,#2590),(#2591,#2592,#2593,
#2594)),.UNSPECIFIED.,.F.,.F.,.F.,(4,1,1,1,4),(4,4),(0.,0.285714285714286,
0.571428571428571,0.714285714285714,1.),(0.,0.800000000000008),
 .UNSPECIFIED.);
#31=CONICAL_SURFACE('',#1668,0.155000000567158,0.785398163397444);
#32=CONICAL_SURFACE('',#1672,0.155000000567158,0.785398163397445);
#33=CONICAL_SURFACE('',#1686,0.24,0.785398163397449);
#34=CONICAL_SURFACE('',#1699,0.24,0.785398163397449);
#35=CONICAL_SURFACE('',#1703,0.24,0.785398163397449);
#36=CONICAL_SURFACE('',#1707,0.24,0.785398163397449);
#37=CONICAL_SURFACE('',#1711,0.44,0.785398163397449);
#38=CONICAL_SURFACE('',#1714,0.44,0.785398163397449);
#39=CONICAL_SURFACE('',#1717,0.44,0.785398163397449);
#40=CONICAL_SURFACE('',#1720,0.44,0.785398163397449);
#41=PLANE('',#1611);
#42=PLANE('',#1618);
#43=PLANE('',#1622);
#44=PLANE('',#1623);
#45=PLANE('',#1624);
#46=PLANE('',#1625);
#47=PLANE('',#1626);
#48=PLANE('',#1635);
#49=PLANE('',#1638);
#50=PLANE('',#1641);
#51=PLANE('',#1644);
#52=PLANE('',#1645);
#53=PLANE('',#1650);
#54=PLANE('',#1653);
#55=PLANE('',#1656);
#56=PLANE('',#1657);
#57=PLANE('',#1666);
#58=PLANE('',#1667);
#59=PLANE('',#1671);
#60=PLANE('',#1676);
#61=PLANE('',#1678);
#62=PLANE('',#1679);
#63=PLANE('',#1682);
#64=PLANE('',#1683);
#65=PLANE('',#1684);
#66=PLANE('',#1685);
#67=PLANE('',#1689);
#68=PLANE('',#1713);
#69=PLANE('',#1716);
#70=PLANE('',#1719);
#71=PLANE('',#1722);
#72=PLANE('',#1723);
#73=PLANE('',#1725);
#74=PLANE('',#1730);
#75=PLANE('',#1732);
#76=PLANE('',#1735);
#77=PLANE('',#1743);
#78=PLANE('',#1747);
#79=PLANE('',#1748);
#80=PLANE('',#1751);
#81=PLANE('',#1754);
#82=PLANE('',#1757);
#83=PLANE('',#1760);
#84=PLANE('',#1761);
#85=PLANE('',#1763);
#86=FACE_OUTER_BOUND('',#173,.T.);
#87=FACE_OUTER_BOUND('',#174,.T.);
#88=FACE_OUTER_BOUND('',#175,.T.);
#89=FACE_OUTER_BOUND('',#176,.T.);
#90=FACE_OUTER_BOUND('',#177,.T.);
#91=FACE_OUTER_BOUND('',#178,.T.);
#92=FACE_OUTER_BOUND('',#179,.T.);
#93=FACE_OUTER_BOUND('',#180,.T.);
#94=FACE_OUTER_BOUND('',#181,.T.);
#95=FACE_OUTER_BOUND('',#182,.T.);
#96=FACE_OUTER_BOUND('',#183,.T.);
#97=FACE_OUTER_BOUND('',#184,.T.);
#98=FACE_OUTER_BOUND('',#185,.T.);
#99=FACE_OUTER_BOUND('',#186,.T.);
#100=FACE_OUTER_BOUND('',#187,.T.);
#101=FACE_OUTER_BOUND('',#188,.T.);
#102=FACE_OUTER_BOUND('',#189,.T.);
#103=FACE_OUTER_BOUND('',#190,.T.);
#104=FACE_OUTER_BOUND('',#191,.T.);
#105=FACE_OUTER_BOUND('',#192,.T.);
#106=FACE_OUTER_BOUND('',#193,.T.);
#107=FACE_OUTER_BOUND('',#194,.T.);
#108=FACE_OUTER_BOUND('',#195,.T.);
#109=FACE_OUTER_BOUND('',#196,.T.);
#110=FACE_OUTER_BOUND('',#197,.T.);
#111=FACE_OUTER_BOUND('',#198,.T.);
#112=FACE_OUTER_BOUND('',#199,.T.);
#113=FACE_OUTER_BOUND('',#200,.T.);
#114=FACE_OUTER_BOUND('',#201,.T.);
#115=FACE_OUTER_BOUND('',#202,.T.);
#116=FACE_OUTER_BOUND('',#203,.T.);
#117=FACE_OUTER_BOUND('',#204,.T.);
#118=FACE_OUTER_BOUND('',#205,.T.);
#119=FACE_OUTER_BOUND('',#206,.T.);
#120=FACE_OUTER_BOUND('',#207,.T.);
#121=FACE_OUTER_BOUND('',#208,.T.);
#122=FACE_OUTER_BOUND('',#209,.T.);
#123=FACE_OUTER_BOUND('',#210,.T.);
#124=FACE_OUTER_BOUND('',#211,.T.);
#125=FACE_OUTER_BOUND('',#212,.T.);
#126=FACE_OUTER_BOUND('',#213,.T.);
#127=FACE_OUTER_BOUND('',#214,.T.);
#128=FACE_OUTER_BOUND('',#219,.T.);
#129=FACE_OUTER_BOUND('',#220,.T.);
#130=FACE_OUTER_BOUND('',#221,.T.);
#131=FACE_OUTER_BOUND('',#222,.T.);
#132=FACE_OUTER_BOUND('',#223,.T.);
#133=FACE_OUTER_BOUND('',#224,.T.);
#134=FACE_OUTER_BOUND('',#225,.T.);
#135=FACE_OUTER_BOUND('',#226,.T.);
#136=FACE_OUTER_BOUND('',#227,.T.);
#137=FACE_OUTER_BOUND('',#228,.T.);
#138=FACE_OUTER_BOUND('',#229,.T.);
#139=FACE_OUTER_BOUND('',#230,.T.);
#140=FACE_OUTER_BOUND('',#231,.T.);
#141=FACE_OUTER_BOUND('',#232,.T.);
#142=FACE_OUTER_BOUND('',#233,.T.);
#143=FACE_OUTER_BOUND('',#234,.T.);
#144=FACE_OUTER_BOUND('',#235,.T.);
#145=FACE_OUTER_BOUND('',#236,.T.);
#146=FACE_OUTER_BOUND('',#237,.T.);
#147=FACE_OUTER_BOUND('',#238,.T.);
#148=FACE_OUTER_BOUND('',#239,.T.);
#149=FACE_OUTER_BOUND('',#240,.T.);
#150=FACE_OUTER_BOUND('',#241,.T.);
#151=FACE_OUTER_BOUND('',#242,.T.);
#152=FACE_OUTER_BOUND('',#243,.T.);
#153=FACE_OUTER_BOUND('',#244,.T.);
#154=FACE_OUTER_BOUND('',#245,.T.);
#155=FACE_OUTER_BOUND('',#250,.T.);
#156=FACE_OUTER_BOUND('',#251,.T.);
#157=FACE_OUTER_BOUND('',#252,.T.);
#158=FACE_OUTER_BOUND('',#253,.T.);
#159=FACE_OUTER_BOUND('',#254,.T.);
#160=FACE_OUTER_BOUND('',#255,.T.);
#161=FACE_OUTER_BOUND('',#256,.T.);
#162=FACE_OUTER_BOUND('',#257,.T.);
#163=FACE_OUTER_BOUND('',#259,.T.);
#164=FACE_OUTER_BOUND('',#260,.T.);
#165=FACE_OUTER_BOUND('',#262,.T.);
#166=FACE_OUTER_BOUND('',#263,.T.);
#167=FACE_OUTER_BOUND('',#265,.T.);
#168=FACE_OUTER_BOUND('',#266,.T.);
#169=FACE_OUTER_BOUND('',#268,.T.);
#170=FACE_OUTER_BOUND('',#269,.T.);
#171=FACE_OUTER_BOUND('',#270,.T.);
#172=FACE_OUTER_BOUND('',#271,.T.);
#173=EDGE_LOOP('',(#1023,#1024,#1025,#1026));
#174=EDGE_LOOP('',(#1027,#1028,#1029,#1030));
#175=EDGE_LOOP('',(#1031,#1032,#1033,#1034));
#176=EDGE_LOOP('',(#1035,#1036,#1037,#1038));
#177=EDGE_LOOP('',(#1039,#1040,#1041,#1042));
#178=EDGE_LOOP('',(#1043,#1044,#1045,#1046));
#179=EDGE_LOOP('',(#1047,#1048,#1049,#1050));
#180=EDGE_LOOP('',(#1051,#1052,#1053,#1054));
#181=EDGE_LOOP('',(#1055,#1056,#1057,#1058));
#182=EDGE_LOOP('',(#1059,#1060,#1061,#1062));
#183=EDGE_LOOP('',(#1063,#1064,#1065,#1066,#1067,#1068,#1069,#1070,#1071,
#1072,#1073,#1074,#1075,#1076,#1077,#1078,#1079,#1080,#1081,#1082));
#184=EDGE_LOOP('',(#1083,#1084,#1085,#1086,#1087,#1088,#1089,#1090,#1091,
#1092,#1093,#1094));
#185=EDGE_LOOP('',(#1095,#1096,#1097,#1098,#1099,#1100,#1101,#1102,#1103,
#1104,#1105,#1106));
#186=EDGE_LOOP('',(#1107,#1108,#1109,#1110,#1111,#1112,#1113,#1114,#1115,
#1116,#1117,#1118,#1119,#1120,#1121,#1122,#1123,#1124,#1125,#1126,#1127,
#1128));
#187=EDGE_LOOP('',(#1129,#1130,#1131,#1132));
#188=EDGE_LOOP('',(#1133,#1134,#1135,#1136));
#189=EDGE_LOOP('',(#1137,#1138,#1139,#1140));
#190=EDGE_LOOP('',(#1141,#1142,#1143,#1144));
#191=EDGE_LOOP('',(#1145,#1146,#1147,#1148));
#192=EDGE_LOOP('',(#1149,#1150,#1151,#1152));
#193=EDGE_LOOP('',(#1153,#1154,#1155,#1156,#1157,#1158,#1159,#1160,#1161));
#194=EDGE_LOOP('',(#1162,#1163,#1164,#1165));
#195=EDGE_LOOP('',(#1166,#1167,#1168,#1169,#1170,#1171,#1172,#1173,#1174));
#196=EDGE_LOOP('',(#1175,#1176,#1177,#1178,#1179,#1180,#1181,#1182,#1183,
#1184,#1185,#1186,#1187,#1188,#1189,#1190,#1191,#1192,#1193,#1194));
#197=EDGE_LOOP('',(#1195,#1196,#1197,#1198));
#198=EDGE_LOOP('',(#1199,#1200,#1201,#1202));
#199=EDGE_LOOP('',(#1203,#1204,#1205,#1206));
#200=EDGE_LOOP('',(#1207,#1208,#1209,#1210));
#201=EDGE_LOOP('',(#1211,#1212,#1213,#1214));
#202=EDGE_LOOP('',(#1215,#1216,#1217,#1218));
#203=EDGE_LOOP('',(#1219,#1220,#1221,#1222));
#204=EDGE_LOOP('',(#1223,#1224,#1225,#1226));
#205=EDGE_LOOP('',(#1227,#1228,#1229,#1230));
#206=EDGE_LOOP('',(#1231,#1232,#1233,#1234,#1235,#1236,#1237,#1238,#1239,
#1240,#1241,#1242));
#207=EDGE_LOOP('',(#1243,#1244,#1245,#1246));
#208=EDGE_LOOP('',(#1247,#1248,#1249,#1250));
#209=EDGE_LOOP('',(#1251,#1252,#1253,#1254));
#210=EDGE_LOOP('',(#1255,#1256,#1257,#1258));
#211=EDGE_LOOP('',(#1259,#1260,#1261,#1262));
#212=EDGE_LOOP('',(#1263,#1264,#1265,#1266,#1267,#1268,#1269,#1270,#1271,
#1272,#1273,#1274,#1275,#1276,#1277,#1278,#1279,#1280));
#213=EDGE_LOOP('',(#1281,#1282,#1283,#1284));
#214=EDGE_LOOP('',(#1285,#1286,#1287,#1288,#1289,#1290,#1291,#1292));
#215=EDGE_LOOP('',(#1293));
#216=EDGE_LOOP('',(#1294));
#217=EDGE_LOOP('',(#1295));
#218=EDGE_LOOP('',(#1296));
#219=EDGE_LOOP('',(#1297,#1298,#1299,#1300));
#220=EDGE_LOOP('',(#1301,#1302,#1303,#1304));
#221=EDGE_LOOP('',(#1305,#1306,#1307,#1308));
#222=EDGE_LOOP('',(#1309,#1310,#1311,#1312));
#223=EDGE_LOOP('',(#1313,#1314,#1315,#1316));
#224=EDGE_LOOP('',(#1317,#1318,#1319,#1320));
#225=EDGE_LOOP('',(#1321,#1322,#1323,#1324));
#226=EDGE_LOOP('',(#1325,#1326,#1327,#1328));
#227=EDGE_LOOP('',(#1329,#1330,#1331,#1332));
#228=EDGE_LOOP('',(#1333,#1334,#1335,#1336));
#229=EDGE_LOOP('',(#1337,#1338,#1339,#1340));
#230=EDGE_LOOP('',(#1341,#1342,#1343,#1344));
#231=EDGE_LOOP('',(#1345,#1346,#1347,#1348));
#232=EDGE_LOOP('',(#1349,#1350,#1351,#1352));
#233=EDGE_LOOP('',(#1353,#1354,#1355,#1356));
#234=EDGE_LOOP('',(#1357,#1358,#1359,#1360));
#235=EDGE_LOOP('',(#1361,#1362,#1363,#1364));
#236=EDGE_LOOP('',(#1365,#1366,#1367,#1368));
#237=EDGE_LOOP('',(#1369,#1370,#1371,#1372));
#238=EDGE_LOOP('',(#1373,#1374,#1375,#1376));
#239=EDGE_LOOP('',(#1377,#1378,#1379,#1380));
#240=EDGE_LOOP('',(#1381,#1382,#1383,#1384));
#241=EDGE_LOOP('',(#1385,#1386,#1387,#1388));
#242=EDGE_LOOP('',(#1389,#1390,#1391,#1392));
#243=EDGE_LOOP('',(#1393,#1394,#1395,#1396));
#244=EDGE_LOOP('',(#1397,#1398,#1399,#1400));
#245=EDGE_LOOP('',(#1401,#1402,#1403,#1404,#1405,#1406,#1407,#1408));
#246=EDGE_LOOP('',(#1409));
#247=EDGE_LOOP('',(#1410));
#248=EDGE_LOOP('',(#1411));
#249=EDGE_LOOP('',(#1412));
#250=EDGE_LOOP('',(#1413,#1414,#1415,#1416));
#251=EDGE_LOOP('',(#1417,#1418,#1419,#1420));
#252=EDGE_LOOP('',(#1421,#1422,#1423,#1424));
#253=EDGE_LOOP('',(#1425,#1426,#1427,#1428));
#254=EDGE_LOOP('',(#1429,#1430,#1431,#1432));
#255=EDGE_LOOP('',(#1433,#1434,#1435,#1436));
#256=EDGE_LOOP('',(#1437,#1438,#1439,#1440));
#257=EDGE_LOOP('',(#1441));
#258=EDGE_LOOP('',(#1442));
#259=EDGE_LOOP('',(#1443,#1444,#1445,#1446));
#260=EDGE_LOOP('',(#1447));
#261=EDGE_LOOP('',(#1448));
#262=EDGE_LOOP('',(#1449,#1450,#1451,#1452));
#263=EDGE_LOOP('',(#1453));
#264=EDGE_LOOP('',(#1454));
#265=EDGE_LOOP('',(#1455,#1456,#1457,#1458));
#266=EDGE_LOOP('',(#1459));
#267=EDGE_LOOP('',(#1460));
#268=EDGE_LOOP('',(#1461,#1462,#1463,#1464));
#269=EDGE_LOOP('',(#1465,#1466,#1467,#1468));
#270=EDGE_LOOP('',(#1469,#1470,#1471,#1472));
#271=EDGE_LOOP('',(#1473,#1474,#1475,#1476));
#272=LINE('',#2240,#425);
#273=LINE('',#2243,#426);
#274=LINE('',#2246,#427);
#275=LINE('',#2248,#428);
#276=LINE('',#2249,#429);
#277=LINE('',#2255,#430);
#278=LINE('',#2261,#431);
#279=LINE('',#2264,#432);
#280=LINE('',#2267,#433);
#281=LINE('',#2269,#434);
#282=LINE('',#2270,#435);
#283=LINE('',#2276,#436);
#284=LINE('',#2279,#437);
#285=LINE('',#2281,#438);
#286=LINE('',#2282,#439);
#287=LINE('',#2285,#440);
#288=LINE('',#2287,#441);
#289=LINE('',#2288,#442);
#290=LINE('',#2292,#443);
#291=LINE('',#2294,#444);
#292=LINE('',#2296,#445);
#293=LINE('',#2297,#446);
#294=LINE('',#2299,#447);
#295=LINE('',#2300,#448);
#296=LINE('',#2303,#449);
#297=LINE('',#2307,#450);
#298=LINE('',#2311,#451);
#299=LINE('',#2315,#452);
#300=LINE('',#2318,#453);
#301=LINE('',#2320,#454);
#302=LINE('',#2324,#455);
#303=LINE('',#2328,#456);
#304=LINE('',#2332,#457);
#305=LINE('',#2335,#458);
#306=LINE('',#2338,#459);
#307=LINE('',#2340,#460);
#308=LINE('',#2344,#461);
#309=LINE('',#2347,#462);
#310=LINE('',#2350,#463);
#311=LINE('',#2354,#464);
#312=LINE('',#2358,#465);
#313=LINE('',#2359,#466);
#314=LINE('',#2362,#467);
#315=LINE('',#2364,#468);
#316=LINE('',#2366,#469);
#317=LINE('',#2367,#470);
#318=LINE('',#2369,#471);
#319=LINE('',#2371,#472);
#320=LINE('',#2375,#473);
#321=LINE('',#2378,#474);
#322=LINE('',#2381,#475);
#323=LINE('',#2383,#476);
#324=LINE('',#2384,#477);
#325=LINE('',#2388,#478);
#326=LINE('',#2389,#479);
#327=LINE('',#2390,#480);
#328=LINE('',#2394,#481);
#329=LINE('',#2399,#482);
#330=LINE('',#2400,#483);
#331=LINE('',#2403,#484);
#332=LINE('',#2404,#485);
#333=LINE('',#2408,#486);
#334=LINE('',#2411,#487);
#335=LINE('',#2413,#488);
#336=LINE('',#2415,#489);
#337=LINE('',#2417,#490);
#338=LINE('',#2418,#491);
#339=LINE('',#2422,#492);
#340=LINE('',#2425,#493);
#341=LINE('',#2427,#494);
#342=LINE('',#2429,#495);
#343=LINE('',#2430,#496);
#344=LINE('',#2435,#497);
#345=LINE('',#2439,#498);
#346=LINE('',#2443,#499);
#347=LINE('',#2446,#500);
#348=LINE('',#2450,#501);
#349=LINE('',#2454,#502);
#350=LINE('',#2458,#503);
#351=LINE('',#2461,#504);
#352=LINE('',#2464,#505);
#353=LINE('',#2466,#506);
#354=LINE('',#2467,#507);
#355=LINE('',#2470,#508);
#356=LINE('',#2471,#509);
#357=LINE('',#2475,#510);
#358=LINE('',#2481,#511);
#359=LINE('',#2482,#512);
#360=LINE('',#2483,#513);
#361=LINE('',#2488,#514);
#362=LINE('',#2490,#515);
#363=LINE('',#2492,#516);
#364=LINE('',#2496,#517);
#365=LINE('',#2500,#518);
#366=LINE('',#2503,#519);
#367=LINE('',#2561,#520);
#368=LINE('',#2562,#521);
#369=LINE('',#2565,#522);
#370=LINE('',#2566,#523);
#371=LINE('',#2609,#524);
#372=LINE('',#2611,#525);
#373=LINE('',#2613,#526);
#374=LINE('',#2616,#527);
#375=LINE('',#2618,#528);
#376=LINE('',#2619,#529);
#377=LINE('',#2624,#530);
#378=LINE('',#2631,#531);
#379=LINE('',#2635,#532);
#380=LINE('',#2639,#533);
#381=LINE('',#2642,#534);
#382=LINE('',#2651,#535);
#383=LINE('',#2655,#536);
#384=LINE('',#2659,#537);
#385=LINE('',#2663,#538);
#386=LINE('',#2667,#539);
#387=LINE('',#2671,#540);
#388=LINE('',#2675,#541);
#389=LINE('',#2678,#542);
#390=LINE('',#2681,#543);
#391=LINE('',#2683,#544);
#392=LINE('',#2686,#545);
#393=LINE('',#2690,#546);
#394=LINE('',#2691,#547);
#395=LINE('',#2694,#548);
#396=LINE('',#2698,#549);
#397=LINE('',#2699,#550);
#398=LINE('',#2702,#551);
#399=LINE('',#2705,#552);
#400=LINE('',#2707,#553);
#401=LINE('',#2708,#554);
#402=LINE('',#2710,#555);
#403=LINE('',#2712,#556);
#404=LINE('',#2715,#557);
#405=LINE('',#2717,#558);
#406=LINE('',#2719,#559);
#407=LINE('',#2720,#560);
#408=LINE('',#2722,#561);
#409=LINE('',#2724,#562);
#410=LINE('',#2730,#563);
#411=LINE('',#2731,#564);
#412=LINE('',#2734,#565);
#413=LINE('',#2738,#566);
#414=LINE('',#2742,#567);
#415=LINE('',#2752,#568);
#416=LINE('',#2754,#569);
#417=LINE('',#2756,#570);
#418=LINE('',#2758,#571);
#419=LINE('',#2764,#572);
#420=LINE('',#2769,#573);
#421=LINE('',#2774,#574);
#422=LINE('',#2779,#575);
#423=LINE('',#2783,#576);
#424=LINE('',#2785,#577);
#425=VECTOR('',#1771,1.);
#426=VECTOR('',#1774,1.);
#427=VECTOR('',#1777,1.);
#428=VECTOR('',#1778,1.);
#429=VECTOR('',#1779,1.);
#430=VECTOR('',#1786,1.);
#431=VECTOR('',#1791,1.);
#432=VECTOR('',#1794,1.);
#433=VECTOR('',#1797,1.);
#434=VECTOR('',#1798,1.);
#435=VECTOR('',#1799,1.);
#436=VECTOR('',#1806,1.);
#437=VECTOR('',#1809,1.);
#438=VECTOR('',#1810,1.);
#439=VECTOR('',#1811,1.);
#440=VECTOR('',#1814,1.);
#441=VECTOR('',#1815,1.);
#442=VECTOR('',#1816,1.);
#443=VECTOR('',#1819,1.);
#444=VECTOR('',#1820,1.);
#445=VECTOR('',#1821,1.);
#446=VECTOR('',#1822,1.);
#447=VECTOR('',#1825,1.);
#448=VECTOR('',#1826,1.);
#449=VECTOR('',#1829,1.);
#450=VECTOR('',#1832,1.);
#451=VECTOR('',#1835,1.);
#452=VECTOR('',#1838,1.);
#453=VECTOR('',#1841,1.);
#454=VECTOR('',#1842,1.);
#455=VECTOR('',#1845,1.);
#456=VECTOR('',#1848,1.);
#457=VECTOR('',#1851,1.);
#458=VECTOR('',#1854,1.);
#459=VECTOR('',#1857,1.);
#460=VECTOR('',#1858,1.);
#461=VECTOR('',#1861,1.);
#462=VECTOR('',#1864,1.);
#463=VECTOR('',#1867,1.);
#464=VECTOR('',#1870,1.);
#465=VECTOR('',#1873,1.);
#466=VECTOR('',#1874,1.);
#467=VECTOR('',#1877,1.);
#468=VECTOR('',#1878,1.);
#469=VECTOR('',#1879,1.);
#470=VECTOR('',#1880,1.);
#471=VECTOR('',#1881,1.);
#472=VECTOR('',#1882,1.);
#473=VECTOR('',#1885,1.);
#474=VECTOR('',#1888,1.);
#475=VECTOR('',#1891,1.);
#476=VECTOR('',#1892,1.);
#477=VECTOR('',#1893,1.);
#478=VECTOR('',#1896,1.);
#479=VECTOR('',#1897,1.);
#480=VECTOR('',#1898,1.);
#481=VECTOR('',#1903,1.);
#482=VECTOR('',#1908,1.);
#483=VECTOR('',#1909,1.);
#484=VECTOR('',#1912,1.);
#485=VECTOR('',#1913,1.);
#486=VECTOR('',#1918,1.);
#487=VECTOR('',#1921,1.);
#488=VECTOR('',#1922,1.);
#489=VECTOR('',#1923,1.);
#490=VECTOR('',#1924,1.);
#491=VECTOR('',#1925,1.);
#492=VECTOR('',#1930,1.);
#493=VECTOR('',#1933,1.);
#494=VECTOR('',#1934,1.);
#495=VECTOR('',#1935,1.);
#496=VECTOR('',#1936,1.);
#497=VECTOR('',#1941,1.);
#498=VECTOR('',#1944,1.);
#499=VECTOR('',#1947,1.);
#500=VECTOR('',#1950,1.);
#501=VECTOR('',#1953,1.);
#502=VECTOR('',#1956,1.);
#503=VECTOR('',#1959,1.);
#504=VECTOR('',#1962,1.);
#505=VECTOR('',#1965,1.);
#506=VECTOR('',#1966,1.);
#507=VECTOR('',#1967,1.);
#508=VECTOR('',#1970,1.);
#509=VECTOR('',#1971,1.);
#510=VECTOR('',#1974,1.);
#511=VECTOR('',#1981,1.);
#512=VECTOR('',#1982,1.);
#513=VECTOR('',#1983,1.);
#514=VECTOR('',#1992,1.);
#515=VECTOR('',#1995,1.);
#516=VECTOR('',#1998,1.);
#517=VECTOR('',#2003,1.);
#518=VECTOR('',#2006,1.);
#519=VECTOR('',#2009,1.);
#520=VECTOR('',#2010,0.212132034355964);
#521=VECTOR('',#2011,1.);
#522=VECTOR('',#2014,1.);
#523=VECTOR('',#2015,0.212132034355964);
#524=VECTOR('',#2016,1.);
#525=VECTOR('',#2019,1.);
#526=VECTOR('',#2022,1.);
#527=VECTOR('',#2025,1.);
#528=VECTOR('',#2026,1.);
#529=VECTOR('',#2027,1.);
#530=VECTOR('',#2032,0.24);
#531=VECTOR('',#2039,1.);
#532=VECTOR('',#2042,1.);
#533=VECTOR('',#2045,1.);
#534=VECTOR('',#2048,1.);
#535=VECTOR('',#2057,0.16);
#536=VECTOR('',#2062,0.24);
#537=VECTOR('',#2067,0.16);
#538=VECTOR('',#2072,0.24);
#539=VECTOR('',#2077,0.16);
#540=VECTOR('',#2082,0.24);
#541=VECTOR('',#2087,0.16);
#542=VECTOR('',#2092,1.);
#543=VECTOR('',#2095,1.);
#544=VECTOR('',#2098,1.);
#545=VECTOR('',#2101,1.);
#546=VECTOR('',#2106,1.);
#547=VECTOR('',#2107,1.);
#548=VECTOR('',#2110,1.);
#549=VECTOR('',#2115,1.);
#550=VECTOR('',#2116,1.);
#551=VECTOR('',#2119,1.);
#552=VECTOR('',#2124,1.);
#553=VECTOR('',#2127,1.);
#554=VECTOR('',#2128,1.);
#555=VECTOR('',#2131,1.);
#556=VECTOR('',#2134,1.);
#557=VECTOR('',#2139,1.);
#558=VECTOR('',#2142,1.);
#559=VECTOR('',#2145,1.);
#560=VECTOR('',#2146,1.);
#561=VECTOR('',#2149,1.);
#562=VECTOR('',#2152,1.);
#563=VECTOR('',#2159,1.);
#564=VECTOR('',#2160,1.);
#565=VECTOR('',#2163,1.);
#566=VECTOR('',#2166,1.);
#567=VECTOR('',#2171,1.);
#568=VECTOR('',#2182,1.);
#569=VECTOR('',#2185,1.);
#570=VECTOR('',#2188,1.);
#571=VECTOR('',#2191,1.);
#572=VECTOR('',#2200,0.3);
#573=VECTOR('',#2207,0.3);
#574=VECTOR('',#2214,0.3);
#575=VECTOR('',#2221,0.3);
#576=VECTOR('',#2228,1.);
#577=VECTOR('',#2231,1.);
#578=CIRCLE('',#1609,0.18);
#579=CIRCLE('',#1610,0.18);
#580=CIRCLE('',#1613,0.149999999999999);
#581=CIRCLE('',#1614,0.149999999999999);
#582=CIRCLE('',#1616,0.15);
#583=CIRCLE('',#1617,0.15);
#584=CIRCLE('',#1620,0.18);
#585=CIRCLE('',#1621,0.18);
#586=CIRCLE('',#1627,0.37);
#587=CIRCLE('',#1628,0.37);
#588=CIRCLE('',#1629,0.37);
#589=CIRCLE('',#1630,0.37);
#590=CIRCLE('',#1631,0.28);
#591=CIRCLE('',#1632,0.28);
#592=CIRCLE('',#1633,0.28);
#593=CIRCLE('',#1634,0.28);
#594=CIRCLE('',#1636,0.15);
#595=CIRCLE('',#1637,0.18);
#596=CIRCLE('',#1639,0.18);
#597=CIRCLE('',#1640,0.149999999999999);
#598=CIRCLE('',#1642,0.140000000567158);
#599=CIRCLE('',#1643,0.140000000567158);
#600=CIRCLE('',#1647,0.15);
#601=CIRCLE('',#1649,0.149999999999999);
#602=CIRCLE('',#1652,0.18);
#603=CIRCLE('',#1655,0.18);
#604=CIRCLE('',#1658,0.37);
#605=CIRCLE('',#1659,0.37);
#606=CIRCLE('',#1660,0.37);
#607=CIRCLE('',#1661,0.37);
#608=CIRCLE('',#1662,0.48);
#609=CIRCLE('',#1663,0.48);
#610=CIRCLE('',#1664,0.48);
#611=CIRCLE('',#1665,0.48);
#612=CIRCLE('',#1669,0.140000000567158);
#613=CIRCLE('',#1670,0.170000000567158);
#614=CIRCLE('',#1673,0.140000000567158);
#615=CIRCLE('',#1674,0.170000000567158);
#616=CIRCLE('',#1680,0.260000001053293);
#617=CIRCLE('',#1681,0.260000001053293);
#618=CIRCLE('',#1687,0.32);
#619=CIRCLE('',#1688,0.16);
#620=CIRCLE('',#1690,0.4);
#621=CIRCLE('',#1691,0.4);
#622=CIRCLE('',#1692,0.4);
#623=CIRCLE('',#1693,0.4);
#624=CIRCLE('',#1694,0.32);
#625=CIRCLE('',#1695,0.32);
#626=CIRCLE('',#1696,0.32);
#627=CIRCLE('',#1698,0.16);
#628=CIRCLE('',#1700,0.16);
#629=CIRCLE('',#1702,0.16);
#630=CIRCLE('',#1704,0.16);
#631=CIRCLE('',#1706,0.16);
#632=CIRCLE('',#1708,0.16);
#633=CIRCLE('',#1710,0.16);
#634=CIRCLE('',#1712,0.48);
#635=CIRCLE('',#1715,0.48);
#636=CIRCLE('',#1718,0.48);
#637=CIRCLE('',#1721,0.48);
#638=CIRCLE('',#1734,0.28);
#639=CIRCLE('',#1736,0.28);
#640=CIRCLE('',#1737,0.28);
#641=CIRCLE('',#1738,0.28);
#642=CIRCLE('',#1739,0.3);
#643=CIRCLE('',#1740,0.3);
#644=CIRCLE('',#1741,0.3);
#645=CIRCLE('',#1742,0.3);
#646=CIRCLE('',#1750,0.3);
#647=CIRCLE('',#1753,0.3);
#648=CIRCLE('',#1756,0.3);
#649=CIRCLE('',#1759,0.3);
#650=VERTEX_POINT('',#2236);
#651=VERTEX_POINT('',#2237);
#652=VERTEX_POINT('',#2239);
#653=VERTEX_POINT('',#2241);
#654=VERTEX_POINT('',#2245);
#655=VERTEX_POINT('',#2247);
#656=VERTEX_POINT('',#2251);
#657=VERTEX_POINT('',#2253);
#658=VERTEX_POINT('',#2257);
#659=VERTEX_POINT('',#2258);
#660=VERTEX_POINT('',#2260);
#661=VERTEX_POINT('',#2262);
#662=VERTEX_POINT('',#2266);
#663=VERTEX_POINT('',#2268);
#664=VERTEX_POINT('',#2272);
#665=VERTEX_POINT('',#2274);
#666=VERTEX_POINT('',#2278);
#667=VERTEX_POINT('',#2280);
#668=VERTEX_POINT('',#2284);
#669=VERTEX_POINT('',#2286);
#670=VERTEX_POINT('',#2290);
#671=VERTEX_POINT('',#2291);
#672=VERTEX_POINT('',#2293);
#673=VERTEX_POINT('',#2295);
#674=VERTEX_POINT('',#2302);
#675=VERTEX_POINT('',#2304);
#676=VERTEX_POINT('',#2306);
#677=VERTEX_POINT('',#2308);
#678=VERTEX_POINT('',#2310);
#679=VERTEX_POINT('',#2312);
#680=VERTEX_POINT('',#2314);
#681=VERTEX_POINT('',#2316);
#682=VERTEX_POINT('',#2319);
#683=VERTEX_POINT('',#2321);
#684=VERTEX_POINT('',#2323);
#685=VERTEX_POINT('',#2325);
#686=VERTEX_POINT('',#2327);
#687=VERTEX_POINT('',#2329);
#688=VERTEX_POINT('',#2331);
#689=VERTEX_POINT('',#2333);
#690=VERTEX_POINT('',#2337);
#691=VERTEX_POINT('',#2339);
#692=VERTEX_POINT('',#2341);
#693=VERTEX_POINT('',#2343);
#694=VERTEX_POINT('',#2345);
#695=VERTEX_POINT('',#2349);
#696=VERTEX_POINT('',#2351);
#697=VERTEX_POINT('',#2353);
#698=VERTEX_POINT('',#2355);
#699=VERTEX_POINT('',#2357);
#700=VERTEX_POINT('',#2361);
#701=VERTEX_POINT('',#2363);
#702=VERTEX_POINT('',#2365);
#703=VERTEX_POINT('',#2368);
#704=VERTEX_POINT('',#2370);
#705=VERTEX_POINT('',#2372);
#706=VERTEX_POINT('',#2374);
#707=VERTEX_POINT('',#2376);
#708=VERTEX_POINT('',#2380);
#709=VERTEX_POINT('',#2382);
#710=VERTEX_POINT('',#2386);
#711=VERTEX_POINT('',#2387);
#712=VERTEX_POINT('',#2392);
#713=VERTEX_POINT('',#2396);
#714=VERTEX_POINT('',#2397);
#715=VERTEX_POINT('',#2402);
#716=VERTEX_POINT('',#2406);
#717=VERTEX_POINT('',#2410);
#718=VERTEX_POINT('',#2412);
#719=VERTEX_POINT('',#2414);
#720=VERTEX_POINT('',#2416);
#721=VERTEX_POINT('',#2420);
#722=VERTEX_POINT('',#2424);
#723=VERTEX_POINT('',#2426);
#724=VERTEX_POINT('',#2428);
#725=VERTEX_POINT('',#2432);
#726=VERTEX_POINT('',#2434);
#727=VERTEX_POINT('',#2436);
#728=VERTEX_POINT('',#2438);
#729=VERTEX_POINT('',#2440);
#730=VERTEX_POINT('',#2442);
#731=VERTEX_POINT('',#2445);
#732=VERTEX_POINT('',#2447);
#733=VERTEX_POINT('',#2449);
#734=VERTEX_POINT('',#2451);
#735=VERTEX_POINT('',#2453);
#736=VERTEX_POINT('',#2455);
#737=VERTEX_POINT('',#2457);
#738=VERTEX_POINT('',#2459);
#739=VERTEX_POINT('',#2463);
#740=VERTEX_POINT('',#2465);
#741=VERTEX_POINT('',#2469);
#742=VERTEX_POINT('',#2473);
#743=VERTEX_POINT('',#2474);
#744=VERTEX_POINT('',#2479);
#745=VERTEX_POINT('',#2480);
#746=VERTEX_POINT('',#2495);
#747=VERTEX_POINT('',#2497);
#748=VERTEX_POINT('',#2499);
#749=VERTEX_POINT('',#2501);
#750=VERTEX_POINT('',#2540);
#751=VERTEX_POINT('',#2541);
#752=VERTEX_POINT('',#2564);
#753=VERTEX_POINT('',#2595);
#754=VERTEX_POINT('',#2615);
#755=VERTEX_POINT('',#2617);
#756=VERTEX_POINT('',#2621);
#757=VERTEX_POINT('',#2623);
#758=VERTEX_POINT('',#2627);
#759=VERTEX_POINT('',#2628);
#760=VERTEX_POINT('',#2630);
#761=VERTEX_POINT('',#2632);
#762=VERTEX_POINT('',#2634);
#763=VERTEX_POINT('',#2636);
#764=VERTEX_POINT('',#2638);
#765=VERTEX_POINT('',#2640);
#766=VERTEX_POINT('',#2643);
#767=VERTEX_POINT('',#2645);
#768=VERTEX_POINT('',#2647);
#769=VERTEX_POINT('',#2650);
#770=VERTEX_POINT('',#2654);
#771=VERTEX_POINT('',#2658);
#772=VERTEX_POINT('',#2662);
#773=VERTEX_POINT('',#2666);
#774=VERTEX_POINT('',#2670);
#775=VERTEX_POINT('',#2674);
#776=VERTEX_POINT('',#2679);
#777=VERTEX_POINT('',#2685);
#778=VERTEX_POINT('',#2689);
#779=VERTEX_POINT('',#2693);
#780=VERTEX_POINT('',#2697);
#781=VERTEX_POINT('',#2701);
#782=VERTEX_POINT('',#2727);
#783=VERTEX_POINT('',#2728);
#784=VERTEX_POINT('',#2733);
#785=VERTEX_POINT('',#2735);
#786=VERTEX_POINT('',#2737);
#787=VERTEX_POINT('',#2740);
#788=VERTEX_POINT('',#2743);
#789=VERTEX_POINT('',#2745);
#790=VERTEX_POINT('',#2747);
#791=VERTEX_POINT('',#2749);
#792=VERTEX_POINT('',#2762);
#793=VERTEX_POINT('',#2767);
#794=VERTEX_POINT('',#2772);
#795=VERTEX_POINT('',#2777);
#796=EDGE_CURVE('',#650,#651,#578,.T.);
#797=EDGE_CURVE('',#652,#650,#272,.T.);
#798=EDGE_CURVE('',#653,#652,#579,.T.);
#799=EDGE_CURVE('',#651,#653,#273,.T.);
#800=EDGE_CURVE('',#651,#654,#274,.T.);
#801=EDGE_CURVE('',#655,#653,#275,.T.);
#802=EDGE_CURVE('',#655,#654,#276,.T.);
#803=EDGE_CURVE('',#654,#656,#580,.T.);
#804=EDGE_CURVE('',#657,#655,#581,.T.);
#805=EDGE_CURVE('',#656,#657,#277,.T.);
#806=EDGE_CURVE('',#658,#659,#582,.T.);
#807=EDGE_CURVE('',#658,#660,#278,.T.);
#808=EDGE_CURVE('',#661,#660,#583,.T.);
#809=EDGE_CURVE('',#661,#659,#279,.T.);
#810=EDGE_CURVE('',#659,#662,#280,.T.);
#811=EDGE_CURVE('',#663,#661,#281,.T.);
#812=EDGE_CURVE('',#663,#662,#282,.T.);
#813=EDGE_CURVE('',#662,#664,#584,.T.);
#814=EDGE_CURVE('',#665,#663,#585,.T.);
#815=EDGE_CURVE('',#665,#664,#283,.T.);
#816=EDGE_CURVE('',#664,#666,#284,.T.);
#817=EDGE_CURVE('',#667,#665,#285,.T.);
#818=EDGE_CURVE('',#667,#666,#286,.T.);
#819=EDGE_CURVE('',#666,#668,#287,.T.);
#820=EDGE_CURVE('',#669,#667,#288,.T.);
#821=EDGE_CURVE('',#669,#668,#289,.T.);
#822=EDGE_CURVE('',#670,#671,#290,.T.);
#823=EDGE_CURVE('',#672,#670,#291,.T.);
#824=EDGE_CURVE('',#673,#672,#292,.T.);
#825=EDGE_CURVE('',#673,#671,#293,.T.);
#826=EDGE_CURVE('',#671,#650,#294,.T.);
#827=EDGE_CURVE('',#652,#673,#295,.T.);
#828=EDGE_CURVE('',#657,#674,#296,.T.);
#829=EDGE_CURVE('',#675,#674,#586,.T.);
#830=EDGE_CURVE('',#675,#676,#297,.T.);
#831=EDGE_CURVE('',#677,#676,#587,.T.);
#832=EDGE_CURVE('',#677,#678,#298,.T.);
#833=EDGE_CURVE('',#679,#678,#588,.T.);
#834=EDGE_CURVE('',#679,#680,#299,.T.);
#835=EDGE_CURVE('',#681,#680,#589,.T.);
#836=EDGE_CURVE('',#681,#660,#300,.T.);
#837=EDGE_CURVE('',#658,#682,#301,.T.);
#838=EDGE_CURVE('',#683,#682,#590,.T.);
#839=EDGE_CURVE('',#683,#684,#302,.T.);
#840=EDGE_CURVE('',#685,#684,#591,.T.);
#841=EDGE_CURVE('',#685,#686,#303,.T.);
#842=EDGE_CURVE('',#687,#686,#592,.T.);
#843=EDGE_CURVE('',#687,#688,#304,.T.);
#844=EDGE_CURVE('',#689,#688,#593,.T.);
#845=EDGE_CURVE('',#689,#656,#305,.T.);
#846=EDGE_CURVE('',#690,#681,#306,.T.);
#847=EDGE_CURVE('',#691,#690,#307,.T.);
#848=EDGE_CURVE('',#692,#691,#594,.T.);
#849=EDGE_CURVE('',#693,#692,#308,.T.);
#850=EDGE_CURVE('',#694,#693,#595,.T.);
#851=EDGE_CURVE('',#669,#694,#309,.T.);
#852=EDGE_CURVE('',#695,#672,#310,.T.);
#853=EDGE_CURVE('',#696,#695,#596,.T.);
#854=EDGE_CURVE('',#697,#696,#311,.T.);
#855=EDGE_CURVE('',#698,#697,#597,.T.);
#856=EDGE_CURVE('',#699,#698,#312,.T.);
#857=EDGE_CURVE('',#674,#699,#313,.T.);
#858=EDGE_CURVE('',#700,#670,#314,.T.);
#859=EDGE_CURVE('',#701,#689,#315,.T.);
#860=EDGE_CURVE('',#702,#701,#316,.T.);
#861=EDGE_CURVE('',#682,#702,#317,.T.);
#862=EDGE_CURVE('',#668,#703,#318,.T.);
#863=EDGE_CURVE('',#703,#704,#319,.T.);
#864=EDGE_CURVE('',#704,#705,#598,.T.);
#865=EDGE_CURVE('',#705,#706,#320,.T.);
#866=EDGE_CURVE('',#706,#707,#599,.T.);
#867=EDGE_CURVE('',#707,#700,#321,.T.);
#868=EDGE_CURVE('',#703,#708,#322,.T.);
#869=EDGE_CURVE('',#709,#708,#323,.T.);
#870=EDGE_CURVE('',#709,#704,#324,.T.);
#871=EDGE_CURVE('',#710,#711,#325,.T.);
#872=EDGE_CURVE('',#710,#693,#326,.T.);
#873=EDGE_CURVE('',#711,#692,#327,.T.);
#874=EDGE_CURVE('',#711,#712,#600,.T.);
#875=EDGE_CURVE('',#691,#712,#328,.T.);
#876=EDGE_CURVE('',#713,#714,#601,.T.);
#877=EDGE_CURVE('',#698,#713,#329,.T.);
#878=EDGE_CURVE('',#714,#697,#330,.T.);
#879=EDGE_CURVE('',#714,#715,#331,.T.);
#880=EDGE_CURVE('',#696,#715,#332,.T.);
#881=EDGE_CURVE('',#715,#716,#602,.T.);
#882=EDGE_CURVE('',#716,#695,#333,.T.);
#883=EDGE_CURVE('',#716,#717,#334,.T.);
#884=EDGE_CURVE('',#718,#700,#335,.T.);
#885=EDGE_CURVE('',#719,#718,#336,.T.);
#886=EDGE_CURVE('',#720,#719,#337,.T.);
#887=EDGE_CURVE('',#717,#720,#338,.T.);
#888=EDGE_CURVE('',#721,#710,#603,.T.);
#889=EDGE_CURVE('',#721,#694,#339,.T.);
#890=EDGE_CURVE('',#722,#721,#340,.T.);
#891=EDGE_CURVE('',#723,#722,#341,.T.);
#892=EDGE_CURVE('',#724,#723,#342,.T.);
#893=EDGE_CURVE('',#708,#724,#343,.T.);
#894=EDGE_CURVE('',#690,#725,#604,.T.);
#895=EDGE_CURVE('',#725,#726,#344,.T.);
#896=EDGE_CURVE('',#726,#727,#605,.T.);
#897=EDGE_CURVE('',#727,#728,#345,.T.);
#898=EDGE_CURVE('',#728,#729,#606,.T.);
#899=EDGE_CURVE('',#729,#730,#346,.T.);
#900=EDGE_CURVE('',#730,#699,#607,.T.);
#901=EDGE_CURVE('',#713,#731,#347,.T.);
#902=EDGE_CURVE('',#732,#731,#608,.T.);
#903=EDGE_CURVE('',#732,#733,#348,.T.);
#904=EDGE_CURVE('',#734,#733,#609,.T.);
#905=EDGE_CURVE('',#734,#735,#349,.T.);
#906=EDGE_CURVE('',#736,#735,#610,.T.);
#907=EDGE_CURVE('',#736,#737,#350,.T.);
#908=EDGE_CURVE('',#738,#737,#611,.T.);
#909=EDGE_CURVE('',#738,#712,#351,.T.);
#910=EDGE_CURVE('',#718,#739,#352,.T.);
#911=EDGE_CURVE('',#739,#740,#353,.T.);
#912=EDGE_CURVE('',#740,#719,#354,.T.);
#913=EDGE_CURVE('',#724,#741,#355,.T.);
#914=EDGE_CURVE('',#741,#709,#356,.T.);
#915=EDGE_CURVE('',#742,#743,#357,.T.);
#916=EDGE_CURVE('',#743,#709,#612,.T.);
#917=EDGE_CURVE('',#741,#742,#613,.T.);
#918=EDGE_CURVE('',#744,#745,#358,.T.);
#919=EDGE_CURVE('',#745,#743,#359,.T.);
#920=EDGE_CURVE('',#742,#744,#360,.T.);
#921=EDGE_CURVE('',#739,#745,#614,.T.);
#922=EDGE_CURVE('',#744,#740,#615,.T.);
#923=EDGE_CURVE('',#743,#705,#361,.T.);
#924=EDGE_CURVE('',#745,#706,#362,.T.);
#925=EDGE_CURVE('',#739,#707,#363,.T.);
#926=EDGE_CURVE('',#746,#723,#364,.T.);
#927=EDGE_CURVE('',#747,#746,#616,.T.);
#928=EDGE_CURVE('',#748,#747,#365,.T.);
#929=EDGE_CURVE('',#749,#748,#617,.T.);
#930=EDGE_CURVE('',#720,#749,#366,.T.);
#931=EDGE_CURVE('',#750,#751,#27,.T.);
#932=EDGE_CURVE('',#749,#750,#367,.T.);
#933=EDGE_CURVE('',#748,#751,#368,.T.);
#934=EDGE_CURVE('',#751,#752,#369,.T.);
#935=EDGE_CURVE('',#747,#752,#370,.T.);
#936=EDGE_CURVE('',#752,#753,#28,.T.);
#937=EDGE_CURVE('',#746,#753,#371,.T.);
#938=EDGE_CURVE('',#753,#722,#372,.T.);
#939=EDGE_CURVE('',#717,#750,#373,.T.);
#940=EDGE_CURVE('',#754,#738,#374,.T.);
#941=EDGE_CURVE('',#755,#754,#375,.T.);
#942=EDGE_CURVE('',#731,#755,#376,.T.);
#943=EDGE_CURVE('',#756,#756,#618,.T.);
#944=EDGE_CURVE('',#756,#757,#377,.T.);
#945=EDGE_CURVE('',#757,#757,#619,.T.);
#946=EDGE_CURVE('',#758,#759,#620,.T.);
#947=EDGE_CURVE('',#760,#758,#378,.T.);
#948=EDGE_CURVE('',#761,#760,#621,.T.);
#949=EDGE_CURVE('',#762,#761,#379,.T.);
#950=EDGE_CURVE('',#763,#762,#622,.T.);
#951=EDGE_CURVE('',#764,#763,#380,.T.);
#952=EDGE_CURVE('',#765,#764,#623,.T.);
#953=EDGE_CURVE('',#759,#765,#381,.T.);
#954=EDGE_CURVE('',#766,#766,#624,.T.);
#955=EDGE_CURVE('',#767,#767,#625,.T.);
#956=EDGE_CURVE('',#768,#768,#626,.T.);
#957=EDGE_CURVE('',#757,#769,#382,.T.);
#958=EDGE_CURVE('',#769,#769,#627,.T.);
#959=EDGE_CURVE('',#766,#770,#383,.T.);
#960=EDGE_CURVE('',#770,#770,#628,.T.);
#961=EDGE_CURVE('',#770,#771,#384,.T.);
#962=EDGE_CURVE('',#771,#771,#629,.T.);
#963=EDGE_CURVE('',#768,#772,#385,.T.);
#964=EDGE_CURVE('',#772,#772,#630,.T.);
#965=EDGE_CURVE('',#772,#773,#386,.T.);
#966=EDGE_CURVE('',#773,#773,#631,.T.);
#967=EDGE_CURVE('',#767,#774,#387,.T.);
#968=EDGE_CURVE('',#774,#774,#632,.T.);
#969=EDGE_CURVE('',#774,#775,#388,.T.);
#970=EDGE_CURVE('',#775,#775,#633,.T.);
#971=EDGE_CURVE('',#759,#754,#389,.T.);
#972=EDGE_CURVE('',#754,#776,#634,.T.);
#973=EDGE_CURVE('',#776,#758,#390,.T.);
#974=EDGE_CURVE('',#765,#755,#391,.T.);
#975=EDGE_CURVE('',#764,#777,#392,.T.);
#976=EDGE_CURVE('',#777,#755,#635,.T.);
#977=EDGE_CURVE('',#763,#778,#393,.T.);
#978=EDGE_CURVE('',#778,#777,#394,.T.);
#979=EDGE_CURVE('',#762,#779,#395,.T.);
#980=EDGE_CURVE('',#779,#778,#636,.T.);
#981=EDGE_CURVE('',#761,#780,#396,.T.);
#982=EDGE_CURVE('',#780,#779,#397,.T.);
#983=EDGE_CURVE('',#760,#781,#398,.T.);
#984=EDGE_CURVE('',#781,#780,#637,.T.);
#985=EDGE_CURVE('',#776,#781,#399,.T.);
#986=EDGE_CURVE('',#735,#780,#400,.T.);
#987=EDGE_CURVE('',#779,#734,#401,.T.);
#988=EDGE_CURVE('',#781,#736,#402,.T.);
#989=EDGE_CURVE('',#737,#776,#403,.T.);
#990=EDGE_CURVE('',#680,#725,#404,.T.);
#991=EDGE_CURVE('',#730,#675,#405,.T.);
#992=EDGE_CURVE('',#676,#729,#406,.T.);
#993=EDGE_CURVE('',#728,#677,#407,.T.);
#994=EDGE_CURVE('',#678,#727,#408,.T.);
#995=EDGE_CURVE('',#726,#679,#409,.T.);
#996=EDGE_CURVE('',#782,#783,#638,.T.);
#997=EDGE_CURVE('',#782,#687,#410,.T.);
#998=EDGE_CURVE('',#686,#783,#411,.T.);
#999=EDGE_CURVE('',#783,#784,#412,.T.);
#1000=EDGE_CURVE('',#784,#785,#639,.T.);
#1001=EDGE_CURVE('',#785,#786,#413,.T.);
#1002=EDGE_CURVE('',#786,#702,#640,.T.);
#1003=EDGE_CURVE('',#701,#787,#641,.T.);
#1004=EDGE_CURVE('',#787,#782,#414,.T.);
#1005=EDGE_CURVE('',#788,#788,#642,.T.);
#1006=EDGE_CURVE('',#789,#789,#643,.T.);
#1007=EDGE_CURVE('',#790,#790,#644,.T.);
#1008=EDGE_CURVE('',#791,#791,#645,.T.);
#1009=EDGE_CURVE('',#784,#685,#415,.T.);
#1010=EDGE_CURVE('',#684,#785,#416,.T.);
#1011=EDGE_CURVE('',#786,#683,#417,.T.);
#1012=EDGE_CURVE('',#688,#787,#418,.T.);
#1013=EDGE_CURVE('',#792,#792,#646,.T.);
#1014=EDGE_CURVE('',#792,#788,#419,.T.);
#1015=EDGE_CURVE('',#793,#793,#647,.T.);
#1016=EDGE_CURVE('',#793,#789,#420,.T.);
#1017=EDGE_CURVE('',#794,#794,#648,.T.);
#1018=EDGE_CURVE('',#794,#790,#421,.T.);
#1019=EDGE_CURVE('',#795,#795,#649,.T.);
#1020=EDGE_CURVE('',#795,#791,#422,.T.);
#1021=EDGE_CURVE('',#777,#732,#423,.T.);
#1022=EDGE_CURVE('',#733,#778,#424,.T.);
#1023=ORIENTED_EDGE('',*,*,#796,.F.);
#1024=ORIENTED_EDGE('',*,*,#797,.F.);
#1025=ORIENTED_EDGE('',*,*,#798,.F.);
#1026=ORIENTED_EDGE('',*,*,#799,.F.);
#1027=ORIENTED_EDGE('',*,*,#800,.F.);
#1028=ORIENTED_EDGE('',*,*,#799,.T.);
#1029=ORIENTED_EDGE('',*,*,#801,.F.);
#1030=ORIENTED_EDGE('',*,*,#802,.T.);
#1031=ORIENTED_EDGE('',*,*,#803,.F.);
#1032=ORIENTED_EDGE('',*,*,#802,.F.);
#1033=ORIENTED_EDGE('',*,*,#804,.F.);
#1034=ORIENTED_EDGE('',*,*,#805,.F.);
#1035=ORIENTED_EDGE('',*,*,#806,.F.);
#1036=ORIENTED_EDGE('',*,*,#807,.T.);
#1037=ORIENTED_EDGE('',*,*,#808,.F.);
#1038=ORIENTED_EDGE('',*,*,#809,.T.);
#1039=ORIENTED_EDGE('',*,*,#810,.F.);
#1040=ORIENTED_EDGE('',*,*,#809,.F.);
#1041=ORIENTED_EDGE('',*,*,#811,.F.);
#1042=ORIENTED_EDGE('',*,*,#812,.T.);
#1043=ORIENTED_EDGE('',*,*,#813,.F.);
#1044=ORIENTED_EDGE('',*,*,#812,.F.);
#1045=ORIENTED_EDGE('',*,*,#814,.F.);
#1046=ORIENTED_EDGE('',*,*,#815,.T.);
#1047=ORIENTED_EDGE('',*,*,#816,.F.);
#1048=ORIENTED_EDGE('',*,*,#815,.F.);
#1049=ORIENTED_EDGE('',*,*,#817,.F.);
#1050=ORIENTED_EDGE('',*,*,#818,.T.);
#1051=ORIENTED_EDGE('',*,*,#819,.F.);
#1052=ORIENTED_EDGE('',*,*,#818,.F.);
#1053=ORIENTED_EDGE('',*,*,#820,.F.);
#1054=ORIENTED_EDGE('',*,*,#821,.T.);
#1055=ORIENTED_EDGE('',*,*,#822,.F.);
#1056=ORIENTED_EDGE('',*,*,#823,.F.);
#1057=ORIENTED_EDGE('',*,*,#824,.F.);
#1058=ORIENTED_EDGE('',*,*,#825,.T.);
#1059=ORIENTED_EDGE('',*,*,#826,.F.);
#1060=ORIENTED_EDGE('',*,*,#825,.F.);
#1061=ORIENTED_EDGE('',*,*,#827,.F.);
#1062=ORIENTED_EDGE('',*,*,#797,.T.);
#1063=ORIENTED_EDGE('',*,*,#828,.T.);
#1064=ORIENTED_EDGE('',*,*,#829,.F.);
#1065=ORIENTED_EDGE('',*,*,#830,.T.);
#1066=ORIENTED_EDGE('',*,*,#831,.F.);
#1067=ORIENTED_EDGE('',*,*,#832,.T.);
#1068=ORIENTED_EDGE('',*,*,#833,.F.);
#1069=ORIENTED_EDGE('',*,*,#834,.T.);
#1070=ORIENTED_EDGE('',*,*,#835,.F.);
#1071=ORIENTED_EDGE('',*,*,#836,.T.);
#1072=ORIENTED_EDGE('',*,*,#807,.F.);
#1073=ORIENTED_EDGE('',*,*,#837,.T.);
#1074=ORIENTED_EDGE('',*,*,#838,.F.);
#1075=ORIENTED_EDGE('',*,*,#839,.T.);
#1076=ORIENTED_EDGE('',*,*,#840,.F.);
#1077=ORIENTED_EDGE('',*,*,#841,.T.);
#1078=ORIENTED_EDGE('',*,*,#842,.F.);
#1079=ORIENTED_EDGE('',*,*,#843,.T.);
#1080=ORIENTED_EDGE('',*,*,#844,.F.);
#1081=ORIENTED_EDGE('',*,*,#845,.T.);
#1082=ORIENTED_EDGE('',*,*,#805,.T.);
#1083=ORIENTED_EDGE('',*,*,#808,.T.);
#1084=ORIENTED_EDGE('',*,*,#836,.F.);
#1085=ORIENTED_EDGE('',*,*,#846,.F.);
#1086=ORIENTED_EDGE('',*,*,#847,.F.);
#1087=ORIENTED_EDGE('',*,*,#848,.F.);
#1088=ORIENTED_EDGE('',*,*,#849,.F.);
#1089=ORIENTED_EDGE('',*,*,#850,.F.);
#1090=ORIENTED_EDGE('',*,*,#851,.F.);
#1091=ORIENTED_EDGE('',*,*,#820,.T.);
#1092=ORIENTED_EDGE('',*,*,#817,.T.);
#1093=ORIENTED_EDGE('',*,*,#814,.T.);
#1094=ORIENTED_EDGE('',*,*,#811,.T.);
#1095=ORIENTED_EDGE('',*,*,#804,.T.);
#1096=ORIENTED_EDGE('',*,*,#801,.T.);
#1097=ORIENTED_EDGE('',*,*,#798,.T.);
#1098=ORIENTED_EDGE('',*,*,#827,.T.);
#1099=ORIENTED_EDGE('',*,*,#824,.T.);
#1100=ORIENTED_EDGE('',*,*,#852,.F.);
#1101=ORIENTED_EDGE('',*,*,#853,.F.);
#1102=ORIENTED_EDGE('',*,*,#854,.F.);
#1103=ORIENTED_EDGE('',*,*,#855,.F.);
#1104=ORIENTED_EDGE('',*,*,#856,.F.);
#1105=ORIENTED_EDGE('',*,*,#857,.F.);
#1106=ORIENTED_EDGE('',*,*,#828,.F.);
#1107=ORIENTED_EDGE('',*,*,#858,.T.);
#1108=ORIENTED_EDGE('',*,*,#822,.T.);
#1109=ORIENTED_EDGE('',*,*,#826,.T.);
#1110=ORIENTED_EDGE('',*,*,#796,.T.);
#1111=ORIENTED_EDGE('',*,*,#800,.T.);
#1112=ORIENTED_EDGE('',*,*,#803,.T.);
#1113=ORIENTED_EDGE('',*,*,#845,.F.);
#1114=ORIENTED_EDGE('',*,*,#859,.F.);
#1115=ORIENTED_EDGE('',*,*,#860,.F.);
#1116=ORIENTED_EDGE('',*,*,#861,.F.);
#1117=ORIENTED_EDGE('',*,*,#837,.F.);
#1118=ORIENTED_EDGE('',*,*,#806,.T.);
#1119=ORIENTED_EDGE('',*,*,#810,.T.);
#1120=ORIENTED_EDGE('',*,*,#813,.T.);
#1121=ORIENTED_EDGE('',*,*,#816,.T.);
#1122=ORIENTED_EDGE('',*,*,#819,.T.);
#1123=ORIENTED_EDGE('',*,*,#862,.T.);
#1124=ORIENTED_EDGE('',*,*,#863,.T.);
#1125=ORIENTED_EDGE('',*,*,#864,.T.);
#1126=ORIENTED_EDGE('',*,*,#865,.T.);
#1127=ORIENTED_EDGE('',*,*,#866,.T.);
#1128=ORIENTED_EDGE('',*,*,#867,.T.);
#1129=ORIENTED_EDGE('',*,*,#868,.T.);
#1130=ORIENTED_EDGE('',*,*,#869,.F.);
#1131=ORIENTED_EDGE('',*,*,#870,.T.);
#1132=ORIENTED_EDGE('',*,*,#863,.F.);
#1133=ORIENTED_EDGE('',*,*,#871,.F.);
#1134=ORIENTED_EDGE('',*,*,#872,.T.);
#1135=ORIENTED_EDGE('',*,*,#849,.T.);
#1136=ORIENTED_EDGE('',*,*,#873,.F.);
#1137=ORIENTED_EDGE('',*,*,#874,.F.);
#1138=ORIENTED_EDGE('',*,*,#873,.T.);
#1139=ORIENTED_EDGE('',*,*,#848,.T.);
#1140=ORIENTED_EDGE('',*,*,#875,.T.);
#1141=ORIENTED_EDGE('',*,*,#876,.F.);
#1142=ORIENTED_EDGE('',*,*,#877,.F.);
#1143=ORIENTED_EDGE('',*,*,#855,.T.);
#1144=ORIENTED_EDGE('',*,*,#878,.F.);
#1145=ORIENTED_EDGE('',*,*,#879,.F.);
#1146=ORIENTED_EDGE('',*,*,#878,.T.);
#1147=ORIENTED_EDGE('',*,*,#854,.T.);
#1148=ORIENTED_EDGE('',*,*,#880,.T.);
#1149=ORIENTED_EDGE('',*,*,#881,.F.);
#1150=ORIENTED_EDGE('',*,*,#880,.F.);
#1151=ORIENTED_EDGE('',*,*,#853,.T.);
#1152=ORIENTED_EDGE('',*,*,#882,.F.);
#1153=ORIENTED_EDGE('',*,*,#883,.F.);
#1154=ORIENTED_EDGE('',*,*,#882,.T.);
#1155=ORIENTED_EDGE('',*,*,#852,.T.);
#1156=ORIENTED_EDGE('',*,*,#823,.T.);
#1157=ORIENTED_EDGE('',*,*,#858,.F.);
#1158=ORIENTED_EDGE('',*,*,#884,.F.);
#1159=ORIENTED_EDGE('',*,*,#885,.F.);
#1160=ORIENTED_EDGE('',*,*,#886,.F.);
#1161=ORIENTED_EDGE('',*,*,#887,.F.);
#1162=ORIENTED_EDGE('',*,*,#888,.F.);
#1163=ORIENTED_EDGE('',*,*,#889,.T.);
#1164=ORIENTED_EDGE('',*,*,#850,.T.);
#1165=ORIENTED_EDGE('',*,*,#872,.F.);
#1166=ORIENTED_EDGE('',*,*,#890,.F.);
#1167=ORIENTED_EDGE('',*,*,#891,.F.);
#1168=ORIENTED_EDGE('',*,*,#892,.F.);
#1169=ORIENTED_EDGE('',*,*,#893,.F.);
#1170=ORIENTED_EDGE('',*,*,#868,.F.);
#1171=ORIENTED_EDGE('',*,*,#862,.F.);
#1172=ORIENTED_EDGE('',*,*,#821,.F.);
#1173=ORIENTED_EDGE('',*,*,#851,.T.);
#1174=ORIENTED_EDGE('',*,*,#889,.F.);
#1175=ORIENTED_EDGE('',*,*,#847,.T.);
#1176=ORIENTED_EDGE('',*,*,#894,.T.);
#1177=ORIENTED_EDGE('',*,*,#895,.T.);
#1178=ORIENTED_EDGE('',*,*,#896,.T.);
#1179=ORIENTED_EDGE('',*,*,#897,.T.);
#1180=ORIENTED_EDGE('',*,*,#898,.T.);
#1181=ORIENTED_EDGE('',*,*,#899,.T.);
#1182=ORIENTED_EDGE('',*,*,#900,.T.);
#1183=ORIENTED_EDGE('',*,*,#856,.T.);
#1184=ORIENTED_EDGE('',*,*,#877,.T.);
#1185=ORIENTED_EDGE('',*,*,#901,.T.);
#1186=ORIENTED_EDGE('',*,*,#902,.F.);
#1187=ORIENTED_EDGE('',*,*,#903,.T.);
#1188=ORIENTED_EDGE('',*,*,#904,.F.);
#1189=ORIENTED_EDGE('',*,*,#905,.T.);
#1190=ORIENTED_EDGE('',*,*,#906,.F.);
#1191=ORIENTED_EDGE('',*,*,#907,.T.);
#1192=ORIENTED_EDGE('',*,*,#908,.F.);
#1193=ORIENTED_EDGE('',*,*,#909,.T.);
#1194=ORIENTED_EDGE('',*,*,#875,.F.);
#1195=ORIENTED_EDGE('',*,*,#885,.T.);
#1196=ORIENTED_EDGE('',*,*,#910,.T.);
#1197=ORIENTED_EDGE('',*,*,#911,.T.);
#1198=ORIENTED_EDGE('',*,*,#912,.T.);
#1199=ORIENTED_EDGE('',*,*,#893,.T.);
#1200=ORIENTED_EDGE('',*,*,#913,.T.);
#1201=ORIENTED_EDGE('',*,*,#914,.T.);
#1202=ORIENTED_EDGE('',*,*,#869,.T.);
#1203=ORIENTED_EDGE('',*,*,#915,.T.);
#1204=ORIENTED_EDGE('',*,*,#916,.T.);
#1205=ORIENTED_EDGE('',*,*,#914,.F.);
#1206=ORIENTED_EDGE('',*,*,#917,.T.);
#1207=ORIENTED_EDGE('',*,*,#918,.T.);
#1208=ORIENTED_EDGE('',*,*,#919,.T.);
#1209=ORIENTED_EDGE('',*,*,#915,.F.);
#1210=ORIENTED_EDGE('',*,*,#920,.T.);
#1211=ORIENTED_EDGE('',*,*,#911,.F.);
#1212=ORIENTED_EDGE('',*,*,#921,.T.);
#1213=ORIENTED_EDGE('',*,*,#918,.F.);
#1214=ORIENTED_EDGE('',*,*,#922,.T.);
#1215=ORIENTED_EDGE('',*,*,#916,.F.);
#1216=ORIENTED_EDGE('',*,*,#923,.T.);
#1217=ORIENTED_EDGE('',*,*,#864,.F.);
#1218=ORIENTED_EDGE('',*,*,#870,.F.);
#1219=ORIENTED_EDGE('',*,*,#919,.F.);
#1220=ORIENTED_EDGE('',*,*,#924,.T.);
#1221=ORIENTED_EDGE('',*,*,#865,.F.);
#1222=ORIENTED_EDGE('',*,*,#923,.F.);
#1223=ORIENTED_EDGE('',*,*,#921,.F.);
#1224=ORIENTED_EDGE('',*,*,#925,.T.);
#1225=ORIENTED_EDGE('',*,*,#866,.F.);
#1226=ORIENTED_EDGE('',*,*,#924,.F.);
#1227=ORIENTED_EDGE('',*,*,#884,.T.);
#1228=ORIENTED_EDGE('',*,*,#867,.F.);
#1229=ORIENTED_EDGE('',*,*,#925,.F.);
#1230=ORIENTED_EDGE('',*,*,#910,.F.);
#1231=ORIENTED_EDGE('',*,*,#886,.T.);
#1232=ORIENTED_EDGE('',*,*,#912,.F.);
#1233=ORIENTED_EDGE('',*,*,#922,.F.);
#1234=ORIENTED_EDGE('',*,*,#920,.F.);
#1235=ORIENTED_EDGE('',*,*,#917,.F.);
#1236=ORIENTED_EDGE('',*,*,#913,.F.);
#1237=ORIENTED_EDGE('',*,*,#892,.T.);
#1238=ORIENTED_EDGE('',*,*,#926,.F.);
#1239=ORIENTED_EDGE('',*,*,#927,.F.);
#1240=ORIENTED_EDGE('',*,*,#928,.F.);
#1241=ORIENTED_EDGE('',*,*,#929,.F.);
#1242=ORIENTED_EDGE('',*,*,#930,.F.);
#1243=ORIENTED_EDGE('',*,*,#931,.F.);
#1244=ORIENTED_EDGE('',*,*,#932,.F.);
#1245=ORIENTED_EDGE('',*,*,#929,.T.);
#1246=ORIENTED_EDGE('',*,*,#933,.T.);
#1247=ORIENTED_EDGE('',*,*,#934,.F.);
#1248=ORIENTED_EDGE('',*,*,#933,.F.);
#1249=ORIENTED_EDGE('',*,*,#928,.T.);
#1250=ORIENTED_EDGE('',*,*,#935,.T.);
#1251=ORIENTED_EDGE('',*,*,#936,.F.);
#1252=ORIENTED_EDGE('',*,*,#935,.F.);
#1253=ORIENTED_EDGE('',*,*,#927,.T.);
#1254=ORIENTED_EDGE('',*,*,#937,.T.);
#1255=ORIENTED_EDGE('',*,*,#891,.T.);
#1256=ORIENTED_EDGE('',*,*,#938,.F.);
#1257=ORIENTED_EDGE('',*,*,#937,.F.);
#1258=ORIENTED_EDGE('',*,*,#926,.T.);
#1259=ORIENTED_EDGE('',*,*,#887,.T.);
#1260=ORIENTED_EDGE('',*,*,#930,.T.);
#1261=ORIENTED_EDGE('',*,*,#932,.T.);
#1262=ORIENTED_EDGE('',*,*,#939,.F.);
#1263=ORIENTED_EDGE('',*,*,#874,.T.);
#1264=ORIENTED_EDGE('',*,*,#909,.F.);
#1265=ORIENTED_EDGE('',*,*,#940,.F.);
#1266=ORIENTED_EDGE('',*,*,#941,.F.);
#1267=ORIENTED_EDGE('',*,*,#942,.F.);
#1268=ORIENTED_EDGE('',*,*,#901,.F.);
#1269=ORIENTED_EDGE('',*,*,#876,.T.);
#1270=ORIENTED_EDGE('',*,*,#879,.T.);
#1271=ORIENTED_EDGE('',*,*,#881,.T.);
#1272=ORIENTED_EDGE('',*,*,#883,.T.);
#1273=ORIENTED_EDGE('',*,*,#939,.T.);
#1274=ORIENTED_EDGE('',*,*,#931,.T.);
#1275=ORIENTED_EDGE('',*,*,#934,.T.);
#1276=ORIENTED_EDGE('',*,*,#936,.T.);
#1277=ORIENTED_EDGE('',*,*,#938,.T.);
#1278=ORIENTED_EDGE('',*,*,#890,.T.);
#1279=ORIENTED_EDGE('',*,*,#888,.T.);
#1280=ORIENTED_EDGE('',*,*,#871,.T.);
#1281=ORIENTED_EDGE('',*,*,#943,.T.);
#1282=ORIENTED_EDGE('',*,*,#944,.T.);
#1283=ORIENTED_EDGE('',*,*,#945,.T.);
#1284=ORIENTED_EDGE('',*,*,#944,.F.);
#1285=ORIENTED_EDGE('',*,*,#946,.F.);
#1286=ORIENTED_EDGE('',*,*,#947,.F.);
#1287=ORIENTED_EDGE('',*,*,#948,.F.);
#1288=ORIENTED_EDGE('',*,*,#949,.F.);
#1289=ORIENTED_EDGE('',*,*,#950,.F.);
#1290=ORIENTED_EDGE('',*,*,#951,.F.);
#1291=ORIENTED_EDGE('',*,*,#952,.F.);
#1292=ORIENTED_EDGE('',*,*,#953,.F.);
#1293=ORIENTED_EDGE('',*,*,#954,.F.);
#1294=ORIENTED_EDGE('',*,*,#955,.F.);
#1295=ORIENTED_EDGE('',*,*,#956,.F.);
#1296=ORIENTED_EDGE('',*,*,#943,.F.);
#1297=ORIENTED_EDGE('',*,*,#945,.F.);
#1298=ORIENTED_EDGE('',*,*,#957,.T.);
#1299=ORIENTED_EDGE('',*,*,#958,.F.);
#1300=ORIENTED_EDGE('',*,*,#957,.F.);
#1301=ORIENTED_EDGE('',*,*,#954,.T.);
#1302=ORIENTED_EDGE('',*,*,#959,.T.);
#1303=ORIENTED_EDGE('',*,*,#960,.T.);
#1304=ORIENTED_EDGE('',*,*,#959,.F.);
#1305=ORIENTED_EDGE('',*,*,#960,.F.);
#1306=ORIENTED_EDGE('',*,*,#961,.T.);
#1307=ORIENTED_EDGE('',*,*,#962,.F.);
#1308=ORIENTED_EDGE('',*,*,#961,.F.);
#1309=ORIENTED_EDGE('',*,*,#956,.T.);
#1310=ORIENTED_EDGE('',*,*,#963,.T.);
#1311=ORIENTED_EDGE('',*,*,#964,.T.);
#1312=ORIENTED_EDGE('',*,*,#963,.F.);
#1313=ORIENTED_EDGE('',*,*,#964,.F.);
#1314=ORIENTED_EDGE('',*,*,#965,.T.);
#1315=ORIENTED_EDGE('',*,*,#966,.F.);
#1316=ORIENTED_EDGE('',*,*,#965,.F.);
#1317=ORIENTED_EDGE('',*,*,#955,.T.);
#1318=ORIENTED_EDGE('',*,*,#967,.T.);
#1319=ORIENTED_EDGE('',*,*,#968,.T.);
#1320=ORIENTED_EDGE('',*,*,#967,.F.);
#1321=ORIENTED_EDGE('',*,*,#968,.F.);
#1322=ORIENTED_EDGE('',*,*,#969,.T.);
#1323=ORIENTED_EDGE('',*,*,#970,.F.);
#1324=ORIENTED_EDGE('',*,*,#969,.F.);
#1325=ORIENTED_EDGE('',*,*,#971,.T.);
#1326=ORIENTED_EDGE('',*,*,#972,.T.);
#1327=ORIENTED_EDGE('',*,*,#973,.T.);
#1328=ORIENTED_EDGE('',*,*,#946,.T.);
#1329=ORIENTED_EDGE('',*,*,#974,.T.);
#1330=ORIENTED_EDGE('',*,*,#941,.T.);
#1331=ORIENTED_EDGE('',*,*,#971,.F.);
#1332=ORIENTED_EDGE('',*,*,#953,.T.);
#1333=ORIENTED_EDGE('',*,*,#975,.T.);
#1334=ORIENTED_EDGE('',*,*,#976,.T.);
#1335=ORIENTED_EDGE('',*,*,#974,.F.);
#1336=ORIENTED_EDGE('',*,*,#952,.T.);
#1337=ORIENTED_EDGE('',*,*,#977,.T.);
#1338=ORIENTED_EDGE('',*,*,#978,.T.);
#1339=ORIENTED_EDGE('',*,*,#975,.F.);
#1340=ORIENTED_EDGE('',*,*,#951,.T.);
#1341=ORIENTED_EDGE('',*,*,#979,.T.);
#1342=ORIENTED_EDGE('',*,*,#980,.T.);
#1343=ORIENTED_EDGE('',*,*,#977,.F.);
#1344=ORIENTED_EDGE('',*,*,#950,.T.);
#1345=ORIENTED_EDGE('',*,*,#981,.T.);
#1346=ORIENTED_EDGE('',*,*,#982,.T.);
#1347=ORIENTED_EDGE('',*,*,#979,.F.);
#1348=ORIENTED_EDGE('',*,*,#949,.T.);
#1349=ORIENTED_EDGE('',*,*,#983,.T.);
#1350=ORIENTED_EDGE('',*,*,#984,.T.);
#1351=ORIENTED_EDGE('',*,*,#981,.F.);
#1352=ORIENTED_EDGE('',*,*,#948,.T.);
#1353=ORIENTED_EDGE('',*,*,#973,.F.);
#1354=ORIENTED_EDGE('',*,*,#985,.T.);
#1355=ORIENTED_EDGE('',*,*,#983,.F.);
#1356=ORIENTED_EDGE('',*,*,#947,.T.);
#1357=ORIENTED_EDGE('',*,*,#982,.F.);
#1358=ORIENTED_EDGE('',*,*,#986,.F.);
#1359=ORIENTED_EDGE('',*,*,#905,.F.);
#1360=ORIENTED_EDGE('',*,*,#987,.F.);
#1361=ORIENTED_EDGE('',*,*,#984,.F.);
#1362=ORIENTED_EDGE('',*,*,#988,.T.);
#1363=ORIENTED_EDGE('',*,*,#906,.T.);
#1364=ORIENTED_EDGE('',*,*,#986,.T.);
#1365=ORIENTED_EDGE('',*,*,#985,.F.);
#1366=ORIENTED_EDGE('',*,*,#989,.F.);
#1367=ORIENTED_EDGE('',*,*,#907,.F.);
#1368=ORIENTED_EDGE('',*,*,#988,.F.);
#1369=ORIENTED_EDGE('',*,*,#972,.F.);
#1370=ORIENTED_EDGE('',*,*,#940,.T.);
#1371=ORIENTED_EDGE('',*,*,#908,.T.);
#1372=ORIENTED_EDGE('',*,*,#989,.T.);
#1373=ORIENTED_EDGE('',*,*,#835,.T.);
#1374=ORIENTED_EDGE('',*,*,#990,.T.);
#1375=ORIENTED_EDGE('',*,*,#894,.F.);
#1376=ORIENTED_EDGE('',*,*,#846,.T.);
#1377=ORIENTED_EDGE('',*,*,#829,.T.);
#1378=ORIENTED_EDGE('',*,*,#857,.T.);
#1379=ORIENTED_EDGE('',*,*,#900,.F.);
#1380=ORIENTED_EDGE('',*,*,#991,.T.);
#1381=ORIENTED_EDGE('',*,*,#831,.T.);
#1382=ORIENTED_EDGE('',*,*,#992,.T.);
#1383=ORIENTED_EDGE('',*,*,#898,.F.);
#1384=ORIENTED_EDGE('',*,*,#993,.T.);
#1385=ORIENTED_EDGE('',*,*,#993,.F.);
#1386=ORIENTED_EDGE('',*,*,#897,.F.);
#1387=ORIENTED_EDGE('',*,*,#994,.F.);
#1388=ORIENTED_EDGE('',*,*,#832,.F.);
#1389=ORIENTED_EDGE('',*,*,#833,.T.);
#1390=ORIENTED_EDGE('',*,*,#994,.T.);
#1391=ORIENTED_EDGE('',*,*,#896,.F.);
#1392=ORIENTED_EDGE('',*,*,#995,.T.);
#1393=ORIENTED_EDGE('',*,*,#990,.F.);
#1394=ORIENTED_EDGE('',*,*,#834,.F.);
#1395=ORIENTED_EDGE('',*,*,#995,.F.);
#1396=ORIENTED_EDGE('',*,*,#895,.F.);
#1397=ORIENTED_EDGE('',*,*,#996,.F.);
#1398=ORIENTED_EDGE('',*,*,#997,.T.);
#1399=ORIENTED_EDGE('',*,*,#842,.T.);
#1400=ORIENTED_EDGE('',*,*,#998,.T.);
#1401=ORIENTED_EDGE('',*,*,#996,.T.);
#1402=ORIENTED_EDGE('',*,*,#999,.T.);
#1403=ORIENTED_EDGE('',*,*,#1000,.T.);
#1404=ORIENTED_EDGE('',*,*,#1001,.T.);
#1405=ORIENTED_EDGE('',*,*,#1002,.T.);
#1406=ORIENTED_EDGE('',*,*,#860,.T.);
#1407=ORIENTED_EDGE('',*,*,#1003,.T.);
#1408=ORIENTED_EDGE('',*,*,#1004,.T.);
#1409=ORIENTED_EDGE('',*,*,#1005,.T.);
#1410=ORIENTED_EDGE('',*,*,#1006,.T.);
#1411=ORIENTED_EDGE('',*,*,#1007,.T.);
#1412=ORIENTED_EDGE('',*,*,#1008,.T.);
#1413=ORIENTED_EDGE('',*,*,#998,.F.);
#1414=ORIENTED_EDGE('',*,*,#841,.F.);
#1415=ORIENTED_EDGE('',*,*,#1009,.F.);
#1416=ORIENTED_EDGE('',*,*,#999,.F.);
#1417=ORIENTED_EDGE('',*,*,#1000,.F.);
#1418=ORIENTED_EDGE('',*,*,#1009,.T.);
#1419=ORIENTED_EDGE('',*,*,#840,.T.);
#1420=ORIENTED_EDGE('',*,*,#1010,.T.);
#1421=ORIENTED_EDGE('',*,*,#1002,.F.);
#1422=ORIENTED_EDGE('',*,*,#1011,.T.);
#1423=ORIENTED_EDGE('',*,*,#838,.T.);
#1424=ORIENTED_EDGE('',*,*,#861,.T.);
#1425=ORIENTED_EDGE('',*,*,#1003,.F.);
#1426=ORIENTED_EDGE('',*,*,#859,.T.);
#1427=ORIENTED_EDGE('',*,*,#844,.T.);
#1428=ORIENTED_EDGE('',*,*,#1012,.T.);
#1429=ORIENTED_EDGE('',*,*,#997,.F.);
#1430=ORIENTED_EDGE('',*,*,#1004,.F.);
#1431=ORIENTED_EDGE('',*,*,#1012,.F.);
#1432=ORIENTED_EDGE('',*,*,#843,.F.);
#1433=ORIENTED_EDGE('',*,*,#991,.F.);
#1434=ORIENTED_EDGE('',*,*,#899,.F.);
#1435=ORIENTED_EDGE('',*,*,#992,.F.);
#1436=ORIENTED_EDGE('',*,*,#830,.F.);
#1437=ORIENTED_EDGE('',*,*,#1013,.F.);
#1438=ORIENTED_EDGE('',*,*,#1014,.T.);
#1439=ORIENTED_EDGE('',*,*,#1005,.F.);
#1440=ORIENTED_EDGE('',*,*,#1014,.F.);
#1441=ORIENTED_EDGE('',*,*,#1013,.T.);
#1442=ORIENTED_EDGE('',*,*,#970,.T.);
#1443=ORIENTED_EDGE('',*,*,#1015,.F.);
#1444=ORIENTED_EDGE('',*,*,#1016,.T.);
#1445=ORIENTED_EDGE('',*,*,#1006,.F.);
#1446=ORIENTED_EDGE('',*,*,#1016,.F.);
#1447=ORIENTED_EDGE('',*,*,#1015,.T.);
#1448=ORIENTED_EDGE('',*,*,#966,.T.);
#1449=ORIENTED_EDGE('',*,*,#1017,.F.);
#1450=ORIENTED_EDGE('',*,*,#1018,.T.);
#1451=ORIENTED_EDGE('',*,*,#1007,.F.);
#1452=ORIENTED_EDGE('',*,*,#1018,.F.);
#1453=ORIENTED_EDGE('',*,*,#1017,.T.);
#1454=ORIENTED_EDGE('',*,*,#962,.T.);
#1455=ORIENTED_EDGE('',*,*,#1019,.F.);
#1456=ORIENTED_EDGE('',*,*,#1020,.T.);
#1457=ORIENTED_EDGE('',*,*,#1008,.F.);
#1458=ORIENTED_EDGE('',*,*,#1020,.F.);
#1459=ORIENTED_EDGE('',*,*,#1019,.T.);
#1460=ORIENTED_EDGE('',*,*,#958,.T.);
#1461=ORIENTED_EDGE('',*,*,#1010,.F.);
#1462=ORIENTED_EDGE('',*,*,#839,.F.);
#1463=ORIENTED_EDGE('',*,*,#1011,.F.);
#1464=ORIENTED_EDGE('',*,*,#1001,.F.);
#1465=ORIENTED_EDGE('',*,*,#976,.F.);
#1466=ORIENTED_EDGE('',*,*,#1021,.T.);
#1467=ORIENTED_EDGE('',*,*,#902,.T.);
#1468=ORIENTED_EDGE('',*,*,#942,.T.);
#1469=ORIENTED_EDGE('',*,*,#978,.F.);
#1470=ORIENTED_EDGE('',*,*,#1022,.F.);
#1471=ORIENTED_EDGE('',*,*,#903,.F.);
#1472=ORIENTED_EDGE('',*,*,#1021,.F.);
#1473=ORIENTED_EDGE('',*,*,#980,.F.);
#1474=ORIENTED_EDGE('',*,*,#987,.T.);
#1475=ORIENTED_EDGE('',*,*,#904,.T.);
#1476=ORIENTED_EDGE('',*,*,#1022,.T.);
#1477=CYLINDRICAL_SURFACE('',#1608,0.18);
#1478=CYLINDRICAL_SURFACE('',#1612,0.149999999999999);
#1479=CYLINDRICAL_SURFACE('',#1615,0.15);
#1480=CYLINDRICAL_SURFACE('',#1619,0.18);
#1481=CYLINDRICAL_SURFACE('',#1646,0.15);
#1482=CYLINDRICAL_SURFACE('',#1648,0.149999999999999);
#1483=CYLINDRICAL_SURFACE('',#1651,0.18);
#1484=CYLINDRICAL_SURFACE('',#1654,0.18);
#1485=CYLINDRICAL_SURFACE('',#1675,0.140000000567158);
#1486=CYLINDRICAL_SURFACE('',#1677,0.140000000567158);
#1487=CYLINDRICAL_SURFACE('',#1697,0.16);
#1488=CYLINDRICAL_SURFACE('',#1701,0.16);
#1489=CYLINDRICAL_SURFACE('',#1705,0.16);
#1490=CYLINDRICAL_SURFACE('',#1709,0.16);
#1491=CYLINDRICAL_SURFACE('',#1724,0.48);
#1492=CYLINDRICAL_SURFACE('',#1726,0.48);
#1493=CYLINDRICAL_SURFACE('',#1727,0.37);
#1494=CYLINDRICAL_SURFACE('',#1728,0.37);
#1495=CYLINDRICAL_SURFACE('',#1729,0.37);
#1496=CYLINDRICAL_SURFACE('',#1731,0.37);
#1497=CYLINDRICAL_SURFACE('',#1733,0.28);
#1498=CYLINDRICAL_SURFACE('',#1744,0.28);
#1499=CYLINDRICAL_SURFACE('',#1745,0.28);
#1500=CYLINDRICAL_SURFACE('',#1746,0.28);
#1501=CYLINDRICAL_SURFACE('',#1749,0.3);
#1502=CYLINDRICAL_SURFACE('',#1752,0.3);
#1503=CYLINDRICAL_SURFACE('',#1755,0.3);
#1504=CYLINDRICAL_SURFACE('',#1758,0.3);
#1505=CYLINDRICAL_SURFACE('',#1762,0.48);
#1506=CYLINDRICAL_SURFACE('',#1764,0.48);
#1507=ADVANCED_FACE('',(#86),#1477,.F.);
#1508=ADVANCED_FACE('',(#87),#41,.F.);
#1509=ADVANCED_FACE('',(#88),#1478,.T.);
#1510=ADVANCED_FACE('',(#89),#1479,.T.);
#1511=ADVANCED_FACE('',(#90),#42,.F.);
#1512=ADVANCED_FACE('',(#91),#1480,.F.);
#1513=ADVANCED_FACE('',(#92),#43,.F.);
#1514=ADVANCED_FACE('',(#93),#44,.F.);
#1515=ADVANCED_FACE('',(#94),#45,.F.);
#1516=ADVANCED_FACE('',(#95),#46,.F.);
#1517=ADVANCED_FACE('',(#96),#47,.T.);
#1518=ADVANCED_FACE('',(#97),#48,.T.);
#1519=ADVANCED_FACE('',(#98),#49,.T.);
#1520=ADVANCED_FACE('',(#99),#50,.F.);
#1521=ADVANCED_FACE('',(#100),#51,.F.);
#1522=ADVANCED_FACE('',(#101),#52,.F.);
#1523=ADVANCED_FACE('',(#102),#1481,.T.);
#1524=ADVANCED_FACE('',(#103),#1482,.T.);
#1525=ADVANCED_FACE('',(#104),#53,.F.);
#1526=ADVANCED_FACE('',(#105),#1483,.F.);
#1527=ADVANCED_FACE('',(#106),#54,.F.);
#1528=ADVANCED_FACE('',(#107),#1484,.F.);
#1529=ADVANCED_FACE('',(#108),#55,.F.);
#1530=ADVANCED_FACE('',(#109),#56,.T.);
#1531=ADVANCED_FACE('',(#110),#57,.T.);
#1532=ADVANCED_FACE('',(#111),#58,.T.);
#1533=ADVANCED_FACE('',(#112),#31,.F.);
#1534=ADVANCED_FACE('',(#113),#59,.T.);
#1535=ADVANCED_FACE('',(#114),#32,.F.);
#1536=ADVANCED_FACE('',(#115),#1485,.F.);
#1537=ADVANCED_FACE('',(#116),#60,.F.);
#1538=ADVANCED_FACE('',(#117),#1486,.F.);
#1539=ADVANCED_FACE('',(#118),#61,.F.);
#1540=ADVANCED_FACE('',(#119),#62,.F.);
#1541=ADVANCED_FACE('',(#120),#29,.T.);
#1542=ADVANCED_FACE('',(#121),#63,.T.);
#1543=ADVANCED_FACE('',(#122),#30,.T.);
#1544=ADVANCED_FACE('',(#123),#64,.T.);
#1545=ADVANCED_FACE('',(#124),#65,.T.);
#1546=ADVANCED_FACE('',(#125),#66,.T.);
#1547=ADVANCED_FACE('',(#126),#33,.F.);
#1548=ADVANCED_FACE('',(#127,#15,#16,#17,#18),#67,.F.);
#1549=ADVANCED_FACE('',(#128),#1487,.F.);
#1550=ADVANCED_FACE('',(#129),#34,.F.);
#1551=ADVANCED_FACE('',(#130),#1488,.F.);
#1552=ADVANCED_FACE('',(#131),#35,.F.);
#1553=ADVANCED_FACE('',(#132),#1489,.F.);
#1554=ADVANCED_FACE('',(#133),#36,.F.);
#1555=ADVANCED_FACE('',(#134),#1490,.F.);
#1556=ADVANCED_FACE('',(#135),#37,.T.);
#1557=ADVANCED_FACE('',(#136),#68,.T.);
#1558=ADVANCED_FACE('',(#137),#38,.T.);
#1559=ADVANCED_FACE('',(#138),#69,.T.);
#1560=ADVANCED_FACE('',(#139),#39,.T.);
#1561=ADVANCED_FACE('',(#140),#70,.T.);
#1562=ADVANCED_FACE('',(#141),#40,.T.);
#1563=ADVANCED_FACE('',(#142),#71,.T.);
#1564=ADVANCED_FACE('',(#143),#72,.T.);
#1565=ADVANCED_FACE('',(#144),#1491,.T.);
#1566=ADVANCED_FACE('',(#145),#73,.T.);
#1567=ADVANCED_FACE('',(#146),#1492,.T.);
#1568=ADVANCED_FACE('',(#147),#1493,.T.);
#1569=ADVANCED_FACE('',(#148),#1494,.T.);
#1570=ADVANCED_FACE('',(#149),#1495,.T.);
#1571=ADVANCED_FACE('',(#150),#74,.T.);
#1572=ADVANCED_FACE('',(#151),#1496,.T.);
#1573=ADVANCED_FACE('',(#152),#75,.T.);
#1574=ADVANCED_FACE('',(#153),#1497,.F.);
#1575=ADVANCED_FACE('',(#154,#19,#20,#21,#22),#76,.T.);
#1576=ADVANCED_FACE('',(#155),#77,.F.);
#1577=ADVANCED_FACE('',(#156),#1498,.F.);
#1578=ADVANCED_FACE('',(#157),#1499,.F.);
#1579=ADVANCED_FACE('',(#158),#1500,.F.);
#1580=ADVANCED_FACE('',(#159),#78,.F.);
#1581=ADVANCED_FACE('',(#160),#79,.T.);
#1582=ADVANCED_FACE('',(#161),#1501,.T.);
#1583=ADVANCED_FACE('',(#162,#23),#80,.T.);
#1584=ADVANCED_FACE('',(#163),#1502,.T.);
#1585=ADVANCED_FACE('',(#164,#24),#81,.T.);
#1586=ADVANCED_FACE('',(#165),#1503,.T.);
#1587=ADVANCED_FACE('',(#166,#25),#82,.T.);
#1588=ADVANCED_FACE('',(#167),#1504,.T.);
#1589=ADVANCED_FACE('',(#168,#26),#83,.T.);
#1590=ADVANCED_FACE('',(#169),#84,.F.);
#1591=ADVANCED_FACE('',(#170),#1505,.T.);
#1592=ADVANCED_FACE('',(#171),#85,.T.);
#1593=ADVANCED_FACE('',(#172),#1506,.T.);
#1594=CLOSED_SHELL('',(#1507,#1508,#1509,#1510,#1511,#1512,#1513,#1514,
#1515,#1516,#1517,#1518,#1519,#1520,#1521,#1522,#1523,#1524,#1525,#1526,
#1527,#1528,#1529,#1530,#1531,#1532,#1533,#1534,#1535,#1536,#1537,#1538,
#1539,#1540,#1541,#1542,#1543,#1544,#1545,#1546,#1547,#1548,#1549,#1550,
#1551,#1552,#1553,#1554,#1555,#1556,#1557,#1558,#1559,#1560,#1561,#1562,
#1563,#1564,#1565,#1566,#1567,#1568,#1569,#1570,#1571,#1572,#1573,#1574,
#1575,#1576,#1577,#1578,#1579,#1580,#1581,#1582,#1583,#1584,#1585,#1586,
#1587,#1588,#1589,#1590,#1591,#1592,#1593));
#1595=DERIVED_UNIT_ELEMENT(#1597,1.);
#1596=DERIVED_UNIT_ELEMENT(#2792,-3.);
#1597=(
MASS_UNIT()
NAMED_UNIT(*)
SI_UNIT(.KILO.,.GRAM.)
);
#1598=DERIVED_UNIT((#1595,#1596));
#1599=MEASURE_REPRESENTATION_ITEM('density measure',
POSITIVE_RATIO_MEASURE(7850.),#1598);
#1600=PROPERTY_DEFINITION_REPRESENTATION(#1605,#1602);
#1601=PROPERTY_DEFINITION_REPRESENTATION(#1606,#1603);
#1602=REPRESENTATION('material name',(#1604),#2789);
#1603=REPRESENTATION('density',(#1599),#2789);
#1604=DESCRIPTIVE_REPRESENTATION_ITEM('Steel','Steel');
#1605=PROPERTY_DEFINITION('material property','material name',#2799);
#1606=PROPERTY_DEFINITION('material property','density of part',#2799);
#1607=AXIS2_PLACEMENT_3D('',#2234,#1765,#1766);
#1608=AXIS2_PLACEMENT_3D('',#2235,#1767,#1768);
#1609=AXIS2_PLACEMENT_3D('',#2238,#1769,#1770);
#1610=AXIS2_PLACEMENT_3D('',#2242,#1772,#1773);
#1611=AXIS2_PLACEMENT_3D('',#2244,#1775,#1776);
#1612=AXIS2_PLACEMENT_3D('',#2250,#1780,#1781);
#1613=AXIS2_PLACEMENT_3D('',#2252,#1782,#1783);
#1614=AXIS2_PLACEMENT_3D('',#2254,#1784,#1785);
#1615=AXIS2_PLACEMENT_3D('',#2256,#1787,#1788);
#1616=AXIS2_PLACEMENT_3D('',#2259,#1789,#1790);
#1617=AXIS2_PLACEMENT_3D('',#2263,#1792,#1793);
#1618=AXIS2_PLACEMENT_3D('',#2265,#1795,#1796);
#1619=AXIS2_PLACEMENT_3D('',#2271,#1800,#1801);
#1620=AXIS2_PLACEMENT_3D('',#2273,#1802,#1803);
#1621=AXIS2_PLACEMENT_3D('',#2275,#1804,#1805);
#1622=AXIS2_PLACEMENT_3D('',#2277,#1807,#1808);
#1623=AXIS2_PLACEMENT_3D('',#2283,#1812,#1813);
#1624=AXIS2_PLACEMENT_3D('',#2289,#1817,#1818);
#1625=AXIS2_PLACEMENT_3D('',#2298,#1823,#1824);
#1626=AXIS2_PLACEMENT_3D('',#2301,#1827,#1828);
#1627=AXIS2_PLACEMENT_3D('',#2305,#1830,#1831);
#1628=AXIS2_PLACEMENT_3D('',#2309,#1833,#1834);
#1629=AXIS2_PLACEMENT_3D('',#2313,#1836,#1837);
#1630=AXIS2_PLACEMENT_3D('',#2317,#1839,#1840);
#1631=AXIS2_PLACEMENT_3D('',#2322,#1843,#1844);
#1632=AXIS2_PLACEMENT_3D('',#2326,#1846,#1847);
#1633=AXIS2_PLACEMENT_3D('',#2330,#1849,#1850);
#1634=AXIS2_PLACEMENT_3D('',#2334,#1852,#1853);
#1635=AXIS2_PLACEMENT_3D('',#2336,#1855,#1856);
#1636=AXIS2_PLACEMENT_3D('',#2342,#1859,#1860);
#1637=AXIS2_PLACEMENT_3D('',#2346,#1862,#1863);
#1638=AXIS2_PLACEMENT_3D('',#2348,#1865,#1866);
#1639=AXIS2_PLACEMENT_3D('',#2352,#1868,#1869);
#1640=AXIS2_PLACEMENT_3D('',#2356,#1871,#1872);
#1641=AXIS2_PLACEMENT_3D('',#2360,#1875,#1876);
#1642=AXIS2_PLACEMENT_3D('',#2373,#1883,#1884);
#1643=AXIS2_PLACEMENT_3D('',#2377,#1886,#1887);
#1644=AXIS2_PLACEMENT_3D('',#2379,#1889,#1890);
#1645=AXIS2_PLACEMENT_3D('',#2385,#1894,#1895);
#1646=AXIS2_PLACEMENT_3D('',#2391,#1899,#1900);
#1647=AXIS2_PLACEMENT_3D('',#2393,#1901,#1902);
#1648=AXIS2_PLACEMENT_3D('',#2395,#1904,#1905);
#1649=AXIS2_PLACEMENT_3D('',#2398,#1906,#1907);
#1650=AXIS2_PLACEMENT_3D('',#2401,#1910,#1911);
#1651=AXIS2_PLACEMENT_3D('',#2405,#1914,#1915);
#1652=AXIS2_PLACEMENT_3D('',#2407,#1916,#1917);
#1653=AXIS2_PLACEMENT_3D('',#2409,#1919,#1920);
#1654=AXIS2_PLACEMENT_3D('',#2419,#1926,#1927);
#1655=AXIS2_PLACEMENT_3D('',#2421,#1928,#1929);
#1656=AXIS2_PLACEMENT_3D('',#2423,#1931,#1932);
#1657=AXIS2_PLACEMENT_3D('',#2431,#1937,#1938);
#1658=AXIS2_PLACEMENT_3D('',#2433,#1939,#1940);
#1659=AXIS2_PLACEMENT_3D('',#2437,#1942,#1943);
#1660=AXIS2_PLACEMENT_3D('',#2441,#1945,#1946);
#1661=AXIS2_PLACEMENT_3D('',#2444,#1948,#1949);
#1662=AXIS2_PLACEMENT_3D('',#2448,#1951,#1952);
#1663=AXIS2_PLACEMENT_3D('',#2452,#1954,#1955);
#1664=AXIS2_PLACEMENT_3D('',#2456,#1957,#1958);
#1665=AXIS2_PLACEMENT_3D('',#2460,#1960,#1961);
#1666=AXIS2_PLACEMENT_3D('',#2462,#1963,#1964);
#1667=AXIS2_PLACEMENT_3D('',#2468,#1968,#1969);
#1668=AXIS2_PLACEMENT_3D('',#2472,#1972,#1973);
#1669=AXIS2_PLACEMENT_3D('',#2476,#1975,#1976);
#1670=AXIS2_PLACEMENT_3D('',#2477,#1977,#1978);
#1671=AXIS2_PLACEMENT_3D('',#2478,#1979,#1980);
#1672=AXIS2_PLACEMENT_3D('',#2484,#1984,#1985);
#1673=AXIS2_PLACEMENT_3D('',#2485,#1986,#1987);
#1674=AXIS2_PLACEMENT_3D('',#2486,#1988,#1989);
#1675=AXIS2_PLACEMENT_3D('',#2487,#1990,#1991);
#1676=AXIS2_PLACEMENT_3D('',#2489,#1993,#1994);
#1677=AXIS2_PLACEMENT_3D('',#2491,#1996,#1997);
#1678=AXIS2_PLACEMENT_3D('',#2493,#1999,#2000);
#1679=AXIS2_PLACEMENT_3D('',#2494,#2001,#2002);
#1680=AXIS2_PLACEMENT_3D('',#2498,#2004,#2005);
#1681=AXIS2_PLACEMENT_3D('',#2502,#2007,#2008);
#1682=AXIS2_PLACEMENT_3D('',#2563,#2012,#2013);
#1683=AXIS2_PLACEMENT_3D('',#2610,#2017,#2018);
#1684=AXIS2_PLACEMENT_3D('',#2612,#2020,#2021);
#1685=AXIS2_PLACEMENT_3D('',#2614,#2023,#2024);
#1686=AXIS2_PLACEMENT_3D('',#2620,#2028,#2029);
#1687=AXIS2_PLACEMENT_3D('',#2622,#2030,#2031);
#1688=AXIS2_PLACEMENT_3D('',#2625,#2033,#2034);
#1689=AXIS2_PLACEMENT_3D('',#2626,#2035,#2036);
#1690=AXIS2_PLACEMENT_3D('',#2629,#2037,#2038);
#1691=AXIS2_PLACEMENT_3D('',#2633,#2040,#2041);
#1692=AXIS2_PLACEMENT_3D('',#2637,#2043,#2044);
#1693=AXIS2_PLACEMENT_3D('',#2641,#2046,#2047);
#1694=AXIS2_PLACEMENT_3D('',#2644,#2049,#2050);
#1695=AXIS2_PLACEMENT_3D('',#2646,#2051,#2052);
#1696=AXIS2_PLACEMENT_3D('',#2648,#2053,#2054);
#1697=AXIS2_PLACEMENT_3D('',#2649,#2055,#2056);
#1698=AXIS2_PLACEMENT_3D('',#2652,#2058,#2059);
#1699=AXIS2_PLACEMENT_3D('',#2653,#2060,#2061);
#1700=AXIS2_PLACEMENT_3D('',#2656,#2063,#2064);
#1701=AXIS2_PLACEMENT_3D('',#2657,#2065,#2066);
#1702=AXIS2_PLACEMENT_3D('',#2660,#2068,#2069);
#1703=AXIS2_PLACEMENT_3D('',#2661,#2070,#2071);
#1704=AXIS2_PLACEMENT_3D('',#2664,#2073,#2074);
#1705=AXIS2_PLACEMENT_3D('',#2665,#2075,#2076);
#1706=AXIS2_PLACEMENT_3D('',#2668,#2078,#2079);
#1707=AXIS2_PLACEMENT_3D('',#2669,#2080,#2081);
#1708=AXIS2_PLACEMENT_3D('',#2672,#2083,#2084);
#1709=AXIS2_PLACEMENT_3D('',#2673,#2085,#2086);
#1710=AXIS2_PLACEMENT_3D('',#2676,#2088,#2089);
#1711=AXIS2_PLACEMENT_3D('',#2677,#2090,#2091);
#1712=AXIS2_PLACEMENT_3D('',#2680,#2093,#2094);
#1713=AXIS2_PLACEMENT_3D('',#2682,#2096,#2097);
#1714=AXIS2_PLACEMENT_3D('',#2684,#2099,#2100);
#1715=AXIS2_PLACEMENT_3D('',#2687,#2102,#2103);
#1716=AXIS2_PLACEMENT_3D('',#2688,#2104,#2105);
#1717=AXIS2_PLACEMENT_3D('',#2692,#2108,#2109);
#1718=AXIS2_PLACEMENT_3D('',#2695,#2111,#2112);
#1719=AXIS2_PLACEMENT_3D('',#2696,#2113,#2114);
#1720=AXIS2_PLACEMENT_3D('',#2700,#2117,#2118);
#1721=AXIS2_PLACEMENT_3D('',#2703,#2120,#2121);
#1722=AXIS2_PLACEMENT_3D('',#2704,#2122,#2123);
#1723=AXIS2_PLACEMENT_3D('',#2706,#2125,#2126);
#1724=AXIS2_PLACEMENT_3D('',#2709,#2129,#2130);
#1725=AXIS2_PLACEMENT_3D('',#2711,#2132,#2133);
#1726=AXIS2_PLACEMENT_3D('',#2713,#2135,#2136);
#1727=AXIS2_PLACEMENT_3D('',#2714,#2137,#2138);
#1728=AXIS2_PLACEMENT_3D('',#2716,#2140,#2141);
#1729=AXIS2_PLACEMENT_3D('',#2718,#2143,#2144);
#1730=AXIS2_PLACEMENT_3D('',#2721,#2147,#2148);
#1731=AXIS2_PLACEMENT_3D('',#2723,#2150,#2151);
#1732=AXIS2_PLACEMENT_3D('',#2725,#2153,#2154);
#1733=AXIS2_PLACEMENT_3D('',#2726,#2155,#2156);
#1734=AXIS2_PLACEMENT_3D('',#2729,#2157,#2158);
#1735=AXIS2_PLACEMENT_3D('',#2732,#2161,#2162);
#1736=AXIS2_PLACEMENT_3D('',#2736,#2164,#2165);
#1737=AXIS2_PLACEMENT_3D('',#2739,#2167,#2168);
#1738=AXIS2_PLACEMENT_3D('',#2741,#2169,#2170);
#1739=AXIS2_PLACEMENT_3D('',#2744,#2172,#2173);
#1740=AXIS2_PLACEMENT_3D('',#2746,#2174,#2175);
#1741=AXIS2_PLACEMENT_3D('',#2748,#2176,#2177);
#1742=AXIS2_PLACEMENT_3D('',#2750,#2178,#2179);
#1743=AXIS2_PLACEMENT_3D('',#2751,#2180,#2181);
#1744=AXIS2_PLACEMENT_3D('',#2753,#2183,#2184);
#1745=AXIS2_PLACEMENT_3D('',#2755,#2186,#2187);
#1746=AXIS2_PLACEMENT_3D('',#2757,#2189,#2190);
#1747=AXIS2_PLACEMENT_3D('',#2759,#2192,#2193);
#1748=AXIS2_PLACEMENT_3D('',#2760,#2194,#2195);
#1749=AXIS2_PLACEMENT_3D('',#2761,#2196,#2197);
#1750=AXIS2_PLACEMENT_3D('',#2763,#2198,#2199);
#1751=AXIS2_PLACEMENT_3D('',#2765,#2201,#2202);
#1752=AXIS2_PLACEMENT_3D('',#2766,#2203,#2204);
#1753=AXIS2_PLACEMENT_3D('',#2768,#2205,#2206);
#1754=AXIS2_PLACEMENT_3D('',#2770,#2208,#2209);
#1755=AXIS2_PLACEMENT_3D('',#2771,#2210,#2211);
#1756=AXIS2_PLACEMENT_3D('',#2773,#2212,#2213);
#1757=AXIS2_PLACEMENT_3D('',#2775,#2215,#2216);
#1758=AXIS2_PLACEMENT_3D('',#2776,#2217,#2218);
#1759=AXIS2_PLACEMENT_3D('',#2778,#2219,#2220);
#1760=AXIS2_PLACEMENT_3D('',#2780,#2222,#2223);
#1761=AXIS2_PLACEMENT_3D('',#2781,#2224,#2225);
#1762=AXIS2_PLACEMENT_3D('',#2782,#2226,#2227);
#1763=AXIS2_PLACEMENT_3D('',#2784,#2229,#2230);
#1764=AXIS2_PLACEMENT_3D('',#2786,#2232,#2233);
#1765=DIRECTION('axis',(0.,0.,1.));
#1766=DIRECTION('refdir',(1.,0.,0.));
#1767=DIRECTION('center_axis',(0.,1.,0.));
#1768=DIRECTION('ref_axis',(0.707106781186547,0.,-0.707106781186548));
#1769=DIRECTION('center_axis',(0.,-1.,0.));
#1770=DIRECTION('ref_axis',(0.707106781186547,0.,-0.707106781186548));
#1771=DIRECTION('',(0.,1.,0.));
#1772=DIRECTION('center_axis',(0.,1.,0.));
#1773=DIRECTION('ref_axis',(0.707106781186547,0.,-0.707106781186548));
#1774=DIRECTION('',(0.,-1.,0.));
#1775=DIRECTION('center_axis',(0.707106781186548,0.,-0.707106781186547));
#1776=DIRECTION('ref_axis',(-0.707106781186547,0.,-0.707106781186548));
#1777=DIRECTION('',(0.707106781186547,0.,0.707106781186548));
#1778=DIRECTION('',(-0.707106781186547,0.,-0.707106781186548));
#1779=DIRECTION('',(0.,1.,0.));
#1780=DIRECTION('center_axis',(0.,1.,0.));
#1781=DIRECTION('ref_axis',(-0.707106781186549,0.,0.707106781186546));
#1782=DIRECTION('center_axis',(0.,1.,0.));
#1783=DIRECTION('ref_axis',(-0.707106781186549,0.,0.707106781186546));
#1784=DIRECTION('center_axis',(0.,-1.,0.));
#1785=DIRECTION('ref_axis',(-0.707106781186549,0.,0.707106781186546));
#1786=DIRECTION('',(0.,-1.,0.));
#1787=DIRECTION('center_axis',(0.,1.,0.));
#1788=DIRECTION('ref_axis',(1.48029736616688E-15,0.,1.));
#1789=DIRECTION('center_axis',(0.,1.,0.));
#1790=DIRECTION('ref_axis',(1.48029736616688E-15,0.,1.));
#1791=DIRECTION('',(0.,-1.,0.));
#1792=DIRECTION('center_axis',(0.,-1.,0.));
#1793=DIRECTION('ref_axis',(1.48029736616688E-15,0.,1.));
#1794=DIRECTION('',(0.,1.,0.));
#1795=DIRECTION('center_axis',(-0.707106781186547,0.,-0.707106781186548));
#1796=DIRECTION('ref_axis',(-0.707106781186548,0.,0.707106781186547));
#1797=DIRECTION('',(0.707106781186548,0.,-0.707106781186547));
#1798=DIRECTION('',(-0.707106781186548,0.,0.707106781186547));
#1799=DIRECTION('',(0.,1.,0.));
#1800=DIRECTION('center_axis',(0.,1.,0.));
#1801=DIRECTION('ref_axis',(1.2335811384724E-15,0.,-1.));
#1802=DIRECTION('center_axis',(0.,-1.,0.));
#1803=DIRECTION('ref_axis',(1.2335811384724E-15,0.,-1.));
#1804=DIRECTION('center_axis',(0.,1.,0.));
#1805=DIRECTION('ref_axis',(1.2335811384724E-15,0.,-1.));
#1806=DIRECTION('',(0.,1.,0.));
#1807=DIRECTION('center_axis',(0.,0.,-1.));
#1808=DIRECTION('ref_axis',(-1.,0.,0.));
#1809=DIRECTION('',(1.,0.,0.));
#1810=DIRECTION('',(-1.,0.,0.));
#1811=DIRECTION('',(0.,1.,0.));
#1812=DIRECTION('center_axis',(-1.,0.,0.));
#1813=DIRECTION('ref_axis',(0.,0.,1.));
#1814=DIRECTION('',(0.,0.,-1.));
#1815=DIRECTION('',(0.,0.,1.));
#1816=DIRECTION('',(0.,1.,0.));
#1817=DIRECTION('center_axis',(1.,0.,0.));
#1818=DIRECTION('ref_axis',(0.,0.,-1.));
#1819=DIRECTION('',(0.,0.,1.));
#1820=DIRECTION('',(0.,1.,0.));
#1821=DIRECTION('',(0.,0.,-1.));
#1822=DIRECTION('',(0.,1.,0.));
#1823=DIRECTION('center_axis',(0.,0.,-1.));
#1824=DIRECTION('ref_axis',(-1.,0.,0.));
#1825=DIRECTION('',(1.,0.,0.));
#1826=DIRECTION('',(-1.,0.,0.));
#1827=DIRECTION('center_axis',(0.,0.,1.));
#1828=DIRECTION('ref_axis',(1.,0.,0.));
#1829=DIRECTION('',(1.,0.,0.));
#1830=DIRECTION('center_axis',(0.,0.,-1.));
#1831=DIRECTION('ref_axis',(0.707106781186547,-0.707106781186548,0.));
#1832=DIRECTION('',(0.,1.,0.));
#1833=DIRECTION('center_axis',(0.,0.,-1.));
#1834=DIRECTION('ref_axis',(0.707106781186547,0.707106781186548,0.));
#1835=DIRECTION('',(-1.,0.,0.));
#1836=DIRECTION('center_axis',(0.,0.,-1.));
#1837=DIRECTION('ref_axis',(-0.707106781186547,0.707106781186548,0.));
#1838=DIRECTION('',(0.,-1.,0.));
#1839=DIRECTION('center_axis',(0.,0.,-1.));
#1840=DIRECTION('ref_axis',(-0.707106781186547,-0.707106781186548,0.));
#1841=DIRECTION('',(1.,0.,0.));
#1842=DIRECTION('',(-1.,0.,0.));
#1843=DIRECTION('center_axis',(0.,0.,1.));
#1844=DIRECTION('ref_axis',(-0.707106781186546,-0.707106781186549,0.));
#1845=DIRECTION('',(0.,1.,0.));
#1846=DIRECTION('center_axis',(0.,0.,1.));
#1847=DIRECTION('ref_axis',(-0.707106781186548,0.707106781186548,0.));
#1848=DIRECTION('',(1.,0.,0.));
#1849=DIRECTION('center_axis',(0.,0.,1.));
#1850=DIRECTION('ref_axis',(0.707106781186546,0.707106781186549,0.));
#1851=DIRECTION('',(0.,-1.,0.));
#1852=DIRECTION('center_axis',(0.,0.,1.));
#1853=DIRECTION('ref_axis',(0.707106781186548,-0.707106781186548,0.));
#1854=DIRECTION('',(-1.,0.,0.));
#1855=DIRECTION('center_axis',(0.,-1.,0.));
#1856=DIRECTION('ref_axis',(1.,0.,0.));
#1857=DIRECTION('',(0.,0.,1.));
#1858=DIRECTION('',(-1.,0.,0.));
#1859=DIRECTION('center_axis',(0.,-1.,0.));
#1860=DIRECTION('ref_axis',(1.48029736616687E-15,0.,1.));
#1861=DIRECTION('',(-0.707106781186548,0.,0.707106781186547));
#1862=DIRECTION('center_axis',(0.,1.,0.));
#1863=DIRECTION('ref_axis',(1.2335811384724E-15,0.,-1.));
#1864=DIRECTION('',(-1.,0.,0.));
#1865=DIRECTION('center_axis',(0.,-1.,0.));
#1866=DIRECTION('ref_axis',(1.,0.,0.));
#1867=DIRECTION('',(-1.,0.,0.));
#1868=DIRECTION('center_axis',(0.,1.,0.));
#1869=DIRECTION('ref_axis',(0.707106781186547,0.,-0.707106781186548));
#1870=DIRECTION('',(-0.707106781186548,0.,-0.707106781186548));
#1871=DIRECTION('center_axis',(0.,-1.,0.));
#1872=DIRECTION('ref_axis',(-0.707106781186549,0.,0.707106781186546));
#1873=DIRECTION('',(-1.,0.,0.));
#1874=DIRECTION('',(0.,0.,-1.));
#1875=DIRECTION('center_axis',(0.,-1.,0.));
#1876=DIRECTION('ref_axis',(1.,0.,0.));
#1877=DIRECTION('',(1.,0.,0.));
#1878=DIRECTION('',(0.,0.,1.));
#1879=DIRECTION('',(1.,0.,0.));
#1880=DIRECTION('',(0.,0.,-1.));
#1881=DIRECTION('',(1.,0.,0.));
#1882=DIRECTION('',(0.,0.,-1.));
#1883=DIRECTION('center_axis',(0.,-1.,0.));
#1884=DIRECTION('ref_axis',(-4.05112687785029E-9,0.,-1.));
#1885=DIRECTION('',(1.,0.,0.));
#1886=DIRECTION('center_axis',(0.,-1.,0.));
#1887=DIRECTION('ref_axis',(1.,0.,-4.05112648134207E-9));
#1888=DIRECTION('',(0.,0.,1.));
#1889=DIRECTION('center_axis',(-1.,0.,0.));
#1890=DIRECTION('ref_axis',(0.,0.,1.));
#1891=DIRECTION('',(0.,-1.,0.));
#1892=DIRECTION('',(0.,1.44468798230871E-30,1.));
#1893=DIRECTION('',(0.,1.,0.));
#1894=DIRECTION('center_axis',(-0.707106781186547,0.,-0.707106781186548));
#1895=DIRECTION('ref_axis',(-0.707106781186548,0.,0.707106781186547));
#1896=DIRECTION('',(-0.707106781186548,0.,0.707106781186547));
#1897=DIRECTION('',(0.,1.,0.));
#1898=DIRECTION('',(0.,1.,0.));
#1899=DIRECTION('center_axis',(0.,1.,0.));
#1900=DIRECTION('ref_axis',(1.48029736616687E-15,0.,1.));
#1901=DIRECTION('center_axis',(0.,-1.,0.));
#1902=DIRECTION('ref_axis',(1.48029736616687E-15,0.,1.));
#1903=DIRECTION('',(0.,-1.,0.));
#1904=DIRECTION('center_axis',(0.,1.,0.));
#1905=DIRECTION('ref_axis',(-0.707106781186549,0.,0.707106781186546));
#1906=DIRECTION('center_axis',(0.,-1.,0.));
#1907=DIRECTION('ref_axis',(-0.707106781186549,0.,0.707106781186546));
#1908=DIRECTION('',(0.,-1.,0.));
#1909=DIRECTION('',(0.,1.,0.));
#1910=DIRECTION('center_axis',(0.707106781186548,0.,-0.707106781186548));
#1911=DIRECTION('ref_axis',(-0.707106781186548,0.,-0.707106781186548));
#1912=DIRECTION('',(-0.707106781186548,0.,-0.707106781186548));
#1913=DIRECTION('',(0.,-1.,0.));
#1914=DIRECTION('center_axis',(0.,1.,0.));
#1915=DIRECTION('ref_axis',(0.707106781186547,0.,-0.707106781186548));
#1916=DIRECTION('center_axis',(0.,1.,0.));
#1917=DIRECTION('ref_axis',(0.707106781186547,0.,-0.707106781186548));
#1918=DIRECTION('',(0.,1.,0.));
#1919=DIRECTION('center_axis',(0.,0.,-1.));
#1920=DIRECTION('ref_axis',(-1.,0.,0.));
#1921=DIRECTION('',(-1.,0.,0.));
#1922=DIRECTION('',(0.,1.,0.));
#1923=DIRECTION('',(-0.707106781186544,0.707106781186551,0.));
#1924=DIRECTION('',(-1.,-6.05039258838107E-31,0.));
#1925=DIRECTION('',(-0.707106781186549,0.707106781186546,0.));
#1926=DIRECTION('center_axis',(0.,1.,0.));
#1927=DIRECTION('ref_axis',(1.2335811384724E-15,0.,-1.));
#1928=DIRECTION('center_axis',(0.,1.,0.));
#1929=DIRECTION('ref_axis',(1.2335811384724E-15,0.,-1.));
#1930=DIRECTION('',(0.,1.,0.));
#1931=DIRECTION('center_axis',(0.,0.,-1.));
#1932=DIRECTION('ref_axis',(-1.,0.,0.));
#1933=DIRECTION('',(-1.,0.,0.));
#1934=DIRECTION('',(-0.707106781186549,-0.707106781186546,0.));
#1935=DIRECTION('',(-1.,-6.05039258838107E-31,0.));
#1936=DIRECTION('',(-0.707106781186545,-0.70710678118655,0.));
#1937=DIRECTION('center_axis',(0.,0.,1.));
#1938=DIRECTION('ref_axis',(1.,0.,0.));
#1939=DIRECTION('center_axis',(0.,0.,-1.));
#1940=DIRECTION('ref_axis',(-0.707106781186547,-0.707106781186548,0.));
#1941=DIRECTION('',(0.,1.,0.));
#1942=DIRECTION('center_axis',(0.,0.,-1.));
#1943=DIRECTION('ref_axis',(-0.707106781186547,0.707106781186548,0.));
#1944=DIRECTION('',(1.,0.,0.));
#1945=DIRECTION('center_axis',(0.,0.,-1.));
#1946=DIRECTION('ref_axis',(0.707106781186547,0.707106781186548,0.));
#1947=DIRECTION('',(0.,-1.,0.));
#1948=DIRECTION('center_axis',(0.,0.,-1.));
#1949=DIRECTION('ref_axis',(0.707106781186547,-0.707106781186548,0.));
#1950=DIRECTION('',(1.,0.,0.));
#1951=DIRECTION('center_axis',(0.,0.,-1.));
#1952=DIRECTION('ref_axis',(0.707106781186547,-0.707106781186547,0.));
#1953=DIRECTION('',(0.,1.,0.));
#1954=DIRECTION('center_axis',(0.,0.,-1.));
#1955=DIRECTION('ref_axis',(0.707106781186547,0.707106781186547,0.));
#1956=DIRECTION('',(-1.,0.,0.));
#1957=DIRECTION('center_axis',(0.,0.,-1.));
#1958=DIRECTION('ref_axis',(-0.707106781186547,0.707106781186547,0.));
#1959=DIRECTION('',(0.,-1.,0.));
#1960=DIRECTION('center_axis',(0.,0.,-1.));
#1961=DIRECTION('ref_axis',(-0.707106781186547,-0.707106781186547,0.));
#1962=DIRECTION('',(1.,0.,0.));
#1963=DIRECTION('center_axis',(-0.707106781186551,-0.707106781186544,1.0215486689892E-30));
#1964=DIRECTION('ref_axis',(1.4446879823087E-30,0.,1.));
#1965=DIRECTION('',(0.,-1.44468798230871E-30,-1.));
#1966=DIRECTION('',(0.707106781186544,-0.707106781186551,0.));
#1967=DIRECTION('',(0.,1.44468798230871E-30,1.));
#1968=DIRECTION('center_axis',(0.70710678118655,-0.707106781186545,1.0215486689892E-30));
#1969=DIRECTION('ref_axis',(1.4446879823087E-30,0.,-1.));
#1970=DIRECTION('',(0.,-1.44468798230871E-30,-1.));
#1971=DIRECTION('',(0.707106781186545,0.70710678118655,0.));
#1972=DIRECTION('center_axis',(0.,-1.,0.));
#1973=DIRECTION('ref_axis',(-4.05112687785029E-9,-7.92248249451203E-31,
-1.));
#1974=DIRECTION('',(2.86457873763248E-9,0.707106781186551,0.707106781186544));
#1975=DIRECTION('center_axis',(-6.05039258838107E-31,1.,-1.44468798230871E-30));
#1976=DIRECTION('ref_axis',(-4.05112687785029E-9,0.,-1.));
#1977=DIRECTION('center_axis',(6.05039258838107E-31,-1.,1.44468798230871E-30));
#1978=DIRECTION('ref_axis',(-4.05112687785029E-9,-1.4446879847598E-30,-1.));
#1979=DIRECTION('center_axis',(4.27827362808506E-31,-0.707106781186544,
0.707106781186551));
#1980=DIRECTION('ref_axis',(1.,0.,-6.05039258838101E-31));
#1981=DIRECTION('',(-6.54205191118237E-16,0.707106781186551,0.707106781186544));
#1982=DIRECTION('',(-1.,-6.05039258838107E-31,0.));
#1983=DIRECTION('',(1.,6.05039258838107E-31,0.));
#1984=DIRECTION('center_axis',(0.,-1.,0.));
#1985=DIRECTION('ref_axis',(1.,3.31795719272018E-31,-4.05112648134207E-9));
#1986=DIRECTION('center_axis',(-6.05039258838107E-31,1.,-1.44468798230871E-30));
#1987=DIRECTION('ref_axis',(1.,0.,-4.05112648134207E-9));
#1988=DIRECTION('center_axis',(6.05039258838107E-31,-1.,1.44468798230871E-30));
#1989=DIRECTION('ref_axis',(1.,6.05039252985493E-31,-4.05112648134207E-9));
#1990=DIRECTION('center_axis',(0.,1.,0.));
#1991=DIRECTION('ref_axis',(-4.05112687785029E-9,0.,-1.));
#1992=DIRECTION('',(0.,1.,0.));
#1993=DIRECTION('center_axis',(0.,0.,-1.));
#1994=DIRECTION('ref_axis',(-1.,0.,0.));
#1995=DIRECTION('',(0.,1.,0.));
#1996=DIRECTION('center_axis',(0.,1.,0.));
#1997=DIRECTION('ref_axis',(1.,0.,-4.05112648134207E-9));
#1998=DIRECTION('',(0.,1.,0.));
#1999=DIRECTION('center_axis',(1.,0.,0.));
#2000=DIRECTION('ref_axis',(0.,0.,-1.));
#2001=DIRECTION('center_axis',(-6.05039258838107E-31,1.,-1.44468798230871E-30));
#2002=DIRECTION('ref_axis',(0.,1.44468798230871E-30,1.));
#2003=DIRECTION('',(0.,0.,1.));
#2004=DIRECTION('center_axis',(0.,1.,0.));
#2005=DIRECTION('ref_axis',(-4.051125657825E-9,0.,-1.));
#2006=DIRECTION('',(-1.,0.,0.));
#2007=DIRECTION('center_axis',(0.,1.,0.));
#2008=DIRECTION('ref_axis',(1.,0.,-4.05112693885155E-9));
#2009=DIRECTION('',(0.,0.,-1.));
#2010=DIRECTION('',(0.707106781186549,-0.707106781186546,0.));
#2011=DIRECTION('',(2.61682076447296E-16,-0.707106781186547,-0.707106781186549));
#2012=DIRECTION('center_axis',(-7.930973620782E-17,-0.707106781186549,0.707106781186546));
#2013=DIRECTION('ref_axis',(1.,0.,1.12160904573332E-16));
#2014=DIRECTION('',(-1.,0.,-1.12160904573332E-16));
#2015=DIRECTION('',(5.23364152894593E-16,-0.707106781186546,-0.707106781186549));
#2016=DIRECTION('',(-0.707106781186549,-0.707106781186547,0.));
#2017=DIRECTION('center_axis',(0.707106781186546,-0.707106781186549,0.));
#2018=DIRECTION('ref_axis',(0.,0.,-1.));
#2019=DIRECTION('',(0.,0.,1.));
#2020=DIRECTION('center_axis',(-0.707106781186546,-0.707106781186549,0.));
#2021=DIRECTION('ref_axis',(0.,0.,1.));
#2022=DIRECTION('',(0.,0.,-1.));
#2023=DIRECTION('center_axis',(0.,-1.,0.));
#2024=DIRECTION('ref_axis',(1.,0.,0.));
#2025=DIRECTION('',(0.,0.,1.));
#2026=DIRECTION('',(-1.,0.,0.));
#2027=DIRECTION('',(0.,0.,-1.));
#2028=DIRECTION('center_axis',(0.,0.,-1.));
#2029=DIRECTION('ref_axis',(1.,0.,0.));
#2030=DIRECTION('center_axis',(0.,0.,-1.));
#2031=DIRECTION('ref_axis',(1.,0.,0.));
#2032=DIRECTION('',(0.707106781186548,-8.65956056235494E-17,0.707106781186547));
#2033=DIRECTION('center_axis',(0.,0.,1.));
#2034=DIRECTION('ref_axis',(1.,0.,0.));
#2035=DIRECTION('center_axis',(0.,0.,1.));
#2036=DIRECTION('ref_axis',(1.,0.,0.));
#2037=DIRECTION('center_axis',(0.,0.,1.));
#2038=DIRECTION('ref_axis',(-0.707106781186547,-0.707106781186547,0.));
#2039=DIRECTION('',(0.,-1.,0.));
#2040=DIRECTION('center_axis',(0.,0.,1.));
#2041=DIRECTION('ref_axis',(-0.707106781186547,0.707106781186547,0.));
#2042=DIRECTION('',(-1.,0.,0.));
#2043=DIRECTION('center_axis',(0.,0.,1.));
#2044=DIRECTION('ref_axis',(0.707106781186547,0.707106781186547,0.));
#2045=DIRECTION('',(0.,1.,0.));
#2046=DIRECTION('center_axis',(0.,0.,1.));
#2047=DIRECTION('ref_axis',(0.707106781186547,-0.707106781186547,0.));
#2048=DIRECTION('',(1.,0.,0.));
#2049=DIRECTION('center_axis',(0.,0.,-1.));
#2050=DIRECTION('ref_axis',(1.,0.,0.));
#2051=DIRECTION('center_axis',(0.,0.,-1.));
#2052=DIRECTION('ref_axis',(1.,0.,0.));
#2053=DIRECTION('center_axis',(0.,0.,-1.));
#2054=DIRECTION('ref_axis',(1.,0.,0.));
#2055=DIRECTION('center_axis',(0.,0.,1.));
#2056=DIRECTION('ref_axis',(1.,0.,0.));
#2057=DIRECTION('',(0.,0.,1.));
#2058=DIRECTION('center_axis',(0.,0.,-1.));
#2059=DIRECTION('ref_axis',(1.,0.,0.));
#2060=DIRECTION('center_axis',(0.,0.,-1.));
#2061=DIRECTION('ref_axis',(1.,0.,0.));
#2062=DIRECTION('',(0.707106781186548,-8.65956056235494E-17,0.707106781186547));
#2063=DIRECTION('center_axis',(0.,0.,1.));
#2064=DIRECTION('ref_axis',(1.,0.,0.));
#2065=DIRECTION('center_axis',(0.,0.,1.));
#2066=DIRECTION('ref_axis',(1.,0.,0.));
#2067=DIRECTION('',(0.,0.,1.));
#2068=DIRECTION('center_axis',(0.,0.,-1.));
#2069=DIRECTION('ref_axis',(1.,0.,0.));
#2070=DIRECTION('center_axis',(0.,0.,-1.));
#2071=DIRECTION('ref_axis',(1.,0.,0.));
#2072=DIRECTION('',(0.707106781186548,-8.65956056235494E-17,0.707106781186547));
#2073=DIRECTION('center_axis',(0.,0.,1.));
#2074=DIRECTION('ref_axis',(1.,0.,0.));
#2075=DIRECTION('center_axis',(0.,0.,1.));
#2076=DIRECTION('ref_axis',(1.,0.,0.));
#2077=DIRECTION('',(0.,0.,1.));
#2078=DIRECTION('center_axis',(0.,0.,-1.));
#2079=DIRECTION('ref_axis',(1.,0.,0.));
#2080=DIRECTION('center_axis',(0.,0.,-1.));
#2081=DIRECTION('ref_axis',(1.,0.,0.));
#2082=DIRECTION('',(0.707106781186548,-8.65956056235494E-17,0.707106781186547));
#2083=DIRECTION('center_axis',(0.,0.,1.));
#2084=DIRECTION('ref_axis',(1.,0.,0.));
#2085=DIRECTION('center_axis',(0.,0.,1.));
#2086=DIRECTION('ref_axis',(1.,0.,0.));
#2087=DIRECTION('',(0.,0.,1.));
#2088=DIRECTION('center_axis',(0.,0.,-1.));
#2089=DIRECTION('ref_axis',(1.,0.,0.));
#2090=DIRECTION('center_axis',(0.,0.,1.));
#2091=DIRECTION('ref_axis',(-0.707106781186547,-0.707106781186547,0.));
#2092=DIRECTION('',(0.,-0.707106781186544,0.707106781186551));
#2093=DIRECTION('center_axis',(0.,0.,-1.));
#2094=DIRECTION('ref_axis',(-0.707106781186547,-0.707106781186547,0.));
#2095=DIRECTION('',(0.707106781186548,0.,-0.707106781186547));
#2096=DIRECTION('center_axis',(0.,-0.707106781186547,-0.707106781186548));
#2097=DIRECTION('ref_axis',(-1.,0.,0.));
#2098=DIRECTION('',(0.,-0.707106781186548,0.707106781186547));
#2099=DIRECTION('center_axis',(0.,0.,1.));
#2100=DIRECTION('ref_axis',(0.707106781186547,-0.707106781186547,0.));
#2101=DIRECTION('',(0.707106781186548,0.,0.707106781186547));
#2102=DIRECTION('center_axis',(0.,0.,-1.));
#2103=DIRECTION('ref_axis',(0.707106781186547,-0.707106781186547,0.));
#2104=DIRECTION('center_axis',(0.707106781186547,0.,-0.707106781186548));
#2105=DIRECTION('ref_axis',(-0.707106781186548,0.,-0.707106781186547));
#2106=DIRECTION('',(0.707106781186548,0.,0.707106781186547));
#2107=DIRECTION('',(0.,-1.,0.));
#2108=DIRECTION('center_axis',(0.,0.,1.));
#2109=DIRECTION('ref_axis',(0.707106781186547,0.707106781186547,0.));
#2110=DIRECTION('',(0.,0.707106781186544,0.707106781186551));
#2111=DIRECTION('center_axis',(0.,0.,-1.));
#2112=DIRECTION('ref_axis',(0.707106781186547,0.707106781186547,0.));
#2113=DIRECTION('center_axis',(0.,0.707106781186547,-0.707106781186548));
#2114=DIRECTION('ref_axis',(-1.,0.,0.));
#2115=DIRECTION('',(0.,0.707106781186548,0.707106781186547));
#2116=DIRECTION('',(1.,0.,0.));
#2117=DIRECTION('center_axis',(0.,0.,1.));
#2118=DIRECTION('ref_axis',(-0.707106781186547,0.707106781186547,0.));
#2119=DIRECTION('',(-0.707106781186548,0.,0.707106781186547));
#2120=DIRECTION('center_axis',(0.,0.,-1.));
#2121=DIRECTION('ref_axis',(-0.707106781186547,0.707106781186547,0.));
#2122=DIRECTION('center_axis',(-0.707106781186547,0.,-0.707106781186548));
#2123=DIRECTION('ref_axis',(-0.707106781186548,0.,0.707106781186547));
#2124=DIRECTION('',(0.,1.,0.));
#2125=DIRECTION('center_axis',(0.,1.,0.));
#2126=DIRECTION('ref_axis',(-1.,0.,0.));
#2127=DIRECTION('',(0.,0.,-1.));
#2128=DIRECTION('',(0.,0.,1.));
#2129=DIRECTION('center_axis',(0.,0.,1.));
#2130=DIRECTION('ref_axis',(-0.707106781186547,0.707106781186547,0.));
#2131=DIRECTION('',(0.,0.,1.));
#2132=DIRECTION('center_axis',(-1.,0.,0.));
#2133=DIRECTION('ref_axis',(0.,-1.,0.));
#2134=DIRECTION('',(0.,0.,-1.));
#2135=DIRECTION('center_axis',(0.,0.,1.));
#2136=DIRECTION('ref_axis',(-0.707106781186547,-0.707106781186547,0.));
#2137=DIRECTION('center_axis',(0.,0.,1.));
#2138=DIRECTION('ref_axis',(-0.707106781186547,-0.707106781186548,0.));
#2139=DIRECTION('',(0.,0.,-1.));
#2140=DIRECTION('center_axis',(0.,0.,1.));
#2141=DIRECTION('ref_axis',(0.707106781186547,-0.707106781186548,0.));
#2142=DIRECTION('',(0.,0.,1.));
#2143=DIRECTION('center_axis',(0.,0.,1.));
#2144=DIRECTION('ref_axis',(0.707106781186547,0.707106781186548,0.));
#2145=DIRECTION('',(0.,0.,-1.));
#2146=DIRECTION('',(0.,0.,1.));
#2147=DIRECTION('center_axis',(0.,1.,0.));
#2148=DIRECTION('ref_axis',(-1.,0.,0.));
#2149=DIRECTION('',(0.,0.,-1.));
#2150=DIRECTION('center_axis',(0.,0.,1.));
#2151=DIRECTION('ref_axis',(-0.707106781186547,0.707106781186548,0.));
#2152=DIRECTION('',(0.,0.,1.));
#2153=DIRECTION('center_axis',(-1.,0.,0.));
#2154=DIRECTION('ref_axis',(0.,-1.,0.));
#2155=DIRECTION('center_axis',(0.,0.,1.));
#2156=DIRECTION('ref_axis',(0.707106781186546,0.707106781186549,0.));
#2157=DIRECTION('center_axis',(0.,0.,1.));
#2158=DIRECTION('ref_axis',(0.707106781186546,0.707106781186549,0.));
#2159=DIRECTION('',(0.,0.,1.));
#2160=DIRECTION('',(0.,0.,-1.));
#2161=DIRECTION('center_axis',(0.,0.,1.));
#2162=DIRECTION('ref_axis',(1.,0.,0.));
#2163=DIRECTION('',(-1.,0.,0.));
#2164=DIRECTION('center_axis',(0.,0.,1.));
#2165=DIRECTION('ref_axis',(-0.707106781186548,0.707106781186548,0.));
#2166=DIRECTION('',(0.,-1.,0.));
#2167=DIRECTION('center_axis',(0.,0.,1.));
#2168=DIRECTION('ref_axis',(-0.707106781186546,-0.707106781186549,0.));
#2169=DIRECTION('center_axis',(0.,0.,1.));
#2170=DIRECTION('ref_axis',(0.707106781186548,-0.707106781186548,0.));
#2171=DIRECTION('',(0.,1.,0.));
#2172=DIRECTION('center_axis',(0.,0.,-1.));
#2173=DIRECTION('ref_axis',(1.,0.,0.));
#2174=DIRECTION('center_axis',(0.,0.,-1.));
#2175=DIRECTION('ref_axis',(1.,0.,0.));
#2176=DIRECTION('center_axis',(0.,0.,-1.));
#2177=DIRECTION('ref_axis',(1.,0.,0.));
#2178=DIRECTION('center_axis',(0.,0.,-1.));
#2179=DIRECTION('ref_axis',(1.,0.,0.));
#2180=DIRECTION('center_axis',(0.,1.,0.));
#2181=DIRECTION('ref_axis',(-1.,0.,0.));
#2182=DIRECTION('',(0.,0.,1.));
#2183=DIRECTION('center_axis',(0.,0.,1.));
#2184=DIRECTION('ref_axis',(-0.707106781186548,0.707106781186548,0.));
#2185=DIRECTION('',(0.,0.,-1.));
#2186=DIRECTION('center_axis',(0.,0.,1.));
#2187=DIRECTION('ref_axis',(-0.707106781186546,-0.707106781186549,0.));
#2188=DIRECTION('',(0.,0.,1.));
#2189=DIRECTION('center_axis',(0.,0.,1.));
#2190=DIRECTION('ref_axis',(0.707106781186548,-0.707106781186548,0.));
#2191=DIRECTION('',(0.,0.,-1.));
#2192=DIRECTION('center_axis',(1.,0.,0.));
#2193=DIRECTION('ref_axis',(0.,1.,0.));
#2194=DIRECTION('center_axis',(1.,0.,0.));
#2195=DIRECTION('ref_axis',(0.,1.,0.));
#2196=DIRECTION('center_axis',(0.,0.,1.));
#2197=DIRECTION('ref_axis',(1.,0.,0.));
#2198=DIRECTION('center_axis',(0.,0.,1.));
#2199=DIRECTION('ref_axis',(1.,0.,0.));
#2200=DIRECTION('',(0.,0.,-1.));
#2201=DIRECTION('center_axis',(0.,0.,1.));
#2202=DIRECTION('ref_axis',(1.,0.,0.));
#2203=DIRECTION('center_axis',(0.,0.,1.));
#2204=DIRECTION('ref_axis',(1.,0.,0.));
#2205=DIRECTION('center_axis',(0.,0.,1.));
#2206=DIRECTION('ref_axis',(1.,0.,0.));
#2207=DIRECTION('',(0.,0.,-1.));
#2208=DIRECTION('center_axis',(0.,0.,1.));
#2209=DIRECTION('ref_axis',(1.,0.,0.));
#2210=DIRECTION('center_axis',(0.,0.,1.));
#2211=DIRECTION('ref_axis',(1.,0.,0.));
#2212=DIRECTION('center_axis',(0.,0.,1.));
#2213=DIRECTION('ref_axis',(1.,0.,0.));
#2214=DIRECTION('',(0.,0.,-1.));
#2215=DIRECTION('center_axis',(0.,0.,1.));
#2216=DIRECTION('ref_axis',(1.,0.,0.));
#2217=DIRECTION('center_axis',(0.,0.,1.));
#2218=DIRECTION('ref_axis',(1.,0.,0.));
#2219=DIRECTION('center_axis',(0.,0.,1.));
#2220=DIRECTION('ref_axis',(1.,0.,0.));
#2221=DIRECTION('',(0.,0.,-1.));
#2222=DIRECTION('center_axis',(0.,0.,1.));
#2223=DIRECTION('ref_axis',(1.,0.,0.));
#2224=DIRECTION('center_axis',(-1.,0.,0.));
#2225=DIRECTION('ref_axis',(0.,-1.,0.));
#2226=DIRECTION('center_axis',(0.,0.,1.));
#2227=DIRECTION('ref_axis',(0.707106781186547,-0.707106781186547,0.));
#2228=DIRECTION('',(0.,0.,1.));
#2229=DIRECTION('center_axis',(1.,0.,0.));
#2230=DIRECTION('ref_axis',(0.,1.,0.));
#2231=DIRECTION('',(0.,0.,-1.));
#2232=DIRECTION('center_axis',(0.,0.,1.));
#2233=DIRECTION('ref_axis',(0.707106781186547,0.707106781186547,0.));
#2234=CARTESIAN_POINT('',(0.,0.,0.));
#2235=CARTESIAN_POINT('Origin',(1.00544155877284,-4.37,0.17));
#2236=CARTESIAN_POINT('',(1.00544155877284,-4.33,-0.00999999999999998));
#2237=CARTESIAN_POINT('',(1.13272077938642,-4.33,0.0427207793864215));
#2238=CARTESIAN_POINT('Origin',(1.00544155877284,-4.33,0.17));
#2239=CARTESIAN_POINT('',(1.00544155877284,-4.42,-0.00999999999999998));
#2240=CARTESIAN_POINT('',(1.00544155877284,-4.37,-0.00999999999999998));
#2241=CARTESIAN_POINT('',(1.13272077938642,-4.42,0.0427207793864215));
#2242=CARTESIAN_POINT('Origin',(1.00544155877284,-4.42,0.17));
#2243=CARTESIAN_POINT('',(1.13272077938642,-4.37,0.0427207793864215));
#2244=CARTESIAN_POINT('Origin',(1.44606601717798,-4.37,0.356066017177982));
#2245=CARTESIAN_POINT('',(1.44606601717798,-4.33,0.356066017177982));
#2246=CARTESIAN_POINT('',(0.198033008588991,-4.33,-0.891966991411009));
#2247=CARTESIAN_POINT('',(1.44606601717798,-4.42,0.356066017177982));
#2248=CARTESIAN_POINT('',(0.403033008588991,-4.42,-0.686966991411009));
#2249=CARTESIAN_POINT('',(1.44606601717798,-4.37,0.356066017177982));
#2250=CARTESIAN_POINT('Origin',(1.55213203435596,-4.37,0.250000000000001));
#2251=CARTESIAN_POINT('',(1.55213203435596,-4.33,0.4));
#2252=CARTESIAN_POINT('Origin',(1.55213203435596,-4.33,0.250000000000001));
#2253=CARTESIAN_POINT('',(1.55213203435596,-4.42,0.4));
#2254=CARTESIAN_POINT('Origin',(1.55213203435596,-4.42,0.250000000000001));
#2255=CARTESIAN_POINT('',(1.55213203435596,-4.37,0.4));
#2256=CARTESIAN_POINT('Origin',(-1.82213203435596,-4.37,0.25));
#2257=CARTESIAN_POINT('',(-1.82213203435596,-4.33,0.4));
#2258=CARTESIAN_POINT('',(-1.71606601717798,-4.33,0.356066017177982));
#2259=CARTESIAN_POINT('Origin',(-1.82213203435596,-4.33,0.25));
#2260=CARTESIAN_POINT('',(-1.82213203435596,-4.42,0.4));
#2261=CARTESIAN_POINT('',(-1.82213203435596,-4.37,0.4));
#2262=CARTESIAN_POINT('',(-1.71606601717798,-4.42,0.356066017177982));
#2263=CARTESIAN_POINT('Origin',(-1.82213203435596,-4.42,0.25));
#2264=CARTESIAN_POINT('',(-1.71606601717798,-4.37,0.356066017177982));
#2265=CARTESIAN_POINT('Origin',(-1.40272077938642,-4.37,0.0427207793864214));
#2266=CARTESIAN_POINT('',(-1.40272077938642,-4.33,0.0427207793864213));
#2267=CARTESIAN_POINT('',(-1.50886038969321,-4.33,0.148860389693211));
#2268=CARTESIAN_POINT('',(-1.40272077938642,-4.42,0.0427207793864213));
#2269=CARTESIAN_POINT('',(-1.75886038969321,-4.42,0.398860389693211));
#2270=CARTESIAN_POINT('',(-1.40272077938642,-4.37,0.0427207793864213));
#2271=CARTESIAN_POINT('Origin',(-1.27544155877284,-4.37,0.17));
#2272=CARTESIAN_POINT('',(-1.27544155877284,-4.33,-0.01));
#2273=CARTESIAN_POINT('Origin',(-1.27544155877284,-4.33,0.17));
#2274=CARTESIAN_POINT('',(-1.27544155877284,-4.42,-0.01));
#2275=CARTESIAN_POINT('Origin',(-1.27544155877284,-4.42,0.17));
#2276=CARTESIAN_POINT('',(-1.27544155877284,-4.37,-0.01));
#2277=CARTESIAN_POINT('Origin',(-1.005,-4.37,-0.01));
#2278=CARTESIAN_POINT('',(-1.005,-4.33,-0.01));
#2279=CARTESIAN_POINT('',(-1.7675,-4.33,-0.01));
#2280=CARTESIAN_POINT('',(-1.005,-4.42,-0.01));
#2281=CARTESIAN_POINT('',(-1.8125,-4.42,-0.01));
#2282=CARTESIAN_POINT('',(-1.005,-4.37,-0.01));
#2283=CARTESIAN_POINT('Origin',(-1.005,-4.37,-0.16));
#2284=CARTESIAN_POINT('',(-1.005,-4.33,-0.16));
#2285=CARTESIAN_POINT('',(-1.005,-4.33,-0.41));
#2286=CARTESIAN_POINT('',(-1.005,-4.42,-0.16));
#2287=CARTESIAN_POINT('',(-1.005,-4.42,0.045));
#2288=CARTESIAN_POINT('',(-1.005,-4.37,-0.16));
#2289=CARTESIAN_POINT('Origin',(0.735,-4.37,-0.01));
#2290=CARTESIAN_POINT('',(0.735,-4.33,-0.16));
#2291=CARTESIAN_POINT('',(0.735,-4.33,-0.01));
#2292=CARTESIAN_POINT('',(0.735,-4.33,-0.335));
#2293=CARTESIAN_POINT('',(0.735,-4.42,-0.16));
#2294=CARTESIAN_POINT('',(0.735,-4.37,-0.16));
#2295=CARTESIAN_POINT('',(0.735,-4.42,-0.01));
#2296=CARTESIAN_POINT('',(0.735,-4.42,0.12));
#2297=CARTESIAN_POINT('',(0.735,-4.37,-0.01));
#2298=CARTESIAN_POINT('Origin',(1.00544155877284,-4.37,-0.01));
#2299=CARTESIAN_POINT('',(-0.762279220613579,-4.33,-0.01));
#2300=CARTESIAN_POINT('',(-0.807279220613578,-4.42,-0.01));
#2301=CARTESIAN_POINT('Origin',(0.,0.,0.4));
#2302=CARTESIAN_POINT('',(2.25,-4.42,0.4));
#2303=CARTESIAN_POINT('',(-2.62,-4.42,0.4));
#2304=CARTESIAN_POINT('',(2.62,-4.05,0.4));
#2305=CARTESIAN_POINT('Origin',(2.25,-4.05,0.4));
#2306=CARTESIAN_POINT('',(2.62,4.05,0.4));
#2307=CARTESIAN_POINT('',(2.62,-4.42,0.4));
#2308=CARTESIAN_POINT('',(2.25,4.42,0.4));
#2309=CARTESIAN_POINT('Origin',(2.25,4.05,0.4));
#2310=CARTESIAN_POINT('',(-2.25,4.42,0.4));
#2311=CARTESIAN_POINT('',(2.62,4.42,0.4));
#2312=CARTESIAN_POINT('',(-2.62,4.05,0.4));
#2313=CARTESIAN_POINT('Origin',(-2.25,4.05,0.4));
#2314=CARTESIAN_POINT('',(-2.62,-4.05,0.4));
#2315=CARTESIAN_POINT('',(-2.62,4.42,0.4));
#2316=CARTESIAN_POINT('',(-2.25,-4.42,0.4));
#2317=CARTESIAN_POINT('Origin',(-2.25,-4.05,0.4));
#2318=CARTESIAN_POINT('',(-2.62,-4.42,0.4));
#2319=CARTESIAN_POINT('',(-2.25,-4.33,0.4));
#2320=CARTESIAN_POINT('',(-2.53,-4.33,0.4));
#2321=CARTESIAN_POINT('',(-2.53,-4.05,0.4));
#2322=CARTESIAN_POINT('Origin',(-2.25,-4.05,0.4));
#2323=CARTESIAN_POINT('',(-2.53,4.05,0.4));
#2324=CARTESIAN_POINT('',(-2.53,4.33,0.4));
#2325=CARTESIAN_POINT('',(-2.25,4.33,0.4));
#2326=CARTESIAN_POINT('Origin',(-2.25,4.05,0.4));
#2327=CARTESIAN_POINT('',(2.25,4.33,0.4));
#2328=CARTESIAN_POINT('',(2.53,4.33,0.4));
#2329=CARTESIAN_POINT('',(2.53,4.05,0.4));
#2330=CARTESIAN_POINT('Origin',(2.25,4.05,0.4));
#2331=CARTESIAN_POINT('',(2.53,-4.05,0.4));
#2332=CARTESIAN_POINT('',(2.53,-4.33,0.4));
#2333=CARTESIAN_POINT('',(2.25,-4.33,0.4));
#2334=CARTESIAN_POINT('Origin',(2.25,-4.05,0.4));
#2335=CARTESIAN_POINT('',(-2.53,-4.33,0.4));
#2336=CARTESIAN_POINT('Origin',(-2.62,-4.42,0.25));
#2337=CARTESIAN_POINT('',(-2.25,-4.42,0.25));
#2338=CARTESIAN_POINT('',(-2.25,-4.42,0.25));
#2339=CARTESIAN_POINT('',(-1.82213203435596,-4.42,0.25));
#2340=CARTESIAN_POINT('',(-1.31,-4.42,0.25));
#2341=CARTESIAN_POINT('',(-1.71606601717798,-4.42,0.206066017177982));
#2342=CARTESIAN_POINT('Origin',(-1.82213203435596,-4.42,0.0999999999999998));
#2343=CARTESIAN_POINT('',(-1.40272077938642,-4.42,-0.107279220613579));
#2344=CARTESIAN_POINT('',(-1.71606601717798,-4.42,0.206066017177982));
#2345=CARTESIAN_POINT('',(-1.27544155877284,-4.42,-0.16));
#2346=CARTESIAN_POINT('Origin',(-1.27544155877284,-4.42,0.02));
#2347=CARTESIAN_POINT('',(-1.27544155877284,-4.42,-0.16));
#2348=CARTESIAN_POINT('Origin',(-2.62,-4.42,0.25));
#2349=CARTESIAN_POINT('',(1.00544155877284,-4.42,-0.16));
#2350=CARTESIAN_POINT('',(-1.27544155877284,-4.42,-0.16));
#2351=CARTESIAN_POINT('',(1.13272077938642,-4.42,-0.107279220613579));
#2352=CARTESIAN_POINT('Origin',(1.00544155877284,-4.42,0.0200000000000003));
#2353=CARTESIAN_POINT('',(1.44606601717798,-4.42,0.206066017177982));
#2354=CARTESIAN_POINT('',(1.13272077938642,-4.42,-0.107279220613579));
#2355=CARTESIAN_POINT('',(1.55213203435596,-4.42,0.25));
#2356=CARTESIAN_POINT('Origin',(1.55213203435596,-4.42,0.100000000000001));
#2357=CARTESIAN_POINT('',(2.25,-4.42,0.25));
#2358=CARTESIAN_POINT('',(-1.31,-4.42,0.25));
#2359=CARTESIAN_POINT('',(2.25,-4.42,0.25));
#2360=CARTESIAN_POINT('Origin',(-2.53,-4.33,-0.66));
#2361=CARTESIAN_POINT('',(0.335,-4.33,-0.16));
#2362=CARTESIAN_POINT('',(-0.8975,-4.33,-0.16));
#2363=CARTESIAN_POINT('',(2.25,-4.33,-0.66));
#2364=CARTESIAN_POINT('',(2.25,-4.33,-0.66));
#2365=CARTESIAN_POINT('',(-2.25,-4.33,-0.66));
#2366=CARTESIAN_POINT('',(-2.53,-4.33,-0.66));
#2367=CARTESIAN_POINT('',(-2.25,-4.33,-0.66));
#2368=CARTESIAN_POINT('',(-0.605,-4.33,-0.16));
#2369=CARTESIAN_POINT('',(-0.8975,-4.33,-0.16));
#2370=CARTESIAN_POINT('',(-0.605,-4.33,-0.205));
#2371=CARTESIAN_POINT('',(-0.605,-4.33,-0.4325));
#2372=CARTESIAN_POINT('',(-0.465,-4.33,-0.345));
#2373=CARTESIAN_POINT('Origin',(-0.464999999432842,-4.33,-0.204999999432842));
#2374=CARTESIAN_POINT('',(0.195,-4.33,-0.345));
#2375=CARTESIAN_POINT('',(-1.1675,-4.33,-0.345));
#2376=CARTESIAN_POINT('',(0.335,-4.33,-0.205));
#2377=CARTESIAN_POINT('Origin',(0.194999999432842,-4.33,-0.204999999432842));
#2378=CARTESIAN_POINT('',(0.335,-4.33,-0.3875));
#2379=CARTESIAN_POINT('Origin',(-0.605,-4.37,-0.205));
#2380=CARTESIAN_POINT('',(-0.605,-4.38,-0.16));
#2381=CARTESIAN_POINT('',(-0.605,-4.37,-0.16));
#2382=CARTESIAN_POINT('',(-0.605,-4.38,-0.205));
#2383=CARTESIAN_POINT('',(-0.605,-4.38,-0.1825));
#2384=CARTESIAN_POINT('',(-0.605,-4.37,-0.205));
#2385=CARTESIAN_POINT('Origin',(-1.40272077938642,-4.51,-0.107279220613579));
#2386=CARTESIAN_POINT('',(-1.40272077938642,-4.53,-0.107279220613579));
#2387=CARTESIAN_POINT('',(-1.71606601717798,-4.53,0.206066017177982));
#2388=CARTESIAN_POINT('',(-1.54636038969321,-4.53,0.0363603896932108));
#2389=CARTESIAN_POINT('',(-1.40272077938642,-4.51,-0.107279220613579));
#2390=CARTESIAN_POINT('',(-1.71606601717798,-4.51,0.206066017177982));
#2391=CARTESIAN_POINT('Origin',(-1.82213203435596,-4.51,0.0999999999999998));
#2392=CARTESIAN_POINT('',(-1.82213203435596,-4.53,0.25));
#2393=CARTESIAN_POINT('Origin',(-1.82213203435596,-4.53,0.0999999999999998));
#2394=CARTESIAN_POINT('',(-1.82213203435596,-4.51,0.25));
#2395=CARTESIAN_POINT('Origin',(1.55213203435596,-4.51,0.100000000000001));
#2396=CARTESIAN_POINT('',(1.55213203435596,-4.53,0.25));
#2397=CARTESIAN_POINT('',(1.44606601717798,-4.53,0.206066017177982));
#2398=CARTESIAN_POINT('Origin',(1.55213203435596,-4.53,0.100000000000001));
#2399=CARTESIAN_POINT('',(1.55213203435596,-4.51,0.25));
#2400=CARTESIAN_POINT('',(1.44606601717798,-4.51,0.206066017177982));
#2401=CARTESIAN_POINT('Origin',(1.44606601717798,-4.51,0.206066017177982));
#2402=CARTESIAN_POINT('',(1.13272077938642,-4.53,-0.107279220613579));
#2403=CARTESIAN_POINT('',(0.135533008588991,-4.53,-1.10446699141101));
#2404=CARTESIAN_POINT('',(1.13272077938642,-4.51,-0.107279220613579));
#2405=CARTESIAN_POINT('Origin',(1.00544155877284,-4.51,0.0200000000000003));
#2406=CARTESIAN_POINT('',(1.00544155877284,-4.53,-0.16));
#2407=CARTESIAN_POINT('Origin',(1.00544155877284,-4.53,0.0200000000000003));
#2408=CARTESIAN_POINT('',(1.00544155877284,-4.51,-0.16));
#2409=CARTESIAN_POINT('Origin',(1.00544155877284,-4.51,-0.16));
#2410=CARTESIAN_POINT('',(0.735000000000001,-4.53,-0.16));
#2411=CARTESIAN_POINT('',(-0.862279220613579,-4.53,-0.16));
#2412=CARTESIAN_POINT('',(0.335,-4.38,-0.16));
#2413=CARTESIAN_POINT('',(0.335,-4.37,-0.16));
#2414=CARTESIAN_POINT('',(0.365,-4.41,-0.16));
#2415=CARTESIAN_POINT('',(0.439999999999999,-4.485,-0.16));
#2416=CARTESIAN_POINT('',(0.615,-4.41,-0.16));
#2417=CARTESIAN_POINT('',(0.3,-4.41,-0.16));
#2418=CARTESIAN_POINT('',(0.737610389693211,-4.53261038969321,-0.16));
#2419=CARTESIAN_POINT('Origin',(-1.27544155877284,-4.51,0.02));
#2420=CARTESIAN_POINT('',(-1.27544155877284,-4.53,-0.16));
#2421=CARTESIAN_POINT('Origin',(-1.27544155877284,-4.53,0.02));
#2422=CARTESIAN_POINT('',(-1.27544155877284,-4.51,-0.16));
#2423=CARTESIAN_POINT('Origin',(1.00544155877284,-4.51,-0.16));
#2424=CARTESIAN_POINT('',(-1.005,-4.53,-0.16));
#2425=CARTESIAN_POINT('',(-0.862279220613579,-4.53,-0.16));
#2426=CARTESIAN_POINT('',(-0.885,-4.41,-0.16));
#2427=CARTESIAN_POINT('',(-0.437389610306787,-3.96238961030679,-0.16));
#2428=CARTESIAN_POINT('',(-0.635,-4.41,-0.16));
#2429=CARTESIAN_POINT('',(0.3,-4.41,-0.16));
#2430=CARTESIAN_POINT('',(-0.275000000000003,-4.05,-0.16));
#2431=CARTESIAN_POINT('Origin',(0.,0.,0.25));
#2432=CARTESIAN_POINT('',(-2.62,-4.05,0.25));
#2433=CARTESIAN_POINT('Origin',(-2.25,-4.05,0.25));
#2434=CARTESIAN_POINT('',(-2.62,4.05,0.25));
#2435=CARTESIAN_POINT('',(-2.62,2.21,0.25));
#2436=CARTESIAN_POINT('',(-2.25,4.42,0.25));
#2437=CARTESIAN_POINT('Origin',(-2.25,4.05,0.25));
#2438=CARTESIAN_POINT('',(2.25,4.42,0.25));
#2439=CARTESIAN_POINT('',(1.31,4.42,0.25));
#2440=CARTESIAN_POINT('',(2.62,4.05,0.25));
#2441=CARTESIAN_POINT('Origin',(2.25,4.05,0.25));
#2442=CARTESIAN_POINT('',(2.62,-4.05,0.25));
#2443=CARTESIAN_POINT('',(2.62,-2.21,0.25));
#2444=CARTESIAN_POINT('Origin',(2.25,-4.05,0.25));
#2445=CARTESIAN_POINT('',(2.25,-4.53,0.25));
#2446=CARTESIAN_POINT('',(-2.73,-4.53,0.25));
#2447=CARTESIAN_POINT('',(2.73,-4.05,0.25));
#2448=CARTESIAN_POINT('Origin',(2.25,-4.05,0.25));
#2449=CARTESIAN_POINT('',(2.73,4.05,0.25));
#2450=CARTESIAN_POINT('',(2.73,-4.53,0.25));
#2451=CARTESIAN_POINT('',(2.25,4.53,0.25));
#2452=CARTESIAN_POINT('Origin',(2.25,4.05,0.25));
#2453=CARTESIAN_POINT('',(-2.25,4.53,0.25));
#2454=CARTESIAN_POINT('',(2.73,4.53,0.25));
#2455=CARTESIAN_POINT('',(-2.73,4.05,0.25));
#2456=CARTESIAN_POINT('Origin',(-2.25,4.05,0.25));
#2457=CARTESIAN_POINT('',(-2.73,-4.05,0.25));
#2458=CARTESIAN_POINT('',(-2.73,4.53,0.25));
#2459=CARTESIAN_POINT('',(-2.25,-4.53,0.25));
#2460=CARTESIAN_POINT('Origin',(-2.25,-4.05,0.25));
#2461=CARTESIAN_POINT('',(-2.73,-4.53,0.25));
#2462=CARTESIAN_POINT('Origin',(0.35,-4.395,-0.1375));
#2463=CARTESIAN_POINT('',(0.335,-4.38,-0.205));
#2464=CARTESIAN_POINT('',(0.335,-4.38,-0.1375));
#2465=CARTESIAN_POINT('',(0.365,-4.41,-0.205));
#2466=CARTESIAN_POINT('',(0.335,-4.38,-0.205));
#2467=CARTESIAN_POINT('',(0.365,-4.41,-0.1375));
#2468=CARTESIAN_POINT('Origin',(-0.62,-4.395,-0.1825));
#2469=CARTESIAN_POINT('',(-0.635,-4.41,-0.205));
#2470=CARTESIAN_POINT('',(-0.635,-4.41,-0.1825));
#2471=CARTESIAN_POINT('',(-0.635,-4.41,-0.205));
#2472=CARTESIAN_POINT('Origin',(-0.464999999432842,-4.395,-0.204999999432842));
#2473=CARTESIAN_POINT('',(-0.465000000121534,-4.41,-0.375));
#2474=CARTESIAN_POINT('',(-0.465,-4.38,-0.345));
#2475=CARTESIAN_POINT('',(-0.465000000121534,-4.41,-0.375));
#2476=CARTESIAN_POINT('Origin',(-0.464999999432842,-4.38,-0.204999999432842));
#2477=CARTESIAN_POINT('Origin',(-0.464999999432842,-4.41,-0.204999999432842));
#2478=CARTESIAN_POINT('Origin',(0.03,-4.395,-0.36));
#2479=CARTESIAN_POINT('',(0.195,-4.41,-0.375));
#2480=CARTESIAN_POINT('',(0.195,-4.38,-0.345));
#2481=CARTESIAN_POINT('',(0.195,-4.41,-0.375));
#2482=CARTESIAN_POINT('',(0.03,-4.38,-0.345));
#2483=CARTESIAN_POINT('',(0.03,-4.41,-0.375));
#2484=CARTESIAN_POINT('Origin',(0.194999999432842,-4.395,-0.204999999432842));
#2485=CARTESIAN_POINT('Origin',(0.194999999432842,-4.38,-0.204999999432842));
#2486=CARTESIAN_POINT('Origin',(0.194999999432842,-4.41,-0.204999999432842));
#2487=CARTESIAN_POINT('Origin',(-0.464999999432842,-4.37,-0.204999999432842));
#2488=CARTESIAN_POINT('',(-0.465,-4.37,-0.345));
#2489=CARTESIAN_POINT('Origin',(0.195,-4.37,-0.345));
#2490=CARTESIAN_POINT('',(0.195,-4.37,-0.345));
#2491=CARTESIAN_POINT('Origin',(0.194999999432842,-4.37,-0.204999999432842));
#2492=CARTESIAN_POINT('',(0.335,-4.37,-0.205));
#2493=CARTESIAN_POINT('Origin',(0.335,-4.37,-0.115));
#2494=CARTESIAN_POINT('Origin',(-0.135,-4.41,-0.16));
#2495=CARTESIAN_POINT('',(-0.885,-4.41,-0.26));
#2496=CARTESIAN_POINT('',(-0.885,-4.41,-0.26));
#2497=CARTESIAN_POINT('',(-0.625,-4.41,-0.52));
#2498=CARTESIAN_POINT('Origin',(-0.624999998946707,-4.41,-0.259999998946707));
#2499=CARTESIAN_POINT('',(0.355,-4.41,-0.52));
#2500=CARTESIAN_POINT('',(0.355,-4.41,-0.52));
#2501=CARTESIAN_POINT('',(0.615,-4.41,-0.26));
#2502=CARTESIAN_POINT('Origin',(0.354999998946707,-4.41,-0.259999998946707));
#2503=CARTESIAN_POINT('',(0.615,-4.41,-0.06));
#2504=CARTESIAN_POINT('Ctrl Pts',(0.615,-4.41,-0.26));
#2505=CARTESIAN_POINT('Ctrl Pts',(0.655,-4.45,-0.26));
#2506=CARTESIAN_POINT('Ctrl Pts',(0.695000000000001,-4.49,-0.26));
#2507=CARTESIAN_POINT('Ctrl Pts',(0.735000000000001,-4.53,-0.26));
#2508=CARTESIAN_POINT('Ctrl Pts',(0.614999999961418,-4.41,-0.26952380952381));
#2509=CARTESIAN_POINT('Ctrl Pts',(0.65505185621264,-4.45,-0.26950174390273));
#2510=CARTESIAN_POINT('Ctrl Pts',(0.694948143710197,-4.49,-0.269545875144889));
#2511=CARTESIAN_POINT('Ctrl Pts',(0.734999999961419,-4.53,-0.26952380952381));
#2512=CARTESIAN_POINT('Ctrl Pts',(0.613811027079784,-4.41,-0.294314006688443));
#2513=CARTESIAN_POINT('Ctrl Pts',(0.653870497185914,-4.45,-0.296054842568781));
#2514=CARTESIAN_POINT('Ctrl Pts',(0.69402088915687,-4.49,-0.297758031166299));
#2515=CARTESIAN_POINT('Ctrl Pts',(0.734080359263,-4.53,-0.299498867046637));
#2516=CARTESIAN_POINT('Ctrl Pts',(0.600049594978911,-4.41,-0.360201722169291));
#2517=CARTESIAN_POINT('Ctrl Pts',(0.639601668813205,-4.45,-0.370698791510251));
#2518=CARTESIAN_POINT('Ctrl Pts',(0.679048861100777,-4.49,-0.381177432982838));
#2519=CARTESIAN_POINT('Ctrl Pts',(0.718600934935071,-4.53,-0.391674502323798));
#2520=CARTESIAN_POINT('Ctrl Pts',(0.543801691520458,-4.41,-0.456802460705095));
#2521=CARTESIAN_POINT('Ctrl Pts',(0.575886127573773,-4.45,-0.484910896437273));
#2522=CARTESIAN_POINT('Ctrl Pts',(0.60802498757139,-4.49,-0.513037480755833));
#2523=CARTESIAN_POINT('Ctrl Pts',(0.640109423624705,-4.53,-0.541145916488011));
#2524=CARTESIAN_POINT('Ctrl Pts',(0.453162705551107,-4.41,-0.505362373070222));
#2525=CARTESIAN_POINT('Ctrl Pts',(0.46927237066186,-4.45,-0.542952090892974));
#2526=CARTESIAN_POINT('Ctrl Pts',(0.485410178850974,-4.49,-0.580292717667465));
#2527=CARTESIAN_POINT('Ctrl Pts',(0.501519843961728,-4.53,-0.617882435490217));
#2528=CARTESIAN_POINT('Ctrl Pts',(0.390112283353893,-4.41,-0.518219157577618));
#2529=CARTESIAN_POINT('Ctrl Pts',(0.395685020048627,-4.45,-0.557880017690065));
#2530=CARTESIAN_POINT('Ctrl Pts',(0.40122138359311,-4.49,-0.597670322849211));
#2531=CARTESIAN_POINT('Ctrl Pts',(0.406794120287845,-4.53,-0.637331182961659));
#2532=CARTESIAN_POINT('Ctrl Pts',(0.369585965875521,-4.41,-0.51999999994091));
#2533=CARTESIAN_POINT('Ctrl Pts',(0.371806327267776,-4.45,-0.560134111998888));
#2534=CARTESIAN_POINT('Ctrl Pts',(0.374097588733507,-4.49,-0.599865887855662));
#2535=CARTESIAN_POINT('Ctrl Pts',(0.376317950125762,-4.53,-0.639999999913639));
#2536=CARTESIAN_POINT('Ctrl Pts',(0.355,-4.41,-0.52));
#2537=CARTESIAN_POINT('Ctrl Pts',(0.355,-4.45,-0.56));
#2538=CARTESIAN_POINT('Ctrl Pts',(0.355,-4.49,-0.600000000000001));
#2539=CARTESIAN_POINT('Ctrl Pts',(0.355,-4.53,-0.640000000000001));
#2540=CARTESIAN_POINT('',(0.735000000000001,-4.53,-0.26));
#2541=CARTESIAN_POINT('',(0.355,-4.53,-0.64));
#2542=CARTESIAN_POINT('Ctrl Pts',(0.735000000000001,-4.53,-0.26));
#2543=CARTESIAN_POINT('Ctrl Pts',(0.734999999961418,-4.53,-0.26952380952381));
#2544=CARTESIAN_POINT('Ctrl Pts',(0.734540179612209,-4.53,-0.284511338285223));
#2545=CARTESIAN_POINT('Ctrl Pts',(0.732375341396613,-4.53,-0.303527057075575));
#2546=CARTESIAN_POINT('Ctrl Pts',(0.730210503181017,-4.53,-0.322542775865927));
#2547=CARTESIAN_POINT('Ctrl Pts',(0.726340647099035,-4.53,-0.345586684685218));
#2548=CARTESIAN_POINT('Ctrl Pts',(0.718527975623689,-4.53,-0.370914051509025));
#2549=CARTESIAN_POINT('Ctrl Pts',(0.702902632672998,-4.53,-0.421568785156641));
#2550=CARTESIAN_POINT('Ctrl Pts',(0.671506028148851,-4.53,-0.481357350822326));
#2551=CARTESIAN_POINT('Ctrl Pts',(0.623198413024901,-4.53,-0.529307285185099));
#2552=CARTESIAN_POINT('Ctrl Pts',(0.574890797900951,-4.53,-0.577257219547872));
#2553=CARTESIAN_POINT('Ctrl Pts',(0.509672172177197,-4.53,-0.613368522607734));
#2554=CARTESIAN_POINT('Ctrl Pts',(0.446291896030775,-4.53,-0.628906073301166));
#2555=CARTESIAN_POINT('Ctrl Pts',(0.438369361512472,-4.53,-0.630848267137845));
#2556=CARTESIAN_POINT('Ctrl Pts',(0.430475551206315,-4.53,-0.632468996093798));
#2557=CARTESIAN_POINT('Ctrl Pts',(0.422650432841568,-4.53,-0.633851343870262));
#2558=CARTESIAN_POINT('Ctrl Pts',(0.399175077747324,-4.53,-0.637998387199654));
#2559=CARTESIAN_POINT('Ctrl Pts',(0.376317950125762,-4.53,-0.639999999913639));
#2560=CARTESIAN_POINT('Ctrl Pts',(0.355,-4.53,-0.640000000000001));
#2561=CARTESIAN_POINT('',(0.615,-4.41,-0.26));
#2562=CARTESIAN_POINT('',(0.355,-4.41,-0.52));
#2563=CARTESIAN_POINT('Origin',(0.355,-4.41,-0.52));
#2564=CARTESIAN_POINT('',(-0.625,-4.53,-0.64));
#2565=CARTESIAN_POINT('',(-1.1875,-4.53,-0.64));
#2566=CARTESIAN_POINT('',(-0.625,-4.41,-0.52));
#2567=CARTESIAN_POINT('Ctrl Pts',(-0.625,-4.41,-0.52));
#2568=CARTESIAN_POINT('Ctrl Pts',(-0.625,-4.45,-0.56));
#2569=CARTESIAN_POINT('Ctrl Pts',(-0.625,-4.49,-0.600000000000001));
#2570=CARTESIAN_POINT('Ctrl Pts',(-0.625,-4.53,-0.640000000000001));
#2571=CARTESIAN_POINT('Ctrl Pts',(-0.66389590900139,-4.41,-0.519999999842428));
#2572=CARTESIAN_POINT('Ctrl Pts',(-0.669760921682387,-4.45,-0.560099883318994));
#2573=CARTESIAN_POINT('Ctrl Pts',(-0.675982854321035,-4.49,-0.599900116293137));
#2574=CARTESIAN_POINT('Ctrl Pts',(-0.681847867002032,-4.53,-0.639999999769703));
#2575=CARTESIAN_POINT('Ctrl Pts',(-0.754183709560826,-4.41,-0.500381207442125));
#2576=CARTESIAN_POINT('Ctrl Pts',(-0.775959627018101,-4.45,-0.537078823258569));
#2577=CARTESIAN_POINT('Ctrl Pts',(-0.797719575126489,-4.49,-0.573773873828971));
#2578=CARTESIAN_POINT('Ctrl Pts',(-0.819495492583763,-4.53,-0.610471489645416));
#2579=CARTESIAN_POINT('Ctrl Pts',(-0.839943066474319,-4.41,-0.417333685500127));
#2580=CARTESIAN_POINT('Ctrl Pts',(-0.875797986973242,-4.45,-0.437992069308642));
#2581=CARTESIAN_POINT('Ctrl Pts',(-0.911651509528804,-4.49,-0.458511858789706));
#2582=CARTESIAN_POINT('Ctrl Pts',(-0.947506430027727,-4.53,-0.479170242598221));
#2583=CARTESIAN_POINT('Ctrl Pts',(-0.881506756025593,-4.41,-0.325309327032125));
#2584=CARTESIAN_POINT('Ctrl Pts',(-0.921940486232591,-4.45,-0.330530845734462));
#2585=CARTESIAN_POINT('Ctrl Pts',(-0.962581084686415,-4.49,-0.335801517255013));
#2586=CARTESIAN_POINT('Ctrl Pts',(-1.00301481489341,-4.53,-0.34102303595735));
#2587=CARTESIAN_POINT('Ctrl Pts',(-0.884999999922836,-4.41,-0.279047619047619));
#2588=CARTESIAN_POINT('Ctrl Pts',(-0.92504161321985,-4.45,-0.27903333410723));
#2589=CARTESIAN_POINT('Ctrl Pts',(-0.964958386625823,-4.49,-0.279061903988008));
#2590=CARTESIAN_POINT('Ctrl Pts',(-1.00499999992284,-4.53,-0.279047619047619));
#2591=CARTESIAN_POINT('Ctrl Pts',(-0.885,-4.41,-0.26));
#2592=CARTESIAN_POINT('Ctrl Pts',(-0.925,-4.45,-0.26));
#2593=CARTESIAN_POINT('Ctrl Pts',(-0.965000000000001,-4.49,-0.26));
#2594=CARTESIAN_POINT('Ctrl Pts',(-1.005,-4.53,-0.26));
#2595=CARTESIAN_POINT('',(-1.005,-4.53,-0.26));
#2596=CARTESIAN_POINT('Ctrl Pts',(-0.625,-4.53,-0.64));
#2597=CARTESIAN_POINT('Ctrl Pts',(-0.681847867002032,-4.53,-0.639999999769703));
#2598=CARTESIAN_POINT('Ctrl Pts',(-0.750671679792897,-4.53,-0.625235744707559));
#2599=CARTESIAN_POINT('Ctrl Pts',(-0.810685773677123,-4.53,-0.591593367767049));
#2600=CARTESIAN_POINT('Ctrl Pts',(-0.870699867561348,-4.53,-0.557950990826538));
#2601=CARTESIAN_POINT('Ctrl Pts',(-0.921904242538934,-4.53,-0.50543049200766));
#2602=CARTESIAN_POINT('Ctrl Pts',(-0.953774603495645,-4.53,-0.451084403963802));
#2603=CARTESIAN_POINT('Ctrl Pts',(-0.969709783974001,-4.53,-0.423911359941872));
#2604=CARTESIAN_POINT('Ctrl Pts',(-0.980811460947138,-4.53,-0.396281918613698));
#2605=CARTESIAN_POINT('Ctrl Pts',(-0.98843315504361,-4.53,-0.370976133627167));
#2606=CARTESIAN_POINT('Ctrl Pts',(-1.00367654323655,-4.53,-0.320364563654106));
#2607=CARTESIAN_POINT('Ctrl Pts',(-1.00499999992284,-4.53,-0.279047619047619));
#2608=CARTESIAN_POINT('Ctrl Pts',(-1.005,-4.53,-0.26));
#2609=CARTESIAN_POINT('',(-0.885,-4.41,-0.26));
#2610=CARTESIAN_POINT('Origin',(-0.885,-4.41,-0.26));
#2611=CARTESIAN_POINT('',(-1.005,-4.53,-0.56));
#2612=CARTESIAN_POINT('Origin',(0.615,-4.41,-0.06));
#2613=CARTESIAN_POINT('',(0.735000000000001,-4.53,-0.46));
#2614=CARTESIAN_POINT('Origin',(-2.73,-4.53,-0.86));
#2615=CARTESIAN_POINT('',(-2.25,-4.53,-0.78));
#2616=CARTESIAN_POINT('',(-2.25,-4.53,-0.86));
#2617=CARTESIAN_POINT('',(2.25,-4.53,-0.78));
#2618=CARTESIAN_POINT('',(-1.365,-4.53,-0.78));
#2619=CARTESIAN_POINT('',(2.25,-4.53,-0.86));
#2620=CARTESIAN_POINT('Origin',(2.1,3.9,-0.78));
#2621=CARTESIAN_POINT('',(1.78,3.9,-0.86));
#2622=CARTESIAN_POINT('Origin',(2.1,3.9,-0.86));
#2623=CARTESIAN_POINT('',(1.94,3.9,-0.7));
#2624=CARTESIAN_POINT('',(1.86,3.9,-0.78));
#2625=CARTESIAN_POINT('Origin',(2.1,3.9,-0.7));
#2626=CARTESIAN_POINT('Origin',(0.,0.,-0.86));
#2627=CARTESIAN_POINT('',(-2.65,-4.05,-0.86));
#2628=CARTESIAN_POINT('',(-2.25,-4.45,-0.86));
#2629=CARTESIAN_POINT('Origin',(-2.25,-4.05,-0.86));
#2630=CARTESIAN_POINT('',(-2.65,4.05,-0.86));
#2631=CARTESIAN_POINT('',(-2.65,2.265,-0.86));
#2632=CARTESIAN_POINT('',(-2.25,4.45,-0.86));
#2633=CARTESIAN_POINT('Origin',(-2.25,4.05,-0.86));
#2634=CARTESIAN_POINT('',(2.25,4.45,-0.86));
#2635=CARTESIAN_POINT('',(1.365,4.45,-0.86));
#2636=CARTESIAN_POINT('',(2.65,4.05,-0.86));
#2637=CARTESIAN_POINT('Origin',(2.25,4.05,-0.86));
#2638=CARTESIAN_POINT('',(2.65,-4.05,-0.86));
#2639=CARTESIAN_POINT('',(2.65,-2.265,-0.86));
#2640=CARTESIAN_POINT('',(2.25,-4.45,-0.86));
#2641=CARTESIAN_POINT('Origin',(2.25,-4.05,-0.86));
#2642=CARTESIAN_POINT('',(-1.365,-4.45,-0.86));
#2643=CARTESIAN_POINT('',(-2.42,3.9,-0.86));
#2644=CARTESIAN_POINT('Origin',(-2.1,3.9,-0.86));
#2645=CARTESIAN_POINT('',(1.78,-3.9,-0.86));
#2646=CARTESIAN_POINT('Origin',(2.1,-3.9,-0.86));
#2647=CARTESIAN_POINT('',(-2.42,-3.9,-0.86));
#2648=CARTESIAN_POINT('Origin',(-2.1,-3.9,-0.86));
#2649=CARTESIAN_POINT('Origin',(2.1,3.9,-0.86));
#2650=CARTESIAN_POINT('',(1.94,3.9,0.));
#2651=CARTESIAN_POINT('',(1.94,3.9,-0.86));
#2652=CARTESIAN_POINT('Origin',(2.1,3.9,0.));
#2653=CARTESIAN_POINT('Origin',(-2.1,3.9,-0.78));
#2654=CARTESIAN_POINT('',(-2.26,3.9,-0.7));
#2655=CARTESIAN_POINT('',(-2.34,3.9,-0.78));
#2656=CARTESIAN_POINT('Origin',(-2.1,3.9,-0.7));
#2657=CARTESIAN_POINT('Origin',(-2.1,3.9,-0.86));
#2658=CARTESIAN_POINT('',(-2.26,3.9,0.));
#2659=CARTESIAN_POINT('',(-2.26,3.9,-0.86));
#2660=CARTESIAN_POINT('Origin',(-2.1,3.9,0.));
#2661=CARTESIAN_POINT('Origin',(-2.1,-3.9,-0.78));
#2662=CARTESIAN_POINT('',(-2.26,-3.9,-0.7));
#2663=CARTESIAN_POINT('',(-2.34,-3.9,-0.78));
#2664=CARTESIAN_POINT('Origin',(-2.1,-3.9,-0.7));
#2665=CARTESIAN_POINT('Origin',(-2.1,-3.9,-0.86));
#2666=CARTESIAN_POINT('',(-2.26,-3.9,0.));
#2667=CARTESIAN_POINT('',(-2.26,-3.9,-0.86));
#2668=CARTESIAN_POINT('Origin',(-2.1,-3.9,0.));
#2669=CARTESIAN_POINT('Origin',(2.1,-3.9,-0.78));
#2670=CARTESIAN_POINT('',(1.94,-3.9,-0.7));
#2671=CARTESIAN_POINT('',(1.86,-3.9,-0.78));
#2672=CARTESIAN_POINT('Origin',(2.1,-3.9,-0.7));
#2673=CARTESIAN_POINT('Origin',(2.1,-3.9,-0.86));
#2674=CARTESIAN_POINT('',(1.94,-3.9,0.));
#2675=CARTESIAN_POINT('',(1.94,-3.9,-0.86));
#2676=CARTESIAN_POINT('Origin',(2.1,-3.9,0.));
#2677=CARTESIAN_POINT('Origin',(-2.25,-4.05,-0.82));
#2678=CARTESIAN_POINT('',(-2.25,-4.45,-0.86));
#2679=CARTESIAN_POINT('',(-2.73,-4.05,-0.78));
#2680=CARTESIAN_POINT('Origin',(-2.25,-4.05,-0.78));
#2681=CARTESIAN_POINT('',(-2.73,-4.05,-0.78));
#2682=CARTESIAN_POINT('Origin',(-1.365,-4.49,-0.82));
#2683=CARTESIAN_POINT('',(2.25,-4.45,-0.86));
#2684=CARTESIAN_POINT('Origin',(2.25,-4.05,-0.82));
#2685=CARTESIAN_POINT('',(2.73,-4.05,-0.78));
#2686=CARTESIAN_POINT('',(2.65,-4.05,-0.86));
#2687=CARTESIAN_POINT('Origin',(2.25,-4.05,-0.78));
#2688=CARTESIAN_POINT('Origin',(2.69,-2.265,-0.82));
#2689=CARTESIAN_POINT('',(2.73,4.05,-0.78));
#2690=CARTESIAN_POINT('',(2.65,4.05,-0.86));
#2691=CARTESIAN_POINT('',(2.73,-2.265,-0.78));
#2692=CARTESIAN_POINT('Origin',(2.25,4.05,-0.82));
#2693=CARTESIAN_POINT('',(2.25,4.53,-0.78));
#2694=CARTESIAN_POINT('',(2.25,4.45,-0.86));
#2695=CARTESIAN_POINT('Origin',(2.25,4.05,-0.78));
#2696=CARTESIAN_POINT('Origin',(1.365,4.49,-0.82));
#2697=CARTESIAN_POINT('',(-2.25,4.53,-0.78));
#2698=CARTESIAN_POINT('',(-2.25,4.45,-0.86));
#2699=CARTESIAN_POINT('',(1.365,4.53,-0.78));
#2700=CARTESIAN_POINT('Origin',(-2.25,4.05,-0.82));
#2701=CARTESIAN_POINT('',(-2.73,4.05,-0.78));
#2702=CARTESIAN_POINT('',(-2.65,4.05,-0.86));
#2703=CARTESIAN_POINT('Origin',(-2.25,4.05,-0.78));
#2704=CARTESIAN_POINT('Origin',(-2.69,2.265,-0.82));
#2705=CARTESIAN_POINT('',(-2.73,2.265,-0.78));
#2706=CARTESIAN_POINT('Origin',(2.73,4.53,-0.86));
#2707=CARTESIAN_POINT('',(-2.25,4.53,-0.86));
#2708=CARTESIAN_POINT('',(2.25,4.53,-0.86));
#2709=CARTESIAN_POINT('Origin',(-2.25,4.05,-0.86));
#2710=CARTESIAN_POINT('',(-2.73,4.05,-0.86));
#2711=CARTESIAN_POINT('Origin',(-2.73,4.53,-0.86));
#2712=CARTESIAN_POINT('',(-2.73,-4.05,-0.86));
#2713=CARTESIAN_POINT('Origin',(-2.25,-4.05,-0.86));
#2714=CARTESIAN_POINT('Origin',(-2.25,-4.05,0.25));
#2715=CARTESIAN_POINT('',(-2.62,-4.05,0.25));
#2716=CARTESIAN_POINT('Origin',(2.25,-4.05,0.25));
#2717=CARTESIAN_POINT('',(2.62,-4.05,0.25));
#2718=CARTESIAN_POINT('Origin',(2.25,4.05,0.25));
#2719=CARTESIAN_POINT('',(2.62,4.05,0.25));
#2720=CARTESIAN_POINT('',(2.25,4.42,0.25));
#2721=CARTESIAN_POINT('Origin',(2.62,4.42,0.25));
#2722=CARTESIAN_POINT('',(-2.25,4.42,0.25));
#2723=CARTESIAN_POINT('Origin',(-2.25,4.05,0.25));
#2724=CARTESIAN_POINT('',(-2.62,4.05,0.25));
#2725=CARTESIAN_POINT('Origin',(-2.62,4.42,0.25));
#2726=CARTESIAN_POINT('Origin',(2.25,4.05,-0.66));
#2727=CARTESIAN_POINT('',(2.53,4.05,-0.66));
#2728=CARTESIAN_POINT('',(2.25,4.33,-0.66));
#2729=CARTESIAN_POINT('Origin',(2.25,4.05,-0.66));
#2730=CARTESIAN_POINT('',(2.53,4.05,-0.66));
#2731=CARTESIAN_POINT('',(2.25,4.33,-0.66));
#2732=CARTESIAN_POINT('Origin',(0.,0.,-0.66));
#2733=CARTESIAN_POINT('',(-2.25,4.33,-0.66));
#2734=CARTESIAN_POINT('',(2.53,4.33,-0.66));
#2735=CARTESIAN_POINT('',(-2.53,4.05,-0.66));
#2736=CARTESIAN_POINT('Origin',(-2.25,4.05,-0.66));
#2737=CARTESIAN_POINT('',(-2.53,-4.05,-0.66));
#2738=CARTESIAN_POINT('',(-2.53,4.33,-0.66));
#2739=CARTESIAN_POINT('Origin',(-2.25,-4.05,-0.66));
#2740=CARTESIAN_POINT('',(2.53,-4.05,-0.66));
#2741=CARTESIAN_POINT('Origin',(2.25,-4.05,-0.66));
#2742=CARTESIAN_POINT('',(2.53,-4.33,-0.66));
#2743=CARTESIAN_POINT('',(1.8,-3.9,-0.66));
#2744=CARTESIAN_POINT('Origin',(2.1,-3.9,-0.66));
#2745=CARTESIAN_POINT('',(-2.4,-3.9,-0.66));
#2746=CARTESIAN_POINT('Origin',(-2.1,-3.9,-0.66));
#2747=CARTESIAN_POINT('',(-2.4,3.9,-0.66));
#2748=CARTESIAN_POINT('Origin',(-2.1,3.9,-0.66));
#2749=CARTESIAN_POINT('',(1.8,3.9,-0.66));
#2750=CARTESIAN_POINT('Origin',(2.1,3.9,-0.66));
#2751=CARTESIAN_POINT('Origin',(2.53,4.33,-0.66));
#2752=CARTESIAN_POINT('',(-2.25,4.33,-0.66));
#2753=CARTESIAN_POINT('Origin',(-2.25,4.05,-0.66));
#2754=CARTESIAN_POINT('',(-2.53,4.05,-0.66));
#2755=CARTESIAN_POINT('Origin',(-2.25,-4.05,-0.66));
#2756=CARTESIAN_POINT('',(-2.53,-4.05,-0.66));
#2757=CARTESIAN_POINT('Origin',(2.25,-4.05,-0.66));
#2758=CARTESIAN_POINT('',(2.53,-4.05,-0.66));
#2759=CARTESIAN_POINT('Origin',(2.53,-4.33,-0.66));
#2760=CARTESIAN_POINT('Origin',(2.62,-4.42,0.25));
#2761=CARTESIAN_POINT('Origin',(2.1,-3.9,-0.66));
#2762=CARTESIAN_POINT('',(1.8,-3.9,0.));
#2763=CARTESIAN_POINT('Origin',(2.1,-3.9,0.));
#2764=CARTESIAN_POINT('',(1.8,-3.9,-0.66));
#2765=CARTESIAN_POINT('Origin',(2.1,-3.9,0.));
#2766=CARTESIAN_POINT('Origin',(-2.1,-3.9,-0.66));
#2767=CARTESIAN_POINT('',(-2.4,-3.9,0.));
#2768=CARTESIAN_POINT('Origin',(-2.1,-3.9,0.));
#2769=CARTESIAN_POINT('',(-2.4,-3.9,-0.66));
#2770=CARTESIAN_POINT('Origin',(-2.1,-3.9,0.));
#2771=CARTESIAN_POINT('Origin',(-2.1,3.9,-0.66));
#2772=CARTESIAN_POINT('',(-2.4,3.9,0.));
#2773=CARTESIAN_POINT('Origin',(-2.1,3.9,0.));
#2774=CARTESIAN_POINT('',(-2.4,3.9,-0.66));
#2775=CARTESIAN_POINT('Origin',(-2.1,3.9,0.));
#2776=CARTESIAN_POINT('Origin',(2.1,3.9,-0.66));
#2777=CARTESIAN_POINT('',(1.8,3.9,0.));
#2778=CARTESIAN_POINT('Origin',(2.1,3.9,0.));
#2779=CARTESIAN_POINT('',(1.8,3.9,-0.66));
#2780=CARTESIAN_POINT('Origin',(2.1,3.9,0.));
#2781=CARTESIAN_POINT('Origin',(-2.53,4.33,-0.66));
#2782=CARTESIAN_POINT('Origin',(2.25,-4.05,-0.86));
#2783=CARTESIAN_POINT('',(2.73,-4.05,-0.86));
#2784=CARTESIAN_POINT('Origin',(2.73,-4.53,-0.86));
#2785=CARTESIAN_POINT('',(2.73,4.05,-0.86));
#2786=CARTESIAN_POINT('Origin',(2.25,4.05,-0.86));
#2787=UNCERTAINTY_MEASURE_WITH_UNIT(LENGTH_MEASURE(0.001),#2791,
'DISTANCE_ACCURACY_VALUE',
'Maximum model space distance between geometric entities at asserted c
onnectivities');
#2788=UNCERTAINTY_MEASURE_WITH_UNIT(LENGTH_MEASURE(0.001),#2791,
'DISTANCE_ACCURACY_VALUE',
'Maximum model space distance between geometric entities at asserted c
onnectivities');
#2789=(
GEOMETRIC_REPRESENTATION_CONTEXT(3)
GLOBAL_UNCERTAINTY_ASSIGNED_CONTEXT((#2787))
GLOBAL_UNIT_ASSIGNED_CONTEXT((#2791,#2793,#2794))
REPRESENTATION_CONTEXT('','3D')
);
#2790=(
GEOMETRIC_REPRESENTATION_CONTEXT(3)
GLOBAL_UNCERTAINTY_ASSIGNED_CONTEXT((#2788))
GLOBAL_UNIT_ASSIGNED_CONTEXT((#2791,#2793,#2794))
REPRESENTATION_CONTEXT('','3D')
);
#2791=(
LENGTH_UNIT()
NAMED_UNIT(*)
SI_UNIT(.CENTI.,.METRE.)
);
#2792=(
LENGTH_UNIT()
NAMED_UNIT(*)
SI_UNIT($,.METRE.)
);
#2793=(
NAMED_UNIT(*)
PLANE_ANGLE_UNIT()
SI_UNIT($,.RADIAN.)
);
#2794=(
NAMED_UNIT(*)
SI_UNIT($,.STERADIAN.)
SOLID_ANGLE_UNIT()
);
#2795=SHAPE_DEFINITION_REPRESENTATION(#2796,#2797);
#2796=PRODUCT_DEFINITION_SHAPE('',$,#2799);
#2797=SHAPE_REPRESENTATION('',(#1607),#2789);
#2798=PRODUCT_DEFINITION_CONTEXT('part definition',#2803,'design');
#2799=PRODUCT_DEFINITION('2026-09-15-19-40-41-593','Base',#2800,#2798);
#2800=PRODUCT_DEFINITION_FORMATION('',$,#2805);
#2801=PRODUCT_RELATED_PRODUCT_CATEGORY('Base','Base',(#2805));
#2802=APPLICATION_PROTOCOL_DEFINITION('international standard',
'automotive_design',2009,#2803);
#2803=APPLICATION_CONTEXT(
'Core Data for Automotive Mechanical Design Process');
#2804=PRODUCT_CONTEXT('part definition',#2803,'mechanical');
#2805=PRODUCT('2026-09-15-19-40-41-593','Base',$,(#2804));
#2806=PRESENTATION_STYLE_ASSIGNMENT((#2807));
#2807=SURFACE_STYLE_USAGE(.BOTH.,#2808);
#2808=SURFACE_SIDE_STYLE('',(#2809));
#2809=SURFACE_STYLE_FILL_AREA(#2810);
#2810=FILL_AREA_STYLE('Steel - Satin',(#2811));
#2811=FILL_AREA_STYLE_COLOUR('Steel - Satin',#2812);
#2812=COLOUR_RGB('Steel - Satin',0.627450980392157,0.627450980392157,0.627450980392157);
ENDSEC;
END-ISO-10303-21;
